cycle_id,hours_elapsed,RUL,sim_rms_y,sim_rms_norm,sim_crest_factor,sim_kurtosis,damage_fraction
0,0.0,756.0,2.730437383456085,1.8202915889707232,1.6176071106451793,3.0,0.002927274814502323
0,6.0,750.0,2.6676399959695773,1.7784266639797182,1.5676698201948513,3.0,0.006559969545009781
0,12.0,744.0,2.670698185662148,1.7804654571080987,1.5491785809820473,3.0,0.01037752592695635
0,18.0,738.0,2.8102683130213117,1.8735122086808744,1.6970512191348317,4.171032510680413,0.016597873889045246
0,24.0,732.0,3.0848662996743634,2.056577533116242,2.6109322136977924,4.389448808842443,0.02298911431784734
0,30.0,726.0,2.637144072412076,1.7580960482747174,2.174321439266461,4.3494788050849715,0.026888205230213687
0,36.0,720.0,2.6470880114648354,1.7647253409765569,1.9561932238447988,5.4543807122741645,0.031121080365013126
0,42.0,714.0,2.835116822763716,1.8900778818424773,2.2204398388840594,5.125661307632654,0.034221281399907405
0,48.0,708.0,2.6963845078591913,1.7975896719061275,2.045848022367759,4.237963051075667,0.03887157346674183
0,54.0,702.0,2.66607002504031,1.77738001669354,2.69818373288705,5.0237787914412815,0.04415023125897812
0,60.0,696.0,2.8639928247323407,1.9093285498215604,2.5908991275433766,4.922023266337581,0.047002003615284955
0,66.0,690.0,3.0248155326467274,2.0165436884311516,2.166285413172115,5.4331685193789685,0.051098983794292716
0,72.0,684.0,2.813498639790446,1.8756657598602973,2.5813390465041985,4.788412016492878,0.05622612033702064
0,78.0,678.0,2.763675746697486,1.842450497798324,2.211835553815529,5.843763375909095,0.060817031117206835
0,84.0,672.0,2.9068405920834652,1.9378937280556434,2.6440546441654513,6.040448241472846,0.06746377190525964
0,90.0,666.0,2.6626443654579757,1.7750962436386504,2.5099944328804407,7.036767922389948,0.07209020991923867
0,96.0,660.0,2.4763378998954355,1.6508919332636236,2.9286384310285296,6.109348932179981,0.07549203536918156
0,102.0,654.0,2.8056062572617124,1.8704041715078084,3.1840817796016836,6.313305952466916,0.07973577419153512
0,108.0,648.0,3.0264713161653165,2.017647544110211,2.798130317370379,7.566698443272006,0.08329118055124492
0,114.0,642.0,2.9347455553433033,1.9564970368955354,2.691005247122669,6.842316605358261,0.08636709303955124
0,120.0,636.0,2.7712336228652865,1.847489081910191,3.0893620321373096,5.981935111056551,0.08912741933462602
0,126.0,630.0,2.848891371834994,1.8992609145566626,2.999230676460645,7.320210403685726,0.09475742871978901
0,132.0,624.0,2.8796476308860446,1.919765087257363,2.703299354072157,7.224414171885442,0.09914804671558063
0,138.0,618.0,2.9151893728746643,1.9434595819164429,2.92093056640361,7.012817695584086,0.10453599133657308
0,144.0,612.0,2.760908837606413,1.8406058917376085,2.8500567023308347,5.721698089352933,0.11185833603672989
0,150.0,606.0,2.736933266483904,1.824622177655936,3.087005494775512,7.356888626371528,0.11703664472353342
0,156.0,600.0,2.720953475434236,1.813968983622824,3.0838066344102915,7.65087217880424,0.12304948805814864
0,162.0,594.0,2.998106013805475,1.9987373425369832,2.918982701435941,6.65344596017005,0.12909636820818157
0,168.0,588.0,2.840538330252842,1.8936922201685613,3.09475557434359,7.733309310789337,0.13433047922725425
0,174.0,582.0,3.006258249546096,2.004172166364064,2.9491283051112327,7.072766511773629,0.13889617309290364
0,180.0,576.0,2.95681607240687,1.9712107149379134,3.164815980571445,7.617992154375647,0.14226722479609022
0,186.0,570.0,2.914660408495707,1.943106938997138,3.3271134298963894,7.731032527594944,0.14844952517984214
0,192.0,564.0,2.957154045885959,1.9714360305906393,3.528037774533213,6.658739434702378,0.15368752940355304
0,198.0,558.0,2.8898299140185775,1.926553276012385,3.4181773289576696,7.429736051286727,0.15778050617237957
0,204.0,552.0,3.028961218164327,2.0193074787762177,3.325557634488348,7.239604497679969,0.1637565930268467
0,210.0,546.0,2.877321555336855,1.91821437022457,3.152432695443623,7.011262734323651,0.16736793866544789
0,216.0,540.0,2.8710948312414004,1.9140632208276003,2.9639339335334687,6.865999206981239,0.17169194255529352
0,222.0,534.0,2.741398454250421,1.8275989695002808,3.0514307709219337,7.412588027920652,0.17541916914463143
0,228.0,528.0,2.796155929519318,1.8641039530128787,3.347527297758045,7.892299088512068,0.18043219153112983
0,234.0,522.0,3.016541514238524,2.011027676159016,2.993977528002576,7.047065605773424,0.18412745330641517
0,240.0,516.0,2.90047186567266,1.9336479104484399,3.231668004080146,8.20259752752268,0.19011799421074557
0,246.0,510.0,3.0631523332361326,2.042101555490755,3.1859483664876285,7.500427920892292,0.1942616468339025
0,252.0,504.0,2.9643908961491086,1.976260597432739,3.2715652670107995,7.427251142849573,0.19827934109049766
0,258.0,498.0,3.000699262339868,2.0004661748932455,3.374269242888691,8.253706406307733,0.20334601695810237
0,264.0,492.0,3.0794326364233147,2.0529550909488763,3.480413876524538,7.68827298562268,0.2079724586298282
0,270.0,486.0,2.840757550034071,1.8938383666893808,3.4221412209800057,6.485192671420664,0.2129569264376983
0,276.0,480.0,2.9063112580748798,1.9375408387165864,3.1396501802629833,7.441109499359705,0.21705609239829807
0,282.0,474.0,2.818615468541416,1.8790769790276107,3.2028898999363173,7.538758820997786,0.22155820685911004
0,288.0,468.0,3.0816829243342028,2.0544552828894687,3.34721374697756,7.154774257266293,0.2239304409720981
0,294.0,462.0,2.9541596329744464,1.9694397553162977,3.2519902388756554,7.608591466504017,0.229746669255017
0,300.0,456.0,3.115246175217476,2.0768307834783175,3.298367921033815,7.898506172380712,0.23385404752954986
0,306.0,450.0,3.078617326801064,2.0524115512007093,3.2424394550366324,6.521980511011511,0.24074167719094097
0,312.0,444.0,3.1047898776035345,2.0698599184023565,3.284928370053837,7.698185975418246,0.24738190253329873
0,318.0,438.0,2.9075951337844614,1.9383967558563076,3.217092311976962,7.376673957984963,0.25167630506001537
0,324.0,432.0,2.953312019892693,1.9688746799284622,3.379790691557032,7.382623669695681,0.25565146417347007
0,330.0,426.0,3.135823017542573,2.0905486783617153,3.1079258260756637,7.7065128135084,0.26160896755243335
0,336.0,420.0,3.307918649018699,2.2052790993457996,3.43719395116284,7.696012359022256,0.26761729594492345
0,342.0,414.0,3.3137524205944056,2.2091682803962702,3.451782884089943,6.8126912452426005,0.2736520247526205
0,348.0,408.0,3.238940293192314,2.159293528794876,3.1140805071777007,7.451383883870432,0.27992359098110814
0,354.0,402.0,3.1450580676389075,2.096705378425938,3.39658065164345,6.43175744613258,0.2851066471171565
0,360.0,396.0,3.3414831275628463,2.227655418375231,3.1687029951074535,7.581471707151694,0.29176052613226394
0,366.0,390.0,3.1367672845824073,2.091178189721605,3.0866084714525677,7.084438813542768,0.2973281782953108
0,372.0,384.0,3.19351854220764,2.12901236147176,3.007683470356658,6.551954373674791,0.3060156722866012
0,378.0,378.0,3.2416473700738977,2.1610982467159316,3.450169440856207,7.575669650390152,0.31139568285735875
0,384.0,372.0,3.211807191038817,2.141204794025878,3.5517342206387825,6.843580186257611,0.31595948282270514
0,390.0,366.0,3.2965520505542836,2.197701367036189,2.9671182827314553,7.051006905539055,0.32191417104385084
0,396.0,360.0,3.0956358648731848,2.06375724324879,3.382417453751783,7.404748867285418,0.3268362070210434
0,402.0,354.0,3.1013634493232582,2.067575632882172,3.3114591348474884,7.46890479953824,0.3324401943840711
0,408.0,348.0,3.2343298837862204,2.156219922524147,2.7745758423760147,6.798464923735755,0.3384337983039827
0,414.0,342.0,3.0725390080024026,2.0483593386682686,3.343845144385624,7.289612891447994,0.3410925073996278
0,420.0,336.0,3.2254419181375606,2.1502946120917072,2.851656571510878,7.29484657761653,0.34690610449777237
0,426.0,330.0,3.443683246528266,2.295788831018844,3.0180923024240425,5.537771064862409,0.35420714760853655
0,432.0,324.0,3.3404850482415656,2.226990032161044,3.4896353033697594,6.95429202906871,0.35862005867920904
0,438.0,318.0,3.381378819932891,2.2542525466219274,2.8585894161364283,6.479902033577548,0.3649275957301622
0,444.0,312.0,3.2878493043134704,2.19189953620898,2.729051472797865,7.533639165043238,0.3718679690159788
0,450.0,306.0,3.2847764143821654,2.1898509429214434,3.1481345632790236,6.163397641592034,0.37934130228754437
0,456.0,300.0,3.212118998354566,2.1414126655697108,3.0320881694402404,6.641343557728887,0.38408788228387
0,462.0,294.0,3.4702434861243607,2.3134956574162406,3.415491763233329,5.4928095885075425,0.38970734090402415
0,468.0,288.0,3.400669577467595,2.267113051645063,2.9766568437576097,6.1227344258346745,0.39461944933269955
0,474.0,282.0,3.4142379427470595,2.2761586284980395,2.8599849826231805,6.218928998265512,0.4010320775699106
0,480.0,276.0,3.423983058592089,2.2826553723947263,2.7016825853622706,6.132428030299385,0.40930694504410214
0,486.0,270.0,3.298115563418032,2.1987437089453548,2.7413407261405314,5.588249105621691,0.4121999999999043
0,492.0,264.0,3.4629032282615926,2.308602152174395,2.9709612003043224,6.073412824466958,0.4178618856303801
0,498.0,258.0,3.489959645802112,2.3266397638680747,2.925800824698525,5.524270058199252,0.42539560932592146
0,504.0,252.0,3.586090056151442,2.3907267041009614,2.5113527677868914,5.876773135431297,0.4345916592377919
0,510.0,246.0,3.4484764046597016,2.2989842697731344,2.820247488403508,6.697234191999255,0.4414832431263017
0,516.0,240.0,3.4114624044219726,2.2743082696146484,2.821785328415643,6.172594333669374,0.4483419502463779
0,522.0,234.0,3.46084025309,2.3072268353933336,2.295381720634138,6.254943906339598,0.4526041218392155
0,528.0,228.0,3.3494004889397875,2.2329336592931917,2.3877039957378274,5.766461636011067,0.4603622758560072
0,534.0,222.0,3.4309870584264575,2.2873247056176385,2.394315403688442,5.630778135239409,0.46341796550939274
0,540.0,216.0,3.3808412208517313,2.2538941472344876,2.592353605976079,5.610641053125025,0.46826630254840457
0,546.0,210.0,3.545838736034499,2.363892490689666,2.595131290648155,5.522308654477972,0.47633530302466265
0,552.0,204.0,3.503664418885202,2.3357762792568013,2.575641261319148,4.819219771836248,0.48437982889886494
0,558.0,198.0,3.579360575483696,2.3862403836557973,2.7021223699530332,5.5239789390393,0.4918719661312809
0,564.0,192.0,3.5627243101859434,2.3751495401239624,2.337164261887251,4.829872963214985,0.5002098482878357
0,570.0,186.0,3.615627658768411,2.4104184391789407,2.551182516786036,6.418354396238488,0.5077183827569364
0,576.0,180.0,3.5533448502121505,2.3688965668081003,2.448088903397074,5.759170446668348,0.5143783267302351
0,582.0,174.0,3.617382011130524,2.4115880074203493,2.5325603219325803,4.758013463198979,0.5257401086183893
0,588.0,168.0,3.540735550193247,2.360490366795498,2.4252486888306177,5.536539545093122,0.5363205405161178
0,594.0,162.0,3.7933444942640375,2.5288963295093585,2.100174080849185,5.452190616623869,0.54541617118194
0,600.0,156.0,3.7210055771585573,2.4806703847723717,2.36146881556945,4.252216493913505,0.5554555960092492
0,606.0,150.0,3.566514613718193,2.377676409145462,2.232060151164646,4.482792578223194,0.5636185124508624
0,612.0,144.0,3.7298895236424396,2.4865930157616263,2.304730962389511,5.4363476989061015,0.572962007088319
0,618.0,138.0,3.673487482113123,2.448991654742082,2.453000492945928,4.542738397502436,0.5838635175777903
0,624.0,132.0,3.6718223875568694,2.4478815917045798,2.424291190316216,4.824116064983501,0.5926847056784789
0,630.0,126.0,3.794273875044186,2.529515916696124,2.277366411377123,4.879466325824926,0.5976085888502373
0,636.0,120.0,3.935462880869449,2.6236419205796326,1.906392734553009,4.666827346737489,0.6057446118853829
0,642.0,114.0,3.998413428738476,2.665608952492317,2.290302396317017,5.226702882788905,0.6166277617277133
0,648.0,108.0,3.84668686967246,2.5644579131149734,2.1282479611635297,4.878785709373182,0.6248514010823748
0,654.0,102.0,3.856422244532202,2.570948163021468,2.179917010090706,4.702255245603256,0.6300905452635367
0,660.0,96.0,3.8699758757862117,2.5799839171908077,2.0941080591675103,4.367684490618906,0.6418748049195269
0,666.0,90.0,3.94457585274454,2.6297172351630267,1.9091495640699248,4.603043631417769,0.653860461255428
0,672.0,84.0,3.9739556945400785,2.6493037963600523,2.036211630245705,4.497891812831742,0.666812414869184
0,678.0,78.0,3.9974372611344395,2.664958174089626,1.838361349325167,4.463426197968966,0.6732783945240146
0,684.0,72.0,4.074794637147139,2.7165297580980927,2.044151763327336,4.706871646616352,0.6826953019108671
0,690.0,66.0,3.7856561289801536,2.523770752653436,1.7901642657061858,4.476265343556113,0.6901752134065788
0,696.0,60.0,4.073092559824388,2.715395039882925,2.1098759909244618,4.826470646247577,0.7018717290137204
0,702.0,54.0,3.9850521456541217,2.656701430436081,2.0596940888669133,4.580722839650182,0.7092386167428075
0,708.0,48.0,4.074976038041709,2.7166506920278057,2.321086208781264,3.863675343892681,0.717971046047717
0,714.0,42.0,3.924745778191999,2.616497185461333,2.022271363357934,4.935978603418299,0.7295711703235351
0,720.0,36.0,4.220502702467767,2.8136684683118447,1.9347596199327022,4.489759360038036,0.7427059131661569
0,726.0,30.0,4.16431204420106,2.7762080294673734,1.7351406453219451,4.006988883901634,0.752155671891926
0,732.0,24.0,4.213370328489763,2.8089135523265085,1.8767475067739685,3.847330648882993,0.7603453409981803
0,738.0,18.0,4.017084683930618,2.678056455953745,1.7911298922096603,3.920816204986817,0.7702516048403112
0,744.0,12.0,4.263636353774354,2.842424235849569,1.7878062379169963,3.7443099110843003,0.7822878113027281
0,750.0,6.0,4.438256426632144,2.9588376177547624,1.9423183927105572,3.501115969089032,0.7960586505136374
0,756.0,0.0,4.312382989098594,2.874921992732396,2.0733667933956728,4.799416098000444,0.8037996306821197
1,0.0,816.0,3.048757805634452,2.0325052037563016,1.849984208604902,3.9098574982788783,0.004240315407926505
1,6.0,810.0,2.9914256742627083,1.9942837828418056,1.7829833871786738,3.912228023675169,0.0073192489746344395
1,12.0,804.0,2.839546351913564,1.8930309012757094,1.5496409018544632,4.089589810895632,0.01037675592788111
1,18.0,798.0,2.748392746744464,1.832261831162976,1.6053951812240062,3.3805649969243095,0.014731703421677674
1,24.0,792.0,2.795141117845594,1.8634274118970626,2.4742351461389713,3.7025540538069146,0.01822732260666
1,30.0,786.0,2.805076005278039,1.8700506701853594,1.9215031036669599,3.8554257086873487,0.022578729344908163
1,36.0,780.0,2.8667581887252642,1.9111721258168428,2.3298670715695753,5.303112568648898,0.026972649544739286
1,42.0,774.0,2.752480471233673,1.8349869808224486,2.6305337019981745,4.749650347444085,0.03121038287594011
1,48.0,768.0,2.766170694212358,1.8441137961415721,2.453507298178717,5.317816354767072,0.03500255071801581
1,54.0,762.0,2.7935748037231387,1.8623832024820925,2.662055807602518,5.122331295850272,0.038630190242059666
1,60.0,756.0,2.748479514188072,1.8323196761253813,1.9746646654497575,5.765921824943888,0.04383912230456768
1,66.0,750.0,2.7815947631123783,1.8543965087415855,2.6284631372928895,4.526642780013235,0.04664644720706059
1,72.0,744.0,2.8223058441235866,1.8815372294157244,2.7336913187937073,5.21071031464942,0.05258426454190414
1,78.0,738.0,2.861314686710696,1.9075431244737973,2.5962517378454817,5.494161022708315,0.05732694110345
1,84.0,732.0,2.5621211493003204,1.7080807662002135,2.398989890324976,5.581553744367756,0.06138730901876325
1,90.0,726.0,2.869474875890012,1.9129832505933413,2.8273700977494225,4.884218414226194,0.06512507934074395
1,96.0,720.0,2.7130398951798695,1.8086932634532464,2.7964656740147675,6.309374062773505,0.0697371497886322
1,102.0,714.0,2.808874642669486,1.8725830951129907,2.629882702517765,6.620275539910011,0.07605720396164176
1,108.0,708.0,2.9789531543593806,1.9859687695729205,2.6634622740300866,6.042136949988331,0.08042620944920326
1,114.0,702.0,2.8501433749536313,1.900095583302421,2.920097382513256,6.389442800621526,0.08398440350130158
1,120.0,696.0,2.6786650937060656,1.7857767291373772,3.0373619725111283,5.0370506954514696,0.08719756366196581
1,126.0,690.0,3.010081935947864,2.0067212906319094,2.9108059007600873,5.839120817513529,0.09175649024004466
1,132.0,684.0,2.8649757328175296,1.9099838218783531,3.399006734138758,6.492881074292589,0.09652243574828549
1,138.0,678.0,2.623190869667715,1.74879391311181,3.0658102941736196,6.582600282204811,0.10096425210747048
1,144.0,672.0,2.82865429487693,1.8857695299179535,3.1200918953943444,7.03461253372118,0.10595070553319484
1,150.0,666.0,2.905044500762123,1.9366963338414154,3.1945902525209835,6.864424040187515,0.1104221164059983
1,156.0,660.0,2.7398015101808744,1.826534340120583,3.544718552715315,7.268012151689252,0.11619191804446115
1,162.0,654.0,2.957261443998095,1.9715076293320635,2.9821924773980686,6.544953692486493,0.1215295485992035
1,168.0,648.0,2.991268081070214,1.994178720713476,3.234978353164253,6.298181147286998,0.12406093006428551
1,174.0,642.0,2.9525750059739875,1.9683833373159916,3.156895982576503,7.645672742963536,0.13022409321071807
1,180.0,636.0,2.869716995764918,1.9131446638432787,3.1604919892080208,6.250028703708495,0.13546984987945682
1,186.0,630.0,3.0107496973860046,2.007166464924003,2.5974639602512473,7.658801067482071,0.14175658746969952
1,192.0,624.0,2.729772506724934,1.8198483378166228,3.384497886504035,6.727734927857121,0.14656950219061657
1,198.0,618.0,2.866108442745433,1.9107389618302886,3.1976513560934245,7.161806378426767,0.15054275803294825
1,204.0,612.0,2.817248141474576,1.8781654276497173,3.605614527458858,7.165850649528497,0.15367839165179592
1,210.0,606.0,2.6247499892670443,1.7498333261780294,3.2277154136148605,6.881137404281142,0.1580439354234611
1,216.0,600.0,2.8572714919613205,1.904847661307547,3.043554293749152,7.007563530376298,0.16159940439122927
1,222.0,594.0,2.74548571790323,1.8303238119354868,3.3685131643889408,8.095610227836195,0.1654271921271916
1,228.0,588.0,3.0850713655258817,2.056714243683921,3.408759974332814,8.286326353194296,0.1729153347910552
1,234.0,582.0,2.949595628484928,1.9663970856566186,3.4464431550383945,6.8789293635383055,0.18000381775605323
1,240.0,576.0,3.189319537277514,2.1262130248516757,3.519564194049674,8.241065468162395,0.18455555276162391
1,246.0,570.0,2.911447779340088,1.9409651862267252,3.531328839037188,7.9367883472800695,0.1876226924437376
1,252.0,564.0,2.910021406315955,1.9400142708773034,3.694591017658958,7.904804755572988,0.19078929412806184
1,258.0,558.0,2.8728496714766347,1.9152331143177566,3.463539701888422,7.700853615780381,0.19533525736197327
1,264.0,552.0,2.9250779427414173,1.9500519618276115,3.1486465935593797,7.180348200067601,0.1975288589488381
1,270.0,546.0,2.9568433239467313,1.9712288826311541,3.454754764814783,7.947005399935431,0.20251022706725882
1,276.0,540.0,3.199826310308827,2.1332175402058846,3.096286216306111,7.773093474079456,0.20619973719864657
1,282.0,534.0,3.0752491294242703,2.050166086282847,3.7224139601433794,7.878215076403771,0.21235593850556694
1,288.0,528.0,3.2429926561308107,2.161995104087207,2.9976289852220392,7.721061046693255,0.21609939294042338
1,294.0,522.0,2.9287602332262868,1.952506822150858,3.1895597997543277,7.369944445369924,0.22152541608034618
1,300.0,516.0,2.990199107231802,1.993466071487868,2.963808183409888,7.559838037485889,0.2261569929493702
1,306.0,510.0,3.022045613143202,2.0146970754288014,3.402858532953892,7.5078236536702265,0.23201456241364313
1,312.0,504.0,2.9180776321389867,1.9453850880926578,3.6799541970184677,7.053489527245123,0.23359493163872488
1,318.0,498.0,2.8571254452396553,1.904750296826437,3.453940451773809,7.468982503636374,0.23703995894902422
1,324.0,492.0,3.037533656124265,2.0250224374161765,3.096350248873844,7.747166454162395,0.24179458261430492
1,330.0,486.0,3.2432680098630615,2.162178673242041,3.2543445728603424,7.524364275168762,0.24983287952730923
1,336.0,480.0,2.972235312563131,1.9814902083754207,3.260314590623953,7.442092835060906,0.2531174007539691
1,342.0,474.0,3.155230134630428,2.1034867564202853,3.5101848338194706,6.957225606570789,0.2577736860554825
1,348.0,468.0,3.124923775750912,2.0832825171672744,3.2124567194323546,7.006131012751401,0.26335688948387975
1,354.0,462.0,3.259839907453132,2.1732266049687547,3.389828735575414,7.143254211619265,0.2693787872116461
1,360.0,456.0,3.0467367451703815,2.0311578301135875,3.422798206477163,6.675132463499958,0.27327568570919314
1,366.0,450.0,3.06279114626531,2.041860764176873,3.2464449716172656,7.082909074749594,0.2779408983325936
1,372.0,444.0,3.121216686073678,2.0808111240491187,3.352956936025954,7.596873055000175,0.2849930121800338
1,378.0,438.0,2.9563395573011544,1.9708930382007697,3.0497102844581323,6.567310867225039,0.2901188229055481
1,384.0,432.0,3.2039587236405853,2.1359724824270567,3.085176133669743,6.950648017442023,0.2961210795893521
1,390.0,426.0,3.344559476939,2.2297063179593333,2.843680502355656,6.2767320248507374,0.30606896269372535
1,396.0,420.0,3.323672286195887,2.2157815241305916,3.1997574545474787,6.8122085552898,0.3113020909107864
1,402.0,414.0,3.128501249206316,2.0856674994708775,3.0566023143053447,7.542108890973412,0.3153542584983821
1,408.0,408.0,3.2097301787572157,2.139820119171477,3.022161147790731,5.784339426021213,0.32242858480683717
1,414.0,402.0,3.176651780643862,2.1177678537625746,3.233795398274847,6.4945099029408135,0.326948753519021
1,420.0,396.0,3.0531353508411287,2.035423567227419,3.0626062025317045,6.566434308337071,0.33327000359019965
1,426.0,390.0,3.263755792159063,2.1758371947727086,3.491807748205469,6.405026205032467,0.3401390095381917
1,432.0,384.0,3.0904931878834168,2.0603287919222777,3.244240210401169,7.705912113383487,0.3459875094513321
1,438.0,378.0,3.2101607148753524,2.1401071432502348,2.9805691027770713,6.055608077817276,0.35144024093372206
1,444.0,372.0,3.1817997299682848,2.1211998199788566,2.7680401742727794,6.461316688744345,0.35687695891623317
1,450.0,366.0,3.4964945410858004,2.330996360723867,3.009768130505097,5.8642841470021425,0.3624817773129388
1,456.0,360.0,3.21081280491312,2.14054186994208,3.3651753692380106,5.7191636198751175,0.37048321626749653
1,462.0,354.0,3.015397374998434,2.010264916665623,2.8430909421988866,7.293736443946025,0.37483472366420567
1,468.0,348.0,3.2674247609832543,2.178283173988836,2.739319572946044,6.0726670776511975,0.3833332261044283
1,474.0,342.0,3.3790407970470064,2.252693864698004,2.9206656355615332,6.085624462338958,0.38697961257562913
1,480.0,336.0,3.6723437462402253,2.4482291641601504,3.120118139665794,6.688498088379822,0.39514639526281736
1,486.0,330.0,3.332533116839617,2.2216887445597444,2.4978268052291286,6.402233435929582,0.39927702338194204
1,492.0,324.0,3.2924513292715774,2.1949675528477184,2.8471671004551946,6.748184135934296,0.4030422339656778
1,498.0,318.0,3.356449949800255,2.2376332998668365,2.758071973449431,6.700545774227415,0.4106660880951228
1,504.0,312.0,3.3387287662188707,2.2258191774792473,2.754675245178555,6.709893321928561,0.41783398140913286
1,510.0,306.0,3.4872308711128595,2.3248205807419065,2.950960948688548,6.51838597116515,0.4240346962394868
1,516.0,300.0,3.1714624067558077,2.1143082711705383,2.8964009581736865,5.726818370974463,0.42694675495009915
1,522.0,294.0,3.231281773375473,2.154187848916982,2.5727094864700977,6.392005049696032,0.43339638324651397
1,528.0,288.0,3.505092060818306,2.336728040545537,2.6588437377180223,6.1656276338441165,0.44046740083492525
1,534.0,282.0,3.3826256528752254,2.2550837685834835,2.790088168482455,5.832413523755775,0.44731461500967445
1,540.0,276.0,3.462450218935111,2.3083001459567405,2.3268875931994537,6.026004500680553,0.450610640533985
1,546.0,270.0,3.1945216535507557,2.1296811023671705,2.6592933132770646,6.803655233931931,0.45639836824210933
1,552.0,264.0,3.5353537744019405,2.35690251626796,2.4315529830047256,5.7965799592712575,0.465866878364681
1,558.0,258.0,3.1535258259498726,2.1023505506332483,2.1968720898305376,5.178393609544351,0.4689007393844914
1,564.0,252.0,3.4460973273697655,2.2973982182465105,2.481762859143005,5.605347603514433,0.4737206948061
1,570.0,246.0,3.4109973029596334,2.273998201973089,3.0139815470369324,5.605272581738947,0.47732829221740203
1,576.0,240.0,3.620909001171135,2.41393933411409,2.622247035587906,5.623199626157597,0.4839751974974895
1,582.0,234.0,3.5038073928718605,2.335871595247907,2.573075862892627,5.580361062121659,0.4912045097508022
1,588.0,228.0,3.511480332764255,2.3409868885095033,2.528235497938226,5.78669672278377,0.4991965138244147
1,594.0,222.0,3.5147118380214804,2.3431412253476536,2.878585358485015,5.355415980757468,0.504387587984224
1,600.0,216.0,3.6785188338765757,2.4523458892510503,2.4707457075388923,5.294276401096101,0.5106104411313581
1,606.0,210.0,3.712924670068673,2.4752831133791156,2.4095621790432613,5.884623082351983,0.5183547906578568
1,612.0,204.0,3.545277126381386,2.3635180842542574,2.260478517355226,5.1237999226353335,0.5251013777258506
1,618.0,198.0,3.810010002115144,2.540006668076763,2.1243287695096797,5.010700018564499,0.5317978263131827
1,624.0,192.0,3.5721850699089996,2.3814567132726663,2.328677113776324,4.9482248215964235,0.5398344240645883
1,630.0,186.0,3.6651217964215967,2.4434145309477313,2.1751215588263526,5.1943049313086584,0.5466148750831697
1,636.0,180.0,3.6626251191281245,2.4417500794187497,2.0467651178441066,4.535809275810337,0.5555528715526052
1,642.0,174.0,3.68544618685983,2.45696412457322,2.638035165807624,5.349018392390271,0.562807648208485
1,648.0,168.0,3.701728964980171,2.4678193099867807,2.2728915508235157,4.863735275846696,0.5677982077723924
1,654.0,162.0,3.6877668089507245,2.4585112059671497,2.1622705050660107,4.5736977138331465,0.5728159544148774
1,660.0,156.0,3.5633285892103905,2.375552392806927,2.5416676352544934,5.399409309925297,0.5799095347156256
1,666.0,150.0,3.9161425932309295,2.6107617288206195,2.3730962357568197,5.583928175111115,0.586875368782191
1,672.0,144.0,3.7021988695764585,2.468132579717639,2.306660823657431,4.515677773129352,0.5953113942366339
1,678.0,138.0,3.815885968042104,2.543923978694736,2.3041064470186887,5.513552825899078,0.6030667160223181
1,684.0,132.0,3.941838142236897,2.627892094824598,1.9648519446051549,4.737285056480128,0.610693482236569
1,690.0,126.0,3.9603034586536228,2.640202305769082,2.209864651810939,4.529671788919931,0.6175267165864188
1,696.0,120.0,3.69932644857028,2.4662176323801868,2.3843364200413246,3.935743619329075,0.6236908535294962
1,702.0,114.0,4.13427164994989,2.7561810999665934,2.2807974185275066,5.483486974997669,0.6322568011022084
1,708.0,108.0,3.797201438198669,2.5314676254657793,2.112509341142243,4.553440178973655,0.6405640059873321
1,714.0,102.0,3.987097472513516,2.6580649816756776,1.809024890610024,4.484306151237599,0.6426957187221168
1,720.0,96.0,4.091848927828203,2.727899285218802,1.9092862424326247,5.33907035303925,0.6520063971016645
1,726.0,90.0,4.030549924675363,2.6870332831169086,2.4816616153075586,4.178941815358166,0.6644037793813541
1,732.0,84.0,4.041453089876456,2.6943020599176375,1.915911061284496,4.173410469694967,0.6718393370512751
1,738.0,78.0,3.897922597302901,2.5986150648686004,2.0740478877580744,4.749169758273347,0.6820239551144757
1,744.0,72.0,4.112948151372175,2.7419654342481166,2.2770355381921648,4.073277339869803,0.6933673397687965
1,750.0,66.0,4.279083214650752,2.8527221431005017,2.0006597951753613,4.830422795927368,0.7031120013041494
1,756.0,60.0,4.166916824285822,2.7779445495238817,2.058185720435422,3.5027369328107674,0.7129539783164011
1,762.0,54.0,4.166132334108036,2.777421556072024,2.297627396589986,4.484843771733456,0.7225077165284945
1,768.0,48.0,4.058574293477497,2.7057161956516644,2.0928109381462496,3.067137375430823,0.7298101730630178
1,774.0,42.0,4.186760962895517,2.791173975263678,1.797366401538242,4.223978809465349,0.739348844414593
1,780.0,36.0,4.159789326283844,2.7731928841892297,2.0622311347762894,3.8462160410116897,0.7487123054913527
1,786.0,30.0,4.214731439817504,2.8098209598783357,2.0675586171577027,4.743676580341525,0.7563696056360425
1,792.0,24.0,4.137227356862977,2.7581515712419846,1.8162667508467798,4.2164991237937715,0.7693823573981179
1,798.0,18.0,4.369428704425558,2.912952469617039,2.1610314192092233,3.90574827365339,0.7793067388624493
1,804.0,12.0,4.195227830737156,2.796818553824771,1.7325297328716738,3.8122005926714437,0.7882468463832327
1,810.0,6.0,4.304683116075061,2.869788744050041,1.4435724528125204,4.193639885085675,0.7957901217251229
1,816.0,0.0,4.4571284042406525,2.971418936160435,2.0019228841781507,4.276465016679987,0.8065041220641758
2,0.0,1080.0,2.921678307572132,1.9477855383814215,1.5227108288002507,3.0,0.002745431159068551
2,6.0,1074.0,2.8566238213838275,1.9044158809225518,1.561747926153497,3.5914650864670636,0.006391852227017703
2,12.0,1068.0,2.7409919440831008,1.827327962722067,1.6452993240365954,3.142575552384194,0.009653378519314682
2,18.0,1062.0,2.7807273039933187,1.8538182026622125,1.762070542462662,3.0,0.013914446867446442
2,24.0,1056.0,2.789282643523951,1.8595217623493008,1.9722159082271926,4.223565278300695,0.016881766063828046
2,30.0,1050.0,2.792463023578591,1.8616420157190607,2.19598437811113,4.4044802541829995,0.020050320143705086
2,36.0,1044.0,2.789781193257446,1.8598541288382975,1.9048381390871585,4.678580729729756,0.024161445844514684
2,42.0,1038.0,2.8810859282376002,1.9207239521584,1.8699174442942759,5.1233592336177445,0.027567195608450577
2,48.0,1032.0,2.961856470083787,1.974570980055858,1.9862366908116917,5.673004856008701,0.0293973352405559
2,54.0,1026.0,2.7914306736177097,1.8609537824118065,2.027274075138793,4.882965383112209,0.03154181664037452
2,60.0,1020.0,2.9186567664407397,1.9457711776271598,2.473873375857438,5.2250340709522884,0.034534764228643454
2,66.0,1014.0,2.795856809356755,1.86390453957117,2.4155893405080544,5.6164008879543825,0.037828377466753396
2,72.0,1008.0,2.8590431484981362,1.9060287656654242,2.3326224997653613,5.4269683869211995,0.04135169579729267
2,78.0,1002.0,2.789686586244413,1.8597910574962755,2.272414404250459,5.027863393197765,0.045707368893948094
2,84.0,996.0,2.8153724112371195,1.8769149408247463,2.5757121871468645,4.693348768231993,0.04978398369185465
2,90.0,990.0,2.685272911006188,1.7901819406707922,2.5235681367406038,4.798404827274261,0.05287119906366482
2,96.0,984.0,3.089224101837572,2.0594827345583813,2.2585904503970893,5.887858210717209,0.05489813883955758
2,102.0,978.0,2.773665987655314,1.849110658436876,2.4566955988241355,6.159655992220914,0.057984886034518845
2,108.0,972.0,2.4933119826373202,1.6622079884248802,2.7152287789888367,5.563198633207076,0.06099602648768093
2,114.0,966.0,2.7617528618826075,1.841168574588405,2.765052207875411,4.805387360572052,0.06439147599600421
2,120.0,960.0,2.7971492294780482,1.8647661529853654,2.5613244064271403,5.256780803424464,0.06744019736400506
2,126.0,954.0,2.793023090184632,1.8620153934564214,2.7183318004878285,6.308380337344661,0.07063696820369667
2,132.0,948.0,2.774442765197532,1.849628510131688,2.709539977002682,5.8278751104216715,0.07428392627349083
2,138.0,942.0,2.802079300382715,1.8680528669218102,2.9656672575607765,5.420462066867723,0.07583216715557313
2,144.0,936.0,2.966703294845028,1.9778021965633519,2.89455261416406,5.220322341297015,0.0789554931121925
2,150.0,930.0,2.6750698471743735,1.783379898116249,3.372462331842532,6.206537969705278,0.08282138007083861
2,156.0,924.0,2.748626772254221,1.8324178481694806,2.942731146361278,5.806399497000159,0.08598226541738715
2,162.0,918.0,2.663827981045584,1.775885320697056,2.997048998909023,6.176445952830579,0.08926060496897709
2,168.0,912.0,2.756564569443575,1.8377097129623834,3.2206361539222805,6.642037632526324,0.09162776936299231
2,174.0,906.0,2.9506593421191942,1.967106228079463,3.052630334827629,6.321433632331359,0.09593974237667818
2,180.0,900.0,2.7779794646268394,1.8519863097512264,3.182822512684949,6.8502099428958205,0.09938401855582955
2,186.0,894.0,2.6678979554353033,1.778598636956869,2.917620500180854,7.540744524367621,0.10385131385657151
2,192.0,888.0,2.605928538206371,1.7372856921375808,2.9524204113609795,6.016448284711017,0.10651972972036233
2,198.0,882.0,2.614866717845986,1.7432444785639907,3.195869161716754,6.924808541928053,0.10884345377145702
2,204.0,876.0,2.754738519098783,1.8364923460658555,2.93986699086022,6.663419194942075,0.11245005931654062
2,210.0,870.0,2.916524833286366,1.9443498888575774,2.789439338447085,7.430940800492508,0.11516621384497049
2,216.0,864.0,2.5855059439622865,1.723670629308191,3.1133353221554207,7.4013834906242595,0.11801154216468723
2,222.0,858.0,2.8940166949686783,1.9293444633124521,2.9379070269100174,6.341321040735392,0.12155353304999575
2,228.0,852.0,2.899929984816249,1.9332866565441662,3.00193472074067,7.781348303066401,0.12442908089700534
2,234.0,846.0,2.7206534555345705,1.8137689703563804,3.1483030291047682,6.00998844347779,0.1274812960661398
2,240.0,840.0,2.722472576659382,1.8149817177729213,3.003783087134734,7.10816824148079,0.13150758357704165
2,246.0,834.0,2.904899044409304,1.9365993629395362,3.3529525347549773,6.831347442573282,0.13596205771593337
2,252.0,828.0,2.916877563933546,1.944585042622364,3.1208320773516776,6.454136773062131,0.13747625012519935
2,258.0,822.0,2.597434339927493,1.7316228932849953,2.7073315855419446,7.089578078992974,0.13965985364067562
2,264.0,816.0,2.962615285244062,1.9750768568293748,3.455240869421659,7.694763415254457,0.1426470035416753
2,270.0,810.0,2.7968373875916575,1.8645582583944382,3.326493786476729,6.373673450242382,0.1463516665100204
2,276.0,804.0,2.7265778268935796,1.8177185512623864,3.1318669518482345,7.38773308709294,0.1492568316845931
2,282.0,798.0,2.79597073932978,1.86398049288652,2.9211741282248087,7.208127778434768,0.15257077122586832
2,288.0,792.0,3.0838732712547734,2.055915514169849,3.538987957676501,7.176242894468113,0.15689524032148808
2,294.0,786.0,2.9589435797985373,1.972629053199025,3.338030366064028,7.756869992978957,0.16004935577693757
2,300.0,780.0,3.1784468144364415,2.118964542957628,3.274931088611988,8.393193171980435,0.16286074776849546
2,306.0,774.0,2.9594997601119246,1.9729998400746165,3.304248965359806,7.195291516339966,0.1668784272439699
2,312.0,768.0,3.017612570099936,2.011741713399957,3.448558777960867,6.516379391176125,0.1703317785628365
2,318.0,762.0,2.888366627785995,1.92557775185733,3.0898085766087164,7.578290557421601,0.17372316576974384
2,324.0,756.0,2.751603235612531,1.8344021570750206,2.936097688534773,7.85423157196429,0.1755972913891224
2,330.0,750.0,3.239850502893558,2.159900335262372,3.27633538920992,8.027519570968373,0.18008213907208387
2,336.0,744.0,2.954443726034173,1.9696291506894488,3.2750917721084516,7.559466482714615,0.18404941031337116
2,342.0,738.0,2.995206611596535,1.9968044077310232,3.1548607769499717,8.24964576766722,0.18995478073660055
2,348.0,732.0,3.0615207718764497,2.041013847917633,3.4555684406380425,6.905528547862705,0.19541915451690617
2,354.0,726.0,2.9028232890651435,1.935215526043429,3.105825509933213,7.019890848374135,0.19909137599053175
2,360.0,720.0,3.0534984858778933,2.0356656572519287,3.035566558448143,7.824336405681695,0.2031082515981199
2,366.0,714.0,3.0893793566424,2.0595862377616,3.327911175683137,6.459023041044791,0.2076052133639395
2,372.0,708.0,3.0420508204735914,2.0280338803157276,3.3775995205393734,7.0442240354078915,0.2113586137907424
2,378.0,702.0,2.8267717014018663,1.8845144676012442,2.9914851907838336,6.956119400779074,0.2142100337635756
2,384.0,696.0,3.083579111098544,2.0557194073990295,3.221584908558247,7.39040622175464,0.21772794377532878
2,390.0,690.0,2.9443003340211766,1.962866889347451,3.4365796725753035,7.64560947215921,0.2215675329075043
2,396.0,684.0,3.1100472596611413,2.073364839774094,3.265762405934023,7.560054828025353,0.2259194030784908
2,402.0,678.0,2.906870273703923,1.9379135158026155,3.0535189441081503,8.052891412586474,0.22875613622761626
2,408.0,672.0,2.8913463229815455,1.9275642153210304,3.4381320425341895,6.686550210614486,0.23066033845499556
2,414.0,666.0,3.2787025490856294,2.1858016993904195,3.2933450601725993,7.2785498013893655,0.23496767413781244
2,420.0,660.0,2.916353109165478,1.9442354061103186,3.334444214521169,7.195875577686588,0.23923836826055425
2,426.0,654.0,3.0572453562480817,2.0381635708320545,3.139572580168576,7.709711410210048,0.24287839646124482
2,432.0,648.0,2.8692211796492764,1.9128141197661843,3.0829905688673556,6.459858012266659,0.24498409603494398
2,438.0,642.0,2.881586939653588,1.9210579597690585,3.40605866054211,8.474164907292892,0.24942687091046384
2,444.0,636.0,3.0129666469933936,2.008644431328929,3.334120699572621,7.259370246838281,0.25311352010411226
2,450.0,630.0,3.0618158652433505,2.0412105768289,3.0996046129748,7.842372765864084,0.25808203558579723
2,456.0,624.0,3.2700699963000814,2.1800466642000544,3.370239527955574,7.263584125840719,0.263256425673125
2,462.0,618.0,3.232202355068982,2.1548015700459877,3.550364579826595,7.129651474593097,0.2673259224207149
2,468.0,612.0,2.980774706480385,1.98718313765359,3.6604060261736397,7.877463265540964,0.26948966357793047
2,474.0,606.0,3.1146719486312153,2.0764479657541437,3.2146954501978637,6.490465749119506,0.27358392089917005
2,480.0,600.0,3.131494427232805,2.0876629514885368,3.2150140704517076,6.804814755065996,0.27875185289799853
2,486.0,594.0,3.285165639817251,2.190110426544834,2.9984636610191635,7.088663914500893,0.28277552011988466
2,492.0,588.0,3.2937234047457022,2.1958156031638016,3.0952201957628143,7.209940841457321,0.285194155526458
2,498.0,582.0,3.3130813312658782,2.2087208875105855,3.241950926370403,6.702823913687547,0.2892010549855498
2,504.0,576.0,3.0193153311137753,2.0128768874091834,3.1855037376860604,7.449563470354595,0.292943515842048
2,510.0,570.0,2.9827265054731376,1.9884843369820917,3.247124331673994,7.226904848283455,0.29776317079438863
2,516.0,564.0,3.0923626072642922,2.061575071509528,2.8741174572756205,7.147536179506219,0.30116967548505635
2,522.0,558.0,3.2288812180633513,2.152587478708901,3.479597486515938,7.091410699098082,0.30449668454092127
2,528.0,552.0,3.2104718741635097,2.140314582775673,3.1647232986945344,7.013514320444036,0.3096204081317176
2,534.0,546.0,3.1586303690154054,2.1057535793436037,3.14217127335266,6.971224722440578,0.3141993993250595
2,540.0,540.0,3.129298441008085,2.0861989606720566,3.4737685347302287,8.246324216116923,0.31788528410346756
2,546.0,534.0,3.0428290053114293,2.0285526702076195,3.2243348945242776,6.608941973606621,0.32218375721745807
2,552.0,528.0,3.0362962138262186,2.024197475884146,3.3893173134346135,6.952444600868514,0.3261911079416603
2,558.0,522.0,3.2450214381041516,2.1633476254027677,3.4067812389408942,5.335671947881754,0.3306688653857138
2,564.0,516.0,3.3405855069018173,2.2270570046012117,3.1387276121593386,7.424480610312811,0.3375103145559699
2,570.0,510.0,3.4231580882764137,2.2821053921842758,2.9957390796597942,7.319038259635241,0.344633270479293
2,576.0,504.0,3.220016629190346,2.146677752793564,3.0601842962557173,7.017285685158949,0.34864028424903015
2,582.0,498.0,3.390823556470899,2.260549037647266,2.959643022845938,6.905281658666493,0.3539965850997464
2,588.0,492.0,3.297263274395626,2.1981755162637504,3.1497464889595204,5.373084548817637,0.3569790322339163
2,594.0,486.0,3.3596731102013955,2.239782073467597,2.9168659825293406,6.690115714443498,0.36065415546986435
2,600.0,480.0,3.276375064467704,2.1842500429784693,2.775956569069388,5.823169023857087,0.36652020799569945
2,606.0,474.0,3.1232431162499226,2.0821620774999485,3.402784023454652,6.3045288762797895,0.3698718174072021
2,612.0,468.0,3.290984314736585,2.1939895431577234,2.8711465041959423,5.8018478622873175,0.3750769791709649
2,618.0,462.0,3.288179047143413,2.1921193647622754,2.951416035336345,6.8138342994814804,0.3795730534749671
2,624.0,456.0,3.501286490207062,2.3341909934713745,2.5224751029453727,6.18618204944925,0.3843151329904355
2,630.0,450.0,3.381581213934152,2.254387475956101,3.0902572843913103,5.38758984164893,0.38949291425210153
2,636.0,444.0,3.171982750356879,2.114655166904586,2.694576355744167,4.996113950219359,0.3924596156366442
2,642.0,438.0,3.2944878738897563,2.1963252492598375,2.662934998308117,6.808600150962434,0.39522485969627497
2,648.0,432.0,3.2214024064887354,2.1476016043258235,2.97185786100178,6.926337102976452,0.399592155636597
2,654.0,426.0,3.3718440863936445,2.247896057595763,2.7680415034436368,7.0268495050961945,0.4044857906105099
2,660.0,420.0,3.4109090641492767,2.2739393760995177,2.968102625966077,6.218612097229836,0.4090235065514455
2,666.0,414.0,3.5492587357916867,2.366172490527791,2.6558329256474535,6.402569766852643,0.41451386495279297
2,672.0,408.0,3.47973948425074,2.3198263228338267,2.3514386264464004,6.2465229145874845,0.4182319959518887
2,678.0,402.0,3.2772848415162383,2.1848565610108257,2.5410702255622466,6.137580512713805,0.42063983976335506
2,684.0,396.0,3.262704339936971,2.1751362266246472,3.118717926083674,5.318627914271125,0.42396669305271173
2,690.0,390.0,3.3787420687203715,2.2524947124802477,2.7881149123677353,6.35132022615993,0.4296734234698964
2,696.0,384.0,3.4955930454899167,2.3303953636599446,2.4660438993476506,5.19281456309896,0.43693482578398246
2,702.0,378.0,3.353604172177339,2.2357361147848924,2.767397123829374,5.781737599043802,0.4405384863877612
2,708.0,372.0,3.2343467965909976,2.156231197727332,2.7364017594568435,6.148410988609973,0.44316480575062606
2,714.0,366.0,3.43117420655329,2.2874494710355266,2.5940778754963265,4.946851851443877,0.44788742046250307
2,720.0,360.0,3.4086099708825937,2.2724066472550626,2.487649109962286,5.667904614244735,0.45433938359328274
2,726.0,354.0,3.5097241143728346,2.3398160762485563,2.6619138378590104,5.598431109539453,0.4589820677854284
2,732.0,348.0,3.6293792242160285,2.4195861494773525,2.9352962262975377,5.1798496330379615,0.46446436355888077
2,738.0,342.0,3.4149472780920993,2.2766315187280664,2.2156044947226823,5.6795271529918345,0.470496608628925
2,744.0,336.0,3.337565985779992,2.225043990519995,2.5712946378688084,5.267721304527656,0.4750859329122084
2,750.0,330.0,3.5996404235541077,2.3997602823694053,2.506945934777846,5.634781908939358,0.4811682107473873
2,756.0,324.0,3.5743894697323184,2.382926313154879,2.7077197315248407,5.201282357623708,0.4865123507800021
2,762.0,318.0,3.5083744854904086,2.3389163236602726,2.177275238161634,5.835613746276969,0.49180133684732796
2,768.0,312.0,3.5538293839679156,2.369219589311944,2.3105221541326113,5.247744399657543,0.49566779123770505
2,774.0,306.0,3.4152498327932026,2.276833221862135,2.5411047567947254,6.191371712750279,0.4990032988449161
2,780.0,300.0,3.6581071480005973,2.438738098667065,2.6187532061570757,4.920036483521898,0.5026883705267674
2,786.0,294.0,3.737427686683312,2.4916184577888747,2.578032413102865,4.818271690109325,0.5088553125370844
2,792.0,288.0,3.4941188994528503,2.3294125996352335,2.689159776610517,5.572024824365104,0.5127726995948451
2,798.0,282.0,3.5790928988583732,2.386061932572249,2.6688552592878443,5.14103058329995,0.5190251218464936
2,804.0,276.0,3.6189752247909674,2.412650149860645,2.3599800151545227,4.873861932609558,0.5254348757633954
2,810.0,270.0,3.69384656615594,2.4625643774372934,2.421085261893119,5.318763021559967,0.5305182948987085
2,816.0,264.0,3.8867487057695214,2.5911658038463474,2.3875198176517056,5.773597041542728,0.5384280343522885
2,822.0,258.0,3.8570273339069203,2.5713515559379467,2.2078330942531568,5.326084641752699,0.5464717327475895
2,828.0,252.0,3.7600057134612026,2.5066704756408016,2.444086742676041,4.873561029832876,0.5538104825967386
2,834.0,246.0,3.581642978939675,2.3877619859597834,2.2187558541130206,4.645155204420774,0.5602872726780433
2,840.0,240.0,3.620158690221014,2.4134391268140094,2.2645376853936074,5.30074651189252,0.5652560733265046
2,846.0,234.0,3.7405178162801387,2.4936785441867593,2.2550879812878444,4.977704114371707,0.5715569150222175
2,852.0,228.0,3.709103111606645,2.4727354077377632,1.848651402982734,4.089861575312924,0.5793973087054032
2,858.0,222.0,3.888517568689387,2.5923450457929245,2.4173843373752995,5.56888789011613,0.5848321974828828
2,864.0,216.0,3.6823140102990433,2.4548760068660287,2.1204454185984027,5.2453017113431155,0.5913072800692449
2,870.0,210.0,3.8166001525962248,2.5444001017308167,2.525977915142678,4.697017699923826,0.595801475764229
2,876.0,204.0,3.947071768311354,2.631381178874236,2.3824219213384126,4.158381529285743,0.6040280074855533
2,882.0,198.0,3.7415638462757235,2.494375897517149,2.0805503721571976,4.767823393026675,0.6098409227522913
2,888.0,192.0,3.7772894996633446,2.518192999775563,2.192881161056976,4.3114156075779,0.6132832631897512
2,894.0,186.0,3.833241518468882,2.5554943456459216,2.2307335567337696,5.2608618046209354,0.620589175740286
2,900.0,180.0,3.823752810409191,2.549168540272794,2.3096226314146393,4.064176803050135,0.6263000089314488
2,906.0,174.0,3.856985534969342,2.5713236899795615,2.441856914836677,4.09946325909662,0.6327723931606927
2,912.0,168.0,3.8837629324001983,2.589175288266799,2.179832908560322,4.722523990216813,0.6376401421425023
2,918.0,162.0,3.938192104503403,2.625461403002269,2.1885973920886195,4.935239872473785,0.6420608215947045
2,924.0,156.0,3.9519811657339363,2.634654110489291,2.0172210700313986,4.271557029138439,0.6457782882227324
2,930.0,150.0,3.965199200089948,2.6434661333932987,2.337110658980969,4.507124740889402,0.6513839232059568
2,936.0,144.0,3.8859923476048883,2.5906615650699254,1.7319597428742315,3.6631016810325283,0.6565526401373425
2,942.0,138.0,3.866298253348815,2.57753216889921,2.184342908743401,4.907718893733972,0.6593222270938977
2,948.0,132.0,3.96120960385897,2.6408064025726468,1.8276995874357527,5.090373538574685,0.6632243883704549
2,954.0,126.0,4.063966277394101,2.7093108515960673,2.2208993811547857,4.6774384816214605,0.6669537897231018
2,960.0,120.0,3.917744723282989,2.611829815521993,2.157778439399528,5.236931031972399,0.6739106180872463
2,966.0,114.0,3.8591862161636077,2.5727908107757385,2.41517318215771,5.183647858032087,0.6787318476967098
2,972.0,108.0,3.96266999998502,2.6417799999900136,2.2489367448462922,3.4209879554424125,0.6842807541617146
2,978.0,102.0,4.01008442846528,2.6733896189768536,2.1639693968096028,4.352404345730806,0.6903810003377798
2,984.0,96.0,4.089303506631249,2.726202337754166,2.0227334162449093,3.824435508322822,0.6992061142255941
2,990.0,90.0,4.3261284014912205,2.884085600994147,1.710666782333374,3.4641039817353136,0.7043840267532683
2,996.0,84.0,4.058420407572936,2.705613605048624,1.9704468206181793,3.4760498006836134,0.7107266502725441
2,1002.0,78.0,4.048454881048896,2.698969920699264,1.9839731208326303,3.885414564508249,0.7176368016348869
2,1008.0,72.0,4.3545979960290895,2.9030653306860597,2.0612944714855237,3.6214531383916695,0.7254559342195808
2,1014.0,66.0,4.240135381745146,2.826756921163431,2.0108437654856144,4.436041909123543,0.7347668810957168
2,1020.0,60.0,4.137072780566047,2.758048520377365,1.4385259180569188,4.167435131458897,0.7402741553633493
2,1026.0,54.0,3.974432613976982,2.649621742651321,1.7376445699376553,4.454989776675563,0.7457161975859261
2,1032.0,48.0,4.186744272830206,2.7911628485534705,2.061065151301875,3.7218646138883043,0.7522801849392045
2,1038.0,42.0,4.160983425710368,2.7739889504735786,1.6542776097665042,3.90411405091251,0.7594490321735168
2,1044.0,36.0,4.2735039640990236,2.8490026427326822,1.8969481645782775,4.3024864917153804,0.765863185158106
2,1050.0,30.0,4.1582419542508715,2.7721613028339145,1.8192181579351796,4.176792383833937,0.7717868897829527
2,1056.0,24.0,4.184716516652444,2.7898110111016297,1.7049495746876775,4.213810738680819,0.7803217616442535
2,1062.0,18.0,4.44700151952699,2.9646676796846596,1.800530408614121,4.563342401982733,0.7890932187769658
2,1068.0,12.0,4.278366846906498,2.852244564604332,2.0658479043486535,4.007497145980404,0.7937910896786877
2,1074.0,6.0,4.271309803936242,2.8475398692908276,1.6619063337670101,3.689558107901502,0.7991765976445735
2,1080.0,0.0,4.351614926526794,2.901076617684529,1.571723494297359,3.2850472661090038,0.8069632472613077
3,0.0,1236.0,2.6028013925444067,1.7352009283629377,1.5193066279151335,3.0,0.0030973059564134986
3,6.0,1230.0,2.669897981645482,1.7799319877636546,1.5602584477371408,3.2900089534084467,0.005614763646440457
3,12.0,1224.0,2.822999606302886,1.8819997375352573,1.6656207978956743,3.0311555124067064,0.00901922219280565
3,18.0,1218.0,2.709998731692818,1.8066658211285453,1.4546573230609359,3.103999460893178,0.01077512214920775
3,24.0,1212.0,2.981151624357868,1.9874344162385789,1.8466497043152252,3.4533549152878082,0.012376751151761489
3,30.0,1206.0,2.718533265224527,1.8123555101496847,2.0578119820074874,3.6460611199378885,0.014519863103332396
3,36.0,1200.0,2.732584587385743,1.821723058257162,1.790459696379722,4.487580802429418,0.017268202410600217
3,42.0,1194.0,2.84980688581787,1.8998712572119132,1.8557593456504362,3.7420281129383133,0.020140769712231135
3,48.0,1188.0,2.6921132951311466,1.7947421967540977,1.9480356118179536,4.00994906752532,0.02238936986391586
3,54.0,1182.0,2.6668915300567564,1.7779276867045042,1.7496894676188925,4.206694117424108,0.025731060516197692
3,60.0,1176.0,2.6075610925146395,1.7383740616764263,1.6015515649983814,4.684483063104155,0.027584860230490754
3,66.0,1170.0,2.92232221982053,1.9482148132136867,1.7324987086495867,4.799054097328389,0.03010061990640493
3,72.0,1164.0,2.6622808368133692,1.774853891208913,1.9707791240556416,4.086265166318273,0.033119180279181586
3,78.0,1158.0,2.6210321527232545,1.7473547684821698,1.872909792450764,4.338718959459816,0.03598737171028173
3,84.0,1152.0,2.7674431019614785,1.844962067974319,2.593838169698622,5.147379724225519,0.03861898280118495
3,90.0,1146.0,2.955400324298147,1.9702668828654313,2.4274932459818297,4.872444591449572,0.04233709026124784
3,96.0,1140.0,2.858558988032765,1.9057059920218433,2.361872960030539,5.18697521002966,0.04610423773339316
3,102.0,1134.0,2.693928841209282,1.795952560806188,2.275052004629461,5.758646320720261,0.047777582143663865
3,108.0,1128.0,2.7103370034376195,1.8068913356250798,2.451328278576533,4.871547148548824,0.049887450284399344
3,114.0,1122.0,3.035417426603928,2.023611617735952,2.775582644107294,5.623976015728638,0.05324046348697223
3,120.0,1116.0,2.9798612509326246,1.9865741672884163,2.183958483543175,5.522839032088051,0.05583769101207225
3,126.0,1110.0,2.8909627053709683,1.9273084702473122,2.813825141665877,6.191217266615985,0.060564276104517534
3,132.0,1104.0,2.959064848276949,1.9727098988512992,2.89037807867947,5.850590339173648,0.06402972116694154
3,138.0,1098.0,2.728286315546683,1.8188575436977887,2.3792204600836246,5.619368149115095,0.06624614549411342
3,144.0,1092.0,2.871111579300722,1.9140743862004814,2.687995573003556,5.4940268444296345,0.06842080868606815
3,150.0,1086.0,2.78009443870926,1.85339629247284,2.5437110537199654,5.671914740272523,0.07185341719170889
3,156.0,1080.0,3.0050388312777083,2.0033592208518054,2.6974914348265764,6.604187685146077,0.07512854691041508
3,162.0,1074.0,2.939944522234951,1.9599630148233007,2.868632910296125,6.381054311176621,0.07726878659493652
3,168.0,1068.0,2.7695321752152213,1.8463547834768141,2.7979933852105368,6.162148745361743,0.08082199610878239
3,174.0,1062.0,2.7544963604023867,1.8363309069349245,3.0319571887991774,6.340554941365294,0.08323322428633967
3,180.0,1056.0,3.0195342357021446,2.0130228238014296,2.6856904484643835,5.677856963524398,0.08421981775597398
3,186.0,1050.0,2.8232089254492094,1.8821392836328064,2.7586018192562807,6.015667277917958,0.08722642280700406
3,192.0,1044.0,2.829351672981318,1.8862344486542122,2.8818284868091935,6.867454008069869,0.08948185418066996
3,198.0,1038.0,2.8459068977175126,1.8972712651450083,3.08373509385967,6.478615399965112,0.09175034450340461
3,204.0,1032.0,2.723891627914121,1.8159277519427475,3.053294931485023,6.4609267616010815,0.09333153513339525
3,210.0,1026.0,2.983773635564588,1.9891824237097253,2.9243683493085517,6.1623936304326685,0.09504447325891176
3,216.0,1020.0,3.0067718354740003,2.004514556982667,2.9499000659382024,6.570783808831233,0.09689855239227814
3,222.0,1014.0,3.059671309366975,2.0397808729113165,3.3182566664049205,6.278634818509198,0.10146257610316245
3,228.0,1008.0,2.999564361141872,1.9997095740945812,3.0836984719950076,5.973557758755845,0.1060426597282215
3,234.0,1002.0,3.2382197833981863,2.158813188932124,2.7015216966239155,6.9192555238618025,0.1094060973129589
3,240.0,996.0,2.9012487764775825,1.934165850985055,2.9459999962274077,6.844168411090529,0.11272083402685995
3,246.0,990.0,2.904763447005199,1.9365089646701328,3.5464972725050847,6.305794955343151,0.11630486312370591
3,252.0,984.0,2.9274822730599124,1.9516548487066083,3.1272413244887827,7.1841618905464495,0.12002913554833718
3,258.0,978.0,2.677952920334105,1.7853019468894031,3.0866415986038507,7.6706941953366,0.12303300457515129
3,264.0,972.0,2.924970965159669,1.9499806434397795,2.9789624088780307,7.159509734313629,0.12561933996881416
3,270.0,966.0,2.918247693422282,1.9454984622815212,3.3882894842873728,6.581664413897291,0.12778128930174815
3,276.0,960.0,2.876904336657946,1.9179362244386307,3.2541827875419314,7.398433256662834,0.13128589672029922
3,282.0,954.0,2.799200637990242,1.8661337586601612,3.2794152162901242,7.054530429624421,0.13396502051404444
3,288.0,948.0,2.745252277837752,1.830168185225168,3.5524630014378498,7.056846809090959,0.13469120405140494
3,294.0,942.0,2.799312741253397,1.8662084941689312,3.7233698503839965,7.300763176380007,0.13681241132989677
3,300.0,936.0,2.8500844276510544,1.900056285100703,3.11933732241115,7.457298154539765,0.13927973928314097
3,306.0,930.0,2.976778466535542,1.9845189776903613,3.1878227021294463,6.981077855872832,0.14147363941102123
3,312.0,924.0,2.8677337196142325,1.9118224797428216,2.979356836608272,7.035164087811461,0.1448128812798048
3,318.0,918.0,2.7408469456589293,1.8272312971059528,3.294366854131195,7.877288399293774,0.14649441571862873
3,324.0,912.0,2.862480658714717,1.9083204391431448,3.4120410369186205,6.26942563087081,0.14923886719774662
3,330.0,906.0,2.9041924527780454,1.9361283018520303,2.9420221031521923,7.681570477958982,0.15265935763648478
3,336.0,900.0,2.8916627043666487,1.9277751362444324,3.323534426474811,7.823314468022355,0.15723249787057883
3,342.0,894.0,3.077895250413263,2.0519301669421752,3.5965037818386887,7.580546508147272,0.1589108541534105
3,348.0,888.0,2.9952325811128,1.9968217207418668,3.3140074067494276,6.787772891926349,0.16093776414231187
3,354.0,882.0,3.0046303863966695,2.0030869242644465,3.2485311231959066,7.855732793584217,0.1645731308944216
3,360.0,876.0,3.0248181982274707,2.0165454654849806,3.0718250054976712,7.566440493319317,0.16653656684394577
3,366.0,870.0,2.7301212040622045,1.8200808027081363,3.0543109351880604,7.208340580230051,0.17080682007205886
3,372.0,864.0,3.014071139104351,2.0093807594029007,3.192071425379142,8.188998006155273,0.17444095270733326
3,378.0,858.0,3.133521993389831,2.089014662259887,3.2508869702341605,7.548790749733033,0.17796760858672847
3,384.0,852.0,3.062291163556378,2.0415274423709184,3.390266066674431,7.390814231981292,0.18235963889135276
3,390.0,846.0,2.6409701453274947,1.7606467635516632,3.1368415706903536,6.363041565392127,0.1849159360837275
3,396.0,840.0,2.9973743897671103,1.9982495931780735,3.143976139565617,7.2485945364771425,0.18805773985231883
3,402.0,834.0,2.8681313043273104,1.912087536218207,3.398935280098337,7.364054428617,0.1928718981629465
3,408.0,828.0,2.805580451717918,1.8703869678119454,3.1077072361293694,7.531477009211589,0.1970256384680269
3,414.0,822.0,2.8872891572531714,1.924859438168781,3.3038271642387835,7.5072489696699,0.2009226484242427
3,420.0,816.0,2.9860638479150454,1.9907092319433637,3.4268995323742426,7.458395449080557,0.2036310678046049
3,426.0,810.0,2.903617728953218,1.9357451526354785,3.452601065123027,7.172128746354479,0.20724960577890675
3,432.0,804.0,3.101097833498916,2.0673985556659438,3.401467685437063,7.260997659135364,0.21152985626771945
3,438.0,798.0,3.10615875545806,2.0707725036387066,3.2856536543097263,6.956609615181229,0.214003890366822
3,444.0,792.0,3.111477838440668,2.0743185589604454,3.2690671538200964,6.935585931603534,0.21845167271086943
3,450.0,786.0,2.964513467293055,1.9763423115287033,3.295863636556882,8.691317993243413,0.2207312667664313
3,456.0,780.0,3.0825635474526374,2.055042364968425,3.0456075221617276,6.637719524695746,0.2242047609965362
3,462.0,774.0,3.1301155137124077,2.086743675808272,3.355433010689688,8.070630511727522,0.22786740655601928
3,468.0,768.0,3.1643557066628163,2.1095704711085443,3.6127110439836554,7.765948881703315,0.2304407437312426
3,474.0,762.0,3.023186070126082,2.015457380084055,3.29004510864746,6.858378995793132,0.23440100375105127
3,480.0,756.0,2.9715654959938638,1.9810436639959093,3.1225522991577916,7.346077737872491,0.23687201252116868
3,486.0,750.0,3.095835941414597,2.0638906276097315,3.3340996753506453,7.622142322305939,0.24058532093187354
3,492.0,744.0,2.8252921783127887,1.8835281188751924,3.355869060292144,7.780206711648918,0.2440208955932796
3,498.0,738.0,3.020128451464085,2.0134189676427234,3.4782652384280093,6.787388674986206,0.24674650352162467
3,504.0,732.0,3.0920560561749166,2.061370704116611,3.1651373801643827,7.5500945985464725,0.24897883469579393
3,510.0,726.0,3.0720994082806583,2.0480662721871057,3.2266900848898366,7.042474982686743,0.25323551380723447
3,516.0,720.0,3.1259382727411067,2.083958848494071,3.2656007219459133,7.285222008944376,0.2562321796923471
3,522.0,714.0,3.256080594805744,2.170720396537163,3.250861525756606,7.890409963773414,0.25982241649284704
3,528.0,708.0,3.184777883960846,2.123185255973897,3.289788366659485,7.797778904648181,0.2621749730572952
3,534.0,702.0,2.9347463999654257,1.9564975999769505,3.378304819687904,7.905536369366369,0.26598501379469264
3,540.0,696.0,3.1804221842568916,2.120281456171261,3.2705878359333798,7.7954853240568855,0.26885531936515833
3,546.0,690.0,2.725153268806032,1.8167688458706879,3.2022134502809463,7.555738794422302,0.2713988306497473
3,552.0,684.0,3.059284704029424,2.039523136019616,3.161054910740699,7.772590677702011,0.27403673515463134
3,558.0,678.0,3.0448974008075957,2.029931600538397,3.088572656361745,7.964712109385327,0.27629709485102977
3,564.0,672.0,3.218407059014502,2.145604706009668,3.085485827420048,7.695125879357105,0.280904399318772
3,570.0,666.0,3.1172726079099458,2.0781817386066304,2.8697529351480435,7.06691065075035,0.28315776937268894
3,576.0,660.0,3.2608745524216878,2.1739163682811253,2.7956808000686557,7.308021322587041,0.28726224146877233
3,582.0,654.0,2.83585355482377,1.89056903654918,3.231271772178222,6.992143676004703,0.29132181348026936
3,588.0,648.0,3.093913537562494,2.0626090250416627,3.262509909192192,6.702388193777051,0.2959881378285943
3,594.0,642.0,3.0911621590142264,2.060774772676151,3.768688981775743,7.244848610102653,0.3005201263930712
3,600.0,636.0,3.0452734150479768,2.030182276698651,3.4464668599595774,7.649206502042499,0.30384875390684285
3,606.0,630.0,3.133325880169762,2.0888839201131746,3.1791926628556784,7.548644952910509,0.3076706171568477
3,612.0,624.0,3.1089172564673744,2.072611504311583,3.3788027157667737,7.162122661059687,0.31184265020819857
3,618.0,618.0,3.2928972640139786,2.1952648426759858,3.438780131479592,6.827007797957503,0.31598823787585906
3,624.0,612.0,3.124763309319168,2.083175539546112,3.2715958673267265,7.728821271358692,0.3181836815356619
3,630.0,606.0,2.999078355728187,1.999385570485458,2.8614737904165533,6.878187610407401,0.32030969592726194
3,636.0,600.0,3.061586712860292,2.041057808573528,3.1982639269539592,6.56902365916999,0.32419524529687904
3,642.0,594.0,3.1715431699640213,2.1143621133093475,2.9975923492657266,5.918490374409447,0.3277623884347329
3,648.0,588.0,3.3580396960259566,2.2386931306839712,2.7672504171287327,7.124500880292034,0.3309120543057347
3,654.0,582.0,3.182448958512166,2.121632639008111,2.584403951850362,7.3034112502181925,0.3361347119177428
3,660.0,576.0,3.43906388973262,2.2927092598217467,3.1861359662515394,6.243230243476527,0.34024164233682175
3,666.0,570.0,3.1901638018033505,2.1267758678689,2.7502372529146206,6.317794237198314,0.34443705811209235
3,672.0,564.0,3.2019895853103115,2.134659723540208,2.734689333530905,6.8524788713811535,0.34932500847457365
3,678.0,558.0,3.3310673950253737,2.2207115966835826,3.107981658361377,6.72328674311319,0.3532914940227795
3,684.0,552.0,3.0675893215357584,2.0450595476905056,2.829162054741947,6.1384147720469135,0.35634485026762175
3,690.0,546.0,3.4577316522920887,2.3051544348613926,2.6935693758860966,6.299906845343738,0.36102321254127623
3,696.0,540.0,3.470902577904345,2.31393505193623,2.7512936005302864,6.743400485025875,0.3645704004597638
3,702.0,534.0,3.1888913255066744,2.125927550337783,2.913202533414868,6.224996763159785,0.36788962345839216
3,708.0,528.0,3.198378362978375,2.1322522419855834,2.7957647545425144,6.489215939174764,0.3712106830140318
3,714.0,522.0,3.3830202687114665,2.255346845807644,2.651616745973114,6.675283263634475,0.3749291320388107
3,720.0,516.0,3.3055058093105654,2.203670539540377,3.0926281292933524,6.86833260404752,0.37620423639431533
3,726.0,510.0,3.170234220408677,2.113489480272451,3.1550935566305305,6.506203487792587,0.3787721894724378
3,732.0,504.0,3.3949910485994264,2.263327365732951,3.088207913195849,6.590241068698999,0.3834385583367622
3,738.0,498.0,3.4011075572546416,2.2674050381697612,3.1520025347571887,6.449689107098786,0.385506503826212
3,744.0,492.0,3.494284306635054,2.329522871090036,3.570332076407457,6.7240298667515335,0.3904674380357822
3,750.0,486.0,3.1432499405235292,2.0954999603490196,2.624076458058766,7.527602968228787,0.3922905819340671
3,756.0,480.0,3.2325615843727755,2.155041056248517,2.8465239917090606,6.59195535231426,0.39500568546461523
3,762.0,474.0,3.2597352780566404,2.1731568520377604,3.136013458697403,6.966683768589521,0.3998904028137063
3,768.0,468.0,3.206397616436524,2.1375984109576827,2.7077507300652632,6.129191697308289,0.4048745509549585
3,774.0,462.0,3.5268249105973126,2.3512166070648752,2.8279279876037777,5.911583088484777,0.4087784686940397
3,780.0,456.0,3.4759008382173953,2.3172672254782634,2.7873583827647517,5.259727699833848,0.41499628812294814
3,786.0,450.0,3.307701117243724,2.2051340781624824,2.651363892134781,5.497375246822276,0.4194715129176635
3,792.0,444.0,3.3010403559164474,2.200693570610965,2.853316356675007,6.625783215459163,0.4229335121581962
3,798.0,438.0,3.343960929706156,2.2293072864707706,2.8108600815213474,6.179749126691366,0.4264948718631701
3,804.0,432.0,3.5303607409267665,2.353573827284511,2.4873131055994033,6.6064500306304526,0.43109159961736626
3,810.0,426.0,3.2776248990057524,2.185083266003835,2.779136473230399,6.1221253081351,0.43479240418424225
3,816.0,420.0,3.4896720417567155,2.3264480278378104,2.441833711189692,4.671859506339576,0.4377921736657171
3,822.0,414.0,3.4640684839408027,2.3093789892938683,2.6242568471470933,4.935007675882075,0.44149577660063444
3,828.0,408.0,3.4491598854772816,2.299439923651521,2.815331531926382,5.739785546002548,0.4457729759022969
3,834.0,402.0,3.4700273513262876,2.3133515675508582,2.7608248633011496,4.930239799372364,0.44858051422863826
3,840.0,396.0,3.4015747590501992,2.2677165060334663,2.6371281151871284,5.067012092758555,0.4523105268524643
3,846.0,390.0,3.2552133359794446,2.1701422239862964,2.5760542691456707,6.349896385136603,0.4563980677586938
3,852.0,384.0,3.5782769289388585,2.385517952625906,2.9090093906336527,6.328071997796463,0.4600061881563254
3,858.0,378.0,3.3301439800065564,2.2200959866710375,2.542449226855539,5.481820823526777,0.4626544982890836
3,864.0,372.0,3.3725521741284608,2.2483681160856404,2.3169374234262565,6.074793446637247,0.4680649586936857
3,870.0,366.0,3.684200559429945,2.45613370628663,2.419015440609885,5.649373060631901,0.4736310913907291
3,876.0,360.0,3.5132285974133626,2.342152398275575,2.7136894911137137,5.471860994997851,0.4772707721615932
3,882.0,354.0,3.531516642633463,2.354344428422309,2.5263006263386627,5.469727076830418,0.48216450951134315
3,888.0,348.0,3.5976517106191896,2.3984344737461263,2.709830026187305,5.8281033191559555,0.4867220527888837
3,894.0,342.0,3.305868706048001,2.2039124706986675,2.9143719389133085,5.749985565369084,0.48875497686505803
3,900.0,336.0,3.692918703813935,2.461945802542623,2.8871593230008314,5.808916221602901,0.49460226654273365
3,906.0,330.0,3.5838765890532582,2.389251059368839,2.312325361602439,5.422008444482508,0.49749540303666573
3,912.0,324.0,3.526273408604592,2.3508489390697282,2.2587601932353616,5.0727362431302945,0.5016392497846004
3,918.0,318.0,3.4857304362671617,2.3238202908447745,2.30927793648977,4.922958694208379,0.5041168609561899
3,924.0,312.0,3.4888026903844493,2.3258684602562996,2.560631982070891,4.6583303468971735,0.5092330519111384
3,930.0,306.0,3.5989091163649096,2.399272744243273,2.853416327682868,5.386890198047479,0.5143814292598836
3,936.0,300.0,3.3936613482746987,2.2624408988497993,2.7836019707747477,4.834267803065033,0.5176193821259842
3,942.0,294.0,3.6225413560548305,2.4150275707032205,2.4667953743814155,4.9955046232599924,0.5228732013257561
3,948.0,288.0,3.588189824323603,2.3921265495490687,2.753752679488391,5.894604272436187,0.5267832110013799
3,954.0,282.0,3.6758365575228336,2.4505577050152225,2.054133501636879,5.747165307949949,0.532825665581817
3,960.0,276.0,3.6330049264765165,2.4220032843176775,2.183288231637655,4.967002297646661,0.5384687324631268
3,966.0,270.0,3.5947480457746366,2.396498697183091,2.4155895896961783,4.957569139284484,0.5419983482931124
3,972.0,264.0,3.6113051181895193,2.4075367454596797,2.3011141021088353,5.4354715041584,0.5456604669721646
3,978.0,258.0,3.7265889775605046,2.484392651707003,2.3458853974395146,5.50418286067076,0.5511898374204216
3,984.0,252.0,3.591722230777417,2.3944814871849447,2.699515084743312,5.105720954893074,0.553510644390817
3,990.0,246.0,3.618718561727655,2.41247904115177,2.080691837945486,5.023862323459936,0.5558822568616313
3,996.0,240.0,3.8205388724351956,2.547025914956797,2.23736404191893,5.385860114267669,0.5603414405777317
3,1002.0,234.0,3.8108259157963458,2.540550610530897,2.2462850647730406,5.640825506453685,0.5675786644251547
3,1008.0,228.0,3.733065040005697,2.4887100266704647,2.218624999918252,4.9636879321798295,0.5723922795945028
3,1014.0,222.0,3.759989434878726,2.506659623252484,2.1206410855202775,5.22053110807316,0.5739817706364182
3,1020.0,216.0,3.7954319385467024,2.530287959031135,2.1969608641046747,5.399262709913825,0.5806466745455059
3,1026.0,210.0,3.833405014536005,2.555603343024003,1.9200885484752055,5.431222223475567,0.5851229749543257
3,1032.0,204.0,3.598701205710854,2.3991341371405692,2.222252944801721,4.907170219474089,0.5892813762556559
3,1038.0,198.0,3.74697831219871,2.4979855414658068,1.8959558714548406,4.734108993633911,0.5952230822796816
3,1044.0,192.0,3.7528166763934525,2.5018777842623017,2.286645360619204,5.398263646612571,0.6019439106563844
3,1050.0,186.0,3.9462170157266394,2.6308113438177596,2.3052288656041107,3.8718153953290257,0.6084277415836182
3,1056.0,180.0,3.5663362977905098,2.3775575318603397,2.2581144839878835,5.126237547826815,0.6126458201578403
3,1062.0,174.0,3.642696601218078,2.428464400812052,1.9735895585243954,4.648695648309651,0.6149111795708092
3,1068.0,168.0,3.87589703441292,2.58393135627528,2.1639200924451614,5.9284222988391875,0.6202779012839826
3,1074.0,162.0,3.8042075249643914,2.536138349976261,2.365538196054925,4.764003921418793,0.6269809550933249
3,1080.0,156.0,3.8146828070437744,2.543121871362516,2.5331260921507734,4.429635060507437,0.6320789694097134
3,1086.0,150.0,3.884650805472721,2.589767203648481,2.2248806127048253,4.451376860520169,0.6373930584496619
3,1092.0,144.0,3.768569487972093,2.512379658648062,2.410932454032908,4.403040916941759,0.6412066057373776
3,1098.0,138.0,3.7548326605160973,2.503221773677398,2.102348720969933,4.205539703743992,0.6463472387547321
3,1104.0,132.0,3.8492375615571617,2.566158374371441,2.162952424244439,4.157175567832962,0.6526366659271905
3,1110.0,126.0,4.039677995939178,2.6931186639594524,2.0854915333624877,4.473903354792734,0.6586641809649475
3,1116.0,120.0,3.867736782696519,2.578491188464346,2.0748555170876077,4.6620099932270005,0.6673214460100477
3,1122.0,114.0,3.8808905340648288,2.587260356043219,1.653598958150316,4.331307550715772,0.673526435965425
3,1128.0,108.0,4.006088507893211,2.6707256719288073,1.6943576275977053,3.986498768823536,0.6812770774390406
3,1134.0,102.0,4.014328446733972,2.676218964489315,2.0881840705053785,4.761178250753175,0.6867197991763251
3,1140.0,96.0,3.9440086744234635,2.629339116282309,2.0716968871272505,3.930660660129321,0.6920311976070396
3,1146.0,90.0,4.213160328622172,2.8087735524147814,2.0939831675889464,5.4228252012406095,0.7002380537279044
3,1152.0,84.0,4.013849474635413,2.6758996497569423,2.2755255333492816,4.556183011965082,0.7063081248179346
3,1158.0,78.0,4.087851646620637,2.7252344310804246,2.1095963672535385,3.6713019298238705,0.7121590964015577
3,1164.0,72.0,4.020290664079906,2.6801937760532706,2.2707470700324457,4.976034239958358,0.7231987975351875
3,1170.0,66.0,4.140830994025558,2.760553996017039,1.7212291074666037,3.8447497833353013,0.7291568286907177
3,1176.0,60.0,4.221234847753896,2.8141565651692644,2.090692800371368,4.22618905016125,0.7362693870048895
3,1182.0,54.0,3.912197306274453,2.608131537516302,2.286635645791403,3.73568749184094,0.7413450074375613
3,1188.0,48.0,3.9719367629875277,2.647957841991685,1.8113110877165421,3.3958627712669744,0.7479221437111093
3,1194.0,42.0,4.214552392270325,2.8097015948468833,1.9275084721371039,4.060030094796881,0.7567884652222753
3,1200.0,36.0,4.142582947683528,2.761721965122352,1.689272242109755,3.9149243840175023,0.7631296506659503
3,1206.0,30.0,4.314684789585329,2.8764565263902195,1.6582427116071798,3.923691856884882,0.7696699856696315
3,1212.0,24.0,4.280628998936712,2.853752665957808,1.9766894689997083,3.88657356455978,0.7757714406623645
3,1218.0,18.0,4.173106892308392,2.782071261538928,1.8042085961558736,3.8317272810038827,0.7818032415417222
3,1224.0,12.0,4.171200520904084,2.7808003472693894,2.364503078781978,4.014955874626278,0.7894352220879016
3,1230.0,6.0,4.423371767954194,2.9489145119694626,1.6177133560604209,4.5882807196602755,0.7983137714217102
3,1236.0,0.0,4.312679419037965,2.875119612691977,1.6004384738106303,3.191595015126685,0.803277450766065
4,0.0,798.0,2.860045139302627,1.9066967595350848,1.9869089368688138,3.2132227332301593,0.004081160645128202
4,6.0,792.0,2.6620983704536516,1.7747322469691011,1.978390336770662,3.731375638671214,0.007186907974730836
4,12.0,786.0,2.9589257821137878,1.9726171880758585,1.8387756990494526,3.0582751613270673,0.011927602666651087
4,18.0,780.0,2.8942075181889995,1.9294716787926662,2.1006907775504033,4.24588743319503,0.016747126705033824
4,24.0,774.0,2.9491040905335373,1.9660693936890248,1.8576660404241465,3.3175608843074227,0.020518738266765403
4,30.0,768.0,2.8125633770980096,1.875042251398673,2.262651999396951,3.788569459428193,0.024176883492500197
4,36.0,762.0,2.886801926400497,1.9245346176003313,2.429178600602774,4.837761205972623,0.027565398578227276
4,42.0,756.0,2.8715158488109775,1.9143438992073183,1.9481265805232224,5.086486522095009,0.0341059768590956
4,48.0,750.0,2.7807208482644534,1.8538138988429689,2.726324657618501,5.149989292356925,0.03915044886647353
4,54.0,744.0,2.741885415690902,1.8279236104606014,1.8983668927682544,5.704920007048783,0.043273779219889515
4,60.0,738.0,2.9372383774206785,1.9581589182804524,2.162382750652433,5.583064687332313,0.04595236168016841
4,66.0,732.0,2.9010162991883583,1.9340108661255722,2.444389106848135,4.402070328252493,0.05038015378441133
4,72.0,726.0,2.7955900464374372,1.8637266976249582,2.668596594755516,5.221966868313606,0.0534453259579463
4,78.0,720.0,2.740084794834679,1.8267231965564525,2.6104893752679144,5.797961854110172,0.05753474324926456
4,84.0,714.0,2.7435574424007867,1.8290382949338577,2.787166465655996,5.804328195019331,0.0625128222448353
4,90.0,708.0,2.7208856794088985,1.813923786272599,2.705936802561559,6.0060601121232935,0.06528954278812048
4,96.0,702.0,2.961008873134313,1.9740059154228753,2.5446440216985318,6.34197095480079,0.07108565196025274
4,102.0,696.0,2.8867591674084987,1.9245061116056659,2.7796510508089276,6.301586246329374,0.07686824244322084
4,108.0,690.0,2.836541217992501,1.8910274786616672,2.7105466422019027,5.696107153970997,0.08014451749425969
4,114.0,684.0,2.711308489642696,1.8075389930951307,2.6538545351039926,7.041744738548871,0.08511759566216875
4,120.0,678.0,2.938621017419252,1.9590806782795014,2.8432118467068968,5.721905473627642,0.08946881800573851
4,126.0,672.0,2.7999267978535705,1.8666178652357137,3.019498706151589,6.107613713208699,0.09403446468221399
4,132.0,666.0,2.7524635711856824,1.8349757141237883,3.1589742956667606,7.0068465401461655,0.09605761079041752
4,138.0,660.0,2.9377163816554708,1.9584775877703138,3.290128842268243,6.260855007095388,0.10385869022396717
4,144.0,654.0,2.924015006780961,1.949343337853974,3.000277419041121,6.350236984772594,0.10899070825368767
4,150.0,648.0,2.730181837412619,1.8201212249417462,3.132785451156653,6.2973415765817675,0.11384333695909173
4,156.0,642.0,2.993236827865245,1.9954912185768299,3.2309934447203514,6.967098213752392,0.12011614259737208
4,162.0,636.0,2.746631304801895,1.8310875365345967,3.0030635775378682,6.566627004760409,0.12413213836604108
4,168.0,630.0,2.8227941502972707,1.881862766864847,3.2117764340630837,5.788570677855508,0.12749334852785557
4,174.0,624.0,3.075384564481303,2.0502563763208688,3.2621747064837607,7.400998745501514,0.13158407310862982
4,180.0,618.0,3.0087408133493097,2.00582720889954,3.4810952725127997,8.13434399083047,0.13734739397918477
4,186.0,612.0,2.648111893199229,1.765407928799486,3.5702136655607486,7.05164228317642,0.14173055859771622
4,192.0,606.0,2.820299056250245,1.8801993708334965,3.295336937455158,7.35405248557932,0.14711681766535026
4,198.0,600.0,2.893289092816475,1.9288593952109834,2.827207505852523,7.233210467407797,0.1521409121606969
4,204.0,594.0,2.9225881568867664,1.9483921045911776,2.9916536610336486,6.306041435521999,0.15925259969527794
4,210.0,588.0,3.095182037019935,2.063454691346623,3.336107958765022,6.448807052985547,0.1643531413486915
4,216.0,582.0,2.8354012421182433,1.8902674947454956,3.3013491361448244,7.478649811681061,0.16822314357763982
4,222.0,576.0,2.991608899066673,1.9944059327111152,3.067279105459075,6.757785347624647,0.17459607428922722
4,228.0,570.0,3.1619000446441827,2.1079333630961217,3.3903385920715845,7.091180028991792,0.17765658000494194
4,234.0,564.0,3.034763343897399,2.023175562598266,3.299619486776204,6.822417005297835,0.17957665724020466
4,240.0,558.0,2.9268906645763844,1.9512604430509228,3.5790042569885543,6.75380953278809,0.183607026186119
4,246.0,552.0,2.958205075409942,1.9721367169399613,3.3608487289355016,6.9827881298422625,0.18903336393687734
4,252.0,546.0,2.8373841187853226,1.8915894125235484,3.4397541335718382,8.328337237323598,0.19484464746117577
4,258.0,540.0,2.867352821446598,1.9115685476310655,3.087312951318433,8.286027521629924,0.19810922194261063
4,264.0,534.0,2.903654914964915,1.9357699433099433,3.6494180182921,7.1449949573606935,0.20356634699193696
4,270.0,528.0,2.6913944320311356,1.7942629546874238,3.638022757299488,7.016279532170523,0.2072077099946692
4,276.0,522.0,2.884117440219449,1.9227449601462994,2.601208678281006,8.248133097046278,0.21129739158323635
4,282.0,516.0,3.1179078174096033,2.078605211606402,3.1637093186210414,7.44907587192734,0.21746396095721904
4,288.0,510.0,2.749710981049508,1.8331406540330055,3.4830639436251247,7.031109111195158,0.22147918209450623
4,294.0,504.0,3.122504989372803,2.081669992915202,3.508033103763879,6.923597940688364,0.22611916989615136
4,300.0,498.0,3.038720007946131,2.025813338630754,3.2825811672224923,6.998784400073454,0.23122178887531913
4,306.0,492.0,3.085475405932381,2.0569836039549205,3.335666835235785,6.354154016214536,0.2374661383445154
4,312.0,486.0,3.0239301893750152,2.0159534595833435,3.2178924279465484,7.95887849304954,0.24335033626141478
4,318.0,480.0,3.056378716859981,2.0375858112399876,3.8795744502785228,7.3554069331439695,0.24934623013224685
4,324.0,474.0,3.096101567711849,2.0640677118078994,3.0075012567916377,8.832160674845518,0.2556676461985139
4,330.0,468.0,3.063663846451215,2.04244256430081,3.1886509161271603,6.931684495457324,0.2611432996493066
4,336.0,462.0,3.19817781942174,2.13211854628116,3.4296296576335954,7.6528682962131835,0.2660834565408706
4,342.0,456.0,3.1003164322243135,2.0668776214828757,3.137176465912948,7.3947132048095785,0.27123425679311397
4,348.0,450.0,3.2230040078302307,2.148669338553487,3.362069833102313,7.848007628575971,0.2749910550826193
4,354.0,444.0,3.02135755589439,2.01423837059626,3.2938805062334535,7.204239391164683,0.2802636188099539
4,360.0,438.0,3.271588068447621,2.1810587122984137,3.2604495422796242,6.8712612948802985,0.2857847163587957
4,366.0,432.0,3.1047631645531664,2.069842109702111,3.0787443119000164,8.151576000352977,0.28985857660594144
4,372.0,426.0,3.0682368122707198,2.0454912081804797,3.2261815012611517,7.0686029550376945,0.29383629598869104
4,378.0,420.0,3.2555997408560997,2.1703998272373997,3.0944411008393735,7.423140541061266,0.3000907525144452
4,384.0,414.0,3.0798443798929585,2.0532295865953056,3.14953712194743,6.374115124159571,0.30587897137376546
4,390.0,408.0,3.1014802910523644,2.067653527368243,3.2860109599548974,7.650309606999642,0.31194639925174417
4,396.0,402.0,3.3068645596508612,2.2045763731005743,3.2221740948346422,6.514108146987434,0.3173841884332922
4,402.0,396.0,3.18695680810581,2.12463787207054,3.2192148737292636,6.424605000957488,0.32251810184732727
4,408.0,390.0,3.256131579717855,2.17075438647857,3.3784936321006342,6.526357309170221,0.3285151867364716
4,414.0,384.0,3.294440763637756,2.196293842425171,2.8398332199883054,6.716796107340325,0.333742910466226
4,420.0,378.0,3.2448335979695626,2.163222398646375,3.3005549931534937,6.462397741090011,0.33950857255046574
4,426.0,372.0,3.064159324005804,2.042772882670536,3.049506543695496,6.385947479208807,0.3439802147996935
4,432.0,366.0,3.3793666654839853,2.252911110322657,2.9555889829227406,6.8770241039672815,0.34964748357622283
4,438.0,360.0,3.114302018337016,2.0762013455580104,2.8911558527242307,6.352544280665949,0.35499216438103354
4,444.0,354.0,3.1746172747275936,2.1164115164850625,2.8024690089466877,6.005074583031855,0.35941011384694244
4,450.0,348.0,3.3909778150157805,2.260651876677187,2.63716603037916,6.901721801159072,0.36255514528989075
4,456.0,342.0,3.1163873143428273,2.077591542895218,3.055816835988998,6.651982440755184,0.36599101095363096
4,462.0,336.0,3.0271491818281504,2.0180994545521003,3.0712374690718125,7.2586415507967175,0.3735110581629925
4,468.0,330.0,3.2765303265320584,2.1843535510213723,3.1408668850245487,5.963115016246401,0.37876289168961874
4,474.0,324.0,3.511375945766155,2.3409172971774366,2.8033903693419964,5.920042711294246,0.3892916648649058
4,480.0,318.0,3.47917899555862,2.319452663705747,2.8376962308618614,6.953419470982261,0.3962216938333193
4,486.0,312.0,3.477774392744632,2.3185162618297546,2.914701260266034,6.019840420657821,0.4033538863637138
4,492.0,306.0,3.263830880177167,2.1758872534514446,2.8452960956665763,6.9236937197824835,0.4099444864116203
4,498.0,300.0,3.343858568180879,2.229239045453919,2.626761074296123,5.967643892280651,0.4182177986108909
4,504.0,294.0,3.3920474917067707,2.2613649944711804,2.516587687635925,7.07574298880181,0.42555883424997404
4,510.0,288.0,3.317000337567931,2.211333558378621,2.4927502909107995,5.100456855790494,0.4299323567864946
4,516.0,282.0,3.466283249314287,2.3108554995428583,2.9186639209994745,6.1940875818216465,0.43856307310113757
4,522.0,276.0,3.4509695754231604,2.3006463836154403,2.594047355064457,5.165261028375946,0.4425714267498942
4,528.0,270.0,3.4134172518121457,2.2756115012080973,2.888762797236161,6.0871913131870405,0.44677266793509113
4,534.0,264.0,3.44321080381101,2.2954738692073398,2.3440491329312922,6.135270588804438,0.45572696077321523
4,540.0,258.0,3.405380885007622,2.2702539233384145,2.597201099227458,4.846865139854735,0.460780282922574
4,546.0,252.0,3.448063275527059,2.2987088503513724,2.8264433442532644,5.2834207376037,0.4657988460360416
4,552.0,246.0,3.28938673299777,2.19292448866518,2.8444772490977424,5.100907059019346,0.473037112304264
4,558.0,240.0,3.5549393536744938,2.3699595691163293,2.61545135827561,5.573452553709049,0.47745847259999297
4,564.0,234.0,3.424368790975692,2.282912527317128,2.623705074172631,5.979914145301268,0.4834733533499809
4,570.0,228.0,3.532693722230675,2.3551291481537833,2.7872775662201796,6.096330064661051,0.49119126974436056
4,576.0,222.0,3.5637276592545883,2.375818439503059,2.3433753991085435,5.357465046761632,0.4980555836379806
4,582.0,216.0,3.627230097744559,2.4181533984963726,2.5618041805370386,5.133278025635528,0.5051332295722673
4,588.0,210.0,3.6630595122827514,2.4420396748551676,2.5961547814312644,6.01508003421695,0.512401606823457
4,594.0,204.0,3.7647479302072333,2.509831953471489,2.2664758277830996,5.378723827198886,0.5199464954114305
4,600.0,198.0,3.647193717170706,2.431462478113804,2.2654939368770663,4.7990377216711,0.5312595286614739
4,606.0,192.0,3.616165273153404,2.410776848768936,2.583514531084042,5.690762479524686,0.5384111750206788
4,612.0,186.0,3.6481782078904654,2.4321188052603104,2.200813977453997,4.644017044980141,0.5457452102610164
4,618.0,180.0,3.7323580193553902,2.48823867957026,2.225004559264123,5.209476620387275,0.5511007440447039
4,624.0,174.0,3.8276280025049467,2.5517520016699646,2.6405320020923346,5.310509985394354,0.5554081655175491
4,630.0,168.0,3.6646697274287607,2.443113151619174,2.5733131373390865,5.333505893302024,0.5625641141342497
4,636.0,162.0,3.8371945634309337,2.5581297089539556,2.522590748520656,4.8678579572607354,0.570585599103554
4,642.0,156.0,3.6121475452650285,2.408098363510019,2.1886061443892366,5.859608002744439,0.577773676342731
4,648.0,150.0,3.7038443005408404,2.4692295336938934,2.293938708063889,4.233809824962445,0.583230832553817
4,654.0,144.0,3.9666753237246994,2.6444502158164664,2.408169151454485,4.802587318512025,0.590535385127126
4,660.0,138.0,3.895506569602985,2.5970043797353233,2.0462996498746,5.048615942161782,0.6005808055289924
4,666.0,132.0,3.847484115999575,2.5649894106663833,2.1947386622677794,4.5296996394290945,0.6079942670526212
4,672.0,126.0,3.8326262915365925,2.5550841943577285,1.98413831277049,4.38674601542498,0.615193928026732
4,678.0,120.0,3.685393514115019,2.4569290094100125,2.102516243329313,4.84920616760651,0.6201775335152405
4,684.0,114.0,4.066274732984882,2.710849821989921,1.8350693123481883,4.622488822172694,0.6303364300260463
4,690.0,108.0,3.960327755477184,2.640218503651456,2.0932404153577755,5.167290839667496,0.6372403556855551
4,696.0,102.0,4.027150593829976,2.6847670625533175,2.1521495732052824,4.317910505745592,0.6451651735396758
4,702.0,96.0,3.962906210843566,2.6419374738957107,1.736740727767835,3.875559633191969,0.6513727494604592
4,708.0,90.0,3.8551570586075217,2.570104705738348,2.1386740289083352,4.58224848998856,0.6608843891462445
4,714.0,84.0,4.0172155407003185,2.6781436938002123,2.2950822777880266,4.192157388355546,0.66995284205317
4,720.0,78.0,4.102658515310675,2.735105676873783,2.0637206817221823,4.206965501540438,0.6797693053639202
4,726.0,72.0,3.9651804892200664,2.6434536594800444,1.7676226032927702,4.278359833948794,0.6918212032600904
4,732.0,66.0,4.0550977795553615,2.7033985197035744,1.743003508857715,5.260905328319846,0.7013086872012884
4,738.0,60.0,3.978334435498023,2.6522229569986817,1.7535687589997706,3.837288551656465,0.7133986915977062
4,744.0,54.0,4.001152752245952,2.667435168163968,1.9340988887375292,4.265345411022921,0.7177781440077806
4,750.0,48.0,4.013801566720717,2.675867711147145,1.78193649465206,4.383738938260678,0.7274769047173094
4,756.0,42.0,4.030886287239679,2.6872575248264527,1.9105886911750825,3.6616245751643866,0.7358163199061912
4,762.0,36.0,4.161901913587797,2.774601275725198,1.8548890192360694,4.101139935339004,0.7464608389297291
4,768.0,30.0,4.108008154795161,2.7386721031967736,2.146893515245985,3.1324523501763593,0.757633585558536
4,774.0,24.0,4.225754148182626,2.817169432121751,1.6618851228658753,4.297262621576891,0.7669112276706179
4,780.0,18.0,4.162895914782329,2.7752639431882193,2.1742516177098774,4.415842046777451,0.7769963329160371
4,786.0,12.0,4.299884469160829,2.866589646107219,1.7492211221058147,3.8362874558115916,0.7849512134698908
4,792.0,6.0,4.1354036454257646,2.7569357636171765,1.8791396636349438,3.6723061252073412,0.796981650524586
4,798.0,0.0,4.282576806121812,2.855051204081208,1.7970186409191133,3.487038183889433,0.8102719597734233
5,0.0,1038.0,2.720214159881138,1.8134761065874254,1.8868335969876455,3.4786844735099915,0.0027160052308481506
5,6.0,1032.0,2.8731912294642776,1.9154608196428518,1.6816124640578989,3.4246817122255697,0.007164433903183363
5,12.0,1026.0,2.922530679616927,1.9483537864112845,1.6658791873479457,4.4527656393327675,0.010572686469492804
5,18.0,1020.0,2.9611721579775843,1.9741147719850562,1.9864810258173815,3.9406903553016543,0.01440798172371727
5,24.0,1014.0,2.9952377889357904,1.9968251926238603,1.884142563307528,4.327098686701313,0.018065815524760737
5,30.0,1008.0,2.96475913901713,1.9765060926780869,2.104980298462033,3.839646634739926,0.023049283240021624
5,36.0,1002.0,2.793119040682101,1.862079360454734,2.0746394352886,4.10445428133023,0.026096859949812413
5,42.0,996.0,2.712167361428636,1.8081115742857572,1.9800263110818133,4.323777796807829,0.03053178599292454
5,48.0,990.0,2.9102443531503157,1.9401629021002105,1.9836791587494014,5.023071587285882,0.03546590064926962
5,54.0,984.0,2.636863148925853,1.7579087659505686,2.398249764347992,4.609397733794347,0.03866510111979866
5,60.0,978.0,2.7837928835822594,1.855861922388173,2.1923342658043987,5.163317859381618,0.04319609313526549
5,66.0,972.0,2.7665442954012165,1.844362863600811,2.151044522113448,5.786491816615128,0.04589492106451604
5,72.0,966.0,2.850422785404005,1.9002818569360034,2.466474133991634,5.345913810054583,0.049498600927651924
5,78.0,960.0,2.585714411805569,1.7238096078703793,2.2047063646674103,5.468472129367537,0.05331133590425423
5,84.0,954.0,2.8187812573861772,1.8791875049241182,2.635664452119234,5.275669400153629,0.05627359115071412
5,90.0,948.0,2.7105692971843003,1.807046198122867,2.377951157339308,5.828540581856425,0.05967254009334786
5,96.0,942.0,2.782762609009696,1.8551750726731306,2.5688509006250473,4.99335108354627,0.06182435358120258
5,102.0,936.0,2.711060249503769,1.8073734996691793,2.3478118568131694,5.301836373231355,0.06501981536387728
5,108.0,930.0,2.8540024863733473,1.9026683242488982,2.369920711354792,6.611086421735123,0.06711706757976363
5,114.0,924.0,2.8093864005367566,1.8729242670245043,2.5180115882456557,5.746782302494889,0.07176119136707282
5,120.0,918.0,3.0556530019420856,2.037102001294724,2.4939119713435347,5.673028349301062,0.07429504580131623
5,126.0,912.0,2.873325982564905,1.91555065504327,3.1228627074156,6.103552210219087,0.07817871838353203
5,132.0,906.0,2.8965000330333512,1.931000022022234,3.10259077257573,6.172867909317304,0.08109193168879197
5,138.0,900.0,2.6705131000612896,1.7803420667075265,3.126963151936945,5.596121272181788,0.0833164896673615
5,144.0,894.0,2.6231009325013397,1.7487339550008931,2.9399095544883744,5.624840393662872,0.08735055707293089
5,150.0,888.0,2.8533696246251945,1.9022464164167963,3.0411789379541663,6.86044758796516,0.0911461417736491
5,156.0,882.0,2.8872657268050905,1.9248438178700604,2.7598694798573526,7.027251541988197,0.09454325326394461
5,162.0,876.0,2.8813627292697928,1.9209084861798618,3.1492655195129244,6.030689720935056,0.09920579001901755
5,168.0,870.0,2.928150779988204,1.952100519992136,3.217580758602785,6.4844947500025105,0.10248059717476726
5,174.0,864.0,2.5518338961943963,1.701222597462931,2.6456488589560845,6.791638134823471,0.10383085233402937
5,180.0,858.0,2.835887428753706,1.8905916191691372,3.2892628517272575,6.902924750342831,0.10804541846574872
5,186.0,852.0,2.826750374144874,1.884500249429916,3.269817130832216,6.949883080204603,0.11092998240873872
5,192.0,846.0,2.719476924718684,1.8129846164791228,3.1172086249017497,7.097683657891181,0.11475155636545
5,198.0,840.0,2.829724577510055,1.88648305167337,3.125708581404852,7.049855281331965,0.11839778314389351
5,204.0,834.0,2.984243259334744,1.9894955062231627,2.943404744685224,7.083121015571265,0.12105238095038255
5,210.0,828.0,2.859642815480593,1.9064285436537285,3.206706225068541,6.664831662792251,0.1250465494521934
5,216.0,822.0,2.9320311357945132,1.9546874238630088,2.917480155922103,7.0555826294838075,0.12932389195814267
5,222.0,816.0,2.772002294075942,1.8480015293839613,3.291294024936445,7.934827776973655,0.13298702016049635
5,228.0,810.0,2.9398870677256568,1.9599247118171046,2.85759919434682,6.958479723810378,0.13551641489904795
5,234.0,804.0,2.8090898572611485,1.8727265715074324,3.2512281551480866,7.185551114456498,0.13801452480433052
5,240.0,798.0,2.822123455982211,1.881415637321474,3.1874414423172293,7.060908986198921,0.14042835342207055
5,246.0,792.0,2.793940132860514,1.8626267552403426,3.0856808268487326,7.267674301441047,0.14373787345183411
5,252.0,786.0,2.8549002311595726,1.9032668207730483,3.407447118661311,7.636192762957569,0.14703125755313035
5,258.0,780.0,2.9316231234618115,1.9544154156412077,3.1616824327355233,7.7672784197073295,0.14959322828014482
5,264.0,774.0,3.010323087487167,2.006882058324778,3.3034152357707267,6.506462046020603,0.15241190854373377
5,270.0,768.0,2.931904497219255,1.95460299814617,3.402145617354666,7.900224573755329,0.15617396832790248
5,276.0,762.0,2.798914578998131,1.8659430526654208,3.573541079946732,6.341630788176886,0.15909033750011442
5,282.0,756.0,2.89790176056273,1.9319345070418201,3.2815605877055924,7.542518370503926,0.1639767195559934
5,288.0,750.0,2.8591843929054206,1.9061229286036137,3.2546621103864224,8.193954543345374,0.1669835325274168
5,294.0,744.0,2.973018771858185,1.9820125145721235,2.9404460560594154,6.801741520389295,0.17027731398431412
5,300.0,738.0,3.0169576036013566,2.011305069067571,3.3550080070896615,7.648689106863228,0.1725441199382529
5,306.0,732.0,3.031744720173718,2.0211631467824787,3.4893228449249007,6.871925671422433,0.17654464449912388
5,312.0,726.0,2.7884460043371506,1.8589640028914338,3.092520698823709,7.289641518369198,0.17968652369200488
5,318.0,720.0,3.0698337928208606,2.0465558618805737,3.353221558673442,6.720506179057683,0.1828080997721555
5,324.0,714.0,2.754549557407503,1.836366371605002,3.5970072505158317,7.530760186124428,0.18507225611720693
5,330.0,708.0,2.8875842910792557,1.9250561940528372,3.365446009024338,7.281543022680761,0.18858016467008828
5,336.0,702.0,2.883187401863546,1.9221249345756972,3.360841834731181,6.812023545999861,0.1916165107170631
5,342.0,696.0,2.788816562655732,1.859211041770488,3.451646078220542,6.798438865836829,0.19503566142923864
5,348.0,690.0,2.947617011072396,1.9650780073815974,3.530577265352441,6.95667242773011,0.1982005582237239
5,354.0,684.0,2.813109696422725,1.8754064642818167,3.1704781652030816,7.852290587752421,0.2011625831553046
5,360.0,678.0,2.779509808075738,1.8530065387171586,3.6387417160207725,7.010054593057219,0.20431266600306916
5,366.0,672.0,3.015319477391724,2.010212984927816,3.1054542043458895,7.084137701499175,0.20798565207160372
5,372.0,666.0,2.756219219737807,1.8374794798252045,3.086035500968838,6.7633470313623585,0.21138098678227094
5,378.0,660.0,3.2489990148865453,2.1659993432576967,3.4145863314752853,7.570802027099952,0.21618417872452067
5,384.0,654.0,2.912513973686083,1.9416759824573886,3.622259528424671,7.202971820226517,0.22135295377852582
5,390.0,648.0,3.023050469460148,2.0153669796400986,3.3223205045478497,7.10217334536628,0.22558523645943065
5,396.0,642.0,3.0567133133148405,2.037808875543227,3.0710469094802586,7.811665818092866,0.2308003405559214
5,402.0,636.0,3.035279153000148,2.0235194353334323,2.942199589375975,7.238179786298094,0.23422921121042636
5,408.0,630.0,3.079160330041656,2.0527735533611042,3.307582448831111,6.9823322753570265,0.239710541770589
5,414.0,624.0,2.8866400791338913,1.9244267194225941,3.0108196866546177,6.744841490662333,0.2441085816262771
5,420.0,618.0,3.255106911256731,2.170071274171154,3.3811883352216805,7.548777033448759,0.2504900915719508
5,426.0,612.0,2.866241357675954,1.9108275717839691,3.2216128286232477,7.160115467670142,0.25363326329776736
5,432.0,606.0,3.1475377473899253,2.0983584982599504,3.3689806869952927,7.427943625338348,0.2588777026826582
5,438.0,600.0,3.150909278228796,2.100606185485864,3.1490314355747375,6.771615532530829,0.2631732401282238
5,444.0,594.0,3.078190381533304,2.0521269210222024,3.1809601984857405,8.457077504724188,0.26847192208254045
5,450.0,588.0,3.008737169664996,2.0058247797766637,3.1628265860062657,7.003131308678718,0.2698316604561905
5,456.0,582.0,2.98126630565294,1.9875108704352933,3.4892436220098575,6.5681892562135795,0.2735121981049492
5,462.0,576.0,3.347796051481667,2.2318640343211116,3.074998376768476,7.658496285691992,0.280296545095017
5,468.0,570.0,3.019508047878794,2.0130053652525293,2.8860126005978084,7.775587217552709,0.2830859371327734
5,474.0,564.0,3.145656731898478,2.097104487932319,2.8685430817188244,7.159257601398394,0.28738456673260554
5,480.0,558.0,3.1827471437219854,2.1218314291479903,3.2376234319743484,7.093267234169583,0.2909308015714548
5,486.0,552.0,3.1295991292637955,2.086399419509197,3.3912155800558264,7.5119094243691995,0.29479685797622407
5,492.0,546.0,3.218913093441208,2.1459420622941385,3.3564799960760627,7.870289790036954,0.29877981619149874
5,498.0,540.0,3.079032398390746,2.0526882655938308,2.8190928776067348,7.190923439876137,0.3041386428390156
5,504.0,534.0,3.1606438710844404,2.1070959140562935,3.2379688814049845,6.995196656115737,0.3072084732823827
5,510.0,528.0,3.1579964567658827,2.105330971177255,2.965107913530473,6.761183423695902,0.31098440003054467
5,516.0,522.0,3.2071324398756325,2.1380882932504215,3.1107466557954697,7.004052530084137,0.31464830154770257
5,522.0,516.0,3.007298973185493,2.004865982123662,3.1785965000371665,6.642043325859299,0.31860004589255897
5,528.0,510.0,3.135295230848441,2.090196820565627,3.0063465377736587,7.454221231387817,0.3231727449220629
5,534.0,504.0,3.31417526312228,2.2094501754148532,3.0943261298993483,6.11576284948997,0.32747911134364216
5,540.0,498.0,3.167859537678177,2.111906358452118,3.142865743729699,7.209209210664961,0.33099107865687305
5,546.0,492.0,3.2328247802135883,2.155216520142392,2.895345431648145,7.070970047110359,0.33672020426111177
5,552.0,486.0,3.229860047020719,2.153240031347146,3.2972291287706756,6.98396105097544,0.34015137356595704
5,558.0,480.0,3.198941027793011,2.1326273518620074,3.0098190565875336,6.289857766241461,0.34386957505701476
5,564.0,474.0,3.1503316886260464,2.1002211257506977,2.8280105057386695,6.741840879019332,0.346899444139659
5,570.0,468.0,3.3129310290647265,2.208620686043151,2.7736081927133798,6.424386848081326,0.3515869125750772
5,576.0,462.0,2.97900755082788,1.9860050338852533,3.1022564038201947,6.01009023635197,0.3546237705445617
5,582.0,456.0,3.1924234336611153,2.12828228910741,2.6155256047504025,6.6129115908674105,0.35861951344544213
5,588.0,450.0,3.1049770663192784,2.069984710879519,2.7332558392201367,5.927153872133428,0.3633835478521904
5,594.0,444.0,3.1782136946558937,2.1188091297705958,3.1437656765700996,6.898857219865775,0.36806477064098436
5,600.0,438.0,3.413943907687089,2.275962605124726,2.654239289446387,5.484309809618003,0.37276060527944405
5,606.0,432.0,3.373420718017293,2.248947145344862,2.8886493866602687,6.811783169246357,0.3763113385447819
5,612.0,426.0,3.272048619504987,2.1813657463366583,3.044678812196204,5.54619666334946,0.38131915550900924
5,618.0,420.0,3.2898632167765185,2.193242144517679,2.6416103391690084,6.142376305609719,0.3859841184593986
5,624.0,414.0,3.2290034917159303,2.152668994477287,2.8962701187728035,6.967963559134825,0.39071143945589737
5,630.0,408.0,3.3230016732505954,2.21533444883373,2.8755784467129084,6.38793040712684,0.395323733898254
5,636.0,402.0,3.3675979208223006,2.2450652805482005,2.9363891946379566,5.739542785564144,0.40139445663610984
5,642.0,396.0,3.405353217280596,2.270235478187064,2.7329740037742827,5.964021638965814,0.40791836320994534
5,648.0,390.0,3.413792160519593,2.2758614403463953,2.975752085438994,6.962194148509457,0.41273022001224435
5,654.0,384.0,3.4644810318155943,2.309654021210396,2.9386444996472587,6.538312586028155,0.4160944713453751
5,660.0,378.0,3.5174323189669576,2.344954879311305,2.4939801841309857,6.490310117201025,0.42167785365201466
5,666.0,372.0,3.4644755040105597,2.30965033600704,2.778847969056081,6.688716201020399,0.4273654903786687
5,672.0,366.0,3.3848957997896307,2.256597199859754,2.4685461367469412,6.890468870636797,0.4313223687761099
5,678.0,360.0,3.5278328077142955,2.351888538476197,2.58295060026726,5.994095765238299,0.43584123529690355
5,684.0,354.0,3.5004471371499246,2.3336314247666166,2.5682991398276522,5.845931962728887,0.44055577898476894
5,690.0,348.0,3.2589320299844533,2.172621353322969,2.6613892789435214,6.184091178050512,0.4450484831355981
5,696.0,342.0,3.2612345190136636,2.174156346009109,2.641281049405975,6.086820323882988,0.4486646811985075
5,702.0,336.0,3.4856012998906745,2.323734199927116,2.307839948599632,6.167187994813808,0.4534831666301991
5,708.0,330.0,3.458426890207568,2.3056179268050454,2.294550040557386,5.677553868079464,0.4592042672196972
5,714.0,324.0,3.4784832897110705,2.3189888598073805,3.007004157226324,5.995159719412932,0.46369218066020756
5,720.0,318.0,3.4060119273006197,2.270674618200413,2.514775771262277,5.8609792077592635,0.4695126695421203
5,726.0,312.0,3.4768517813844926,2.3179011875896616,2.701788323261093,5.253920737735644,0.47270760951300167
5,732.0,306.0,3.402625783723596,2.268417189149064,2.7221336023373897,4.893226407593362,0.47608885410649976
5,738.0,300.0,3.3601588081131926,2.240105872075462,2.6904442811684244,5.695897540607178,0.47989302549377083
5,744.0,294.0,3.38711470113824,2.2580764674254934,2.3152749106645754,6.646616241753085,0.4829535847173944
5,750.0,288.0,3.6048025107415596,2.403201673827706,2.490410892531341,5.7353504338685894,0.4876267753243437
5,756.0,282.0,3.6976457375286915,2.465097158352461,2.4340009388909745,6.135992989006224,0.4956664169684558
5,762.0,276.0,3.428758922685179,2.2858392817901194,2.5908232717417605,5.851637409566213,0.5008796515835348
5,768.0,270.0,3.507061090449963,2.338040726966642,2.245354175564592,4.313791383636292,0.5088466829240246
5,774.0,264.0,3.5277267584820238,2.351817838988016,2.239436353828234,5.286086715164413,0.5154751334318872
5,780.0,258.0,3.561668835204373,2.3744458901362484,2.7412073650672637,5.234284695822183,0.5212774711797267
5,786.0,252.0,3.5458944275501514,2.3639296183667677,2.431885460794708,5.74161692076772,0.5263526187544557
5,792.0,246.0,3.469324668685171,2.3128831124567806,2.4036312170670233,4.481286555800327,0.5308715419062897
5,798.0,240.0,3.9993065198555255,2.66620434657035,2.5736196632480257,5.85264810807401,0.5408680799675792
5,804.0,234.0,3.783447773716032,2.522298515810688,2.578389919150757,5.4282512258295155,0.5471838714434228
5,810.0,228.0,3.488901708069911,2.3259344720466073,2.3243234813993086,5.778240682452066,0.5509131251744976
5,816.0,222.0,3.512250569467124,2.3415003796447493,2.682875379587016,4.405531488928291,0.5568343009155
5,822.0,216.0,3.888878539608272,2.592585693072181,2.0780397342937906,6.154486304787035,0.5656949708236761
5,828.0,210.0,3.56824297753691,2.3788286516912733,2.2201028540256336,4.347157128717834,0.5692772159906679
5,834.0,204.0,3.838869562320681,2.559246374880454,2.3499380947034427,5.360294220571137,0.5749647581305933
5,840.0,198.0,3.7073851275999656,2.471590085066644,2.2768883533739523,4.755351449316259,0.580709754893947
5,846.0,192.0,3.6725199666776143,2.448346644451743,2.1302541815062934,5.171899889625939,0.5875879516309482
5,852.0,186.0,3.7081743771822278,2.4721162514548185,2.3385098374201183,4.609750645335015,0.5906838626048307
5,858.0,180.0,3.6914771232152854,2.46098474881019,2.442733079683067,4.449256386307831,0.5987842322629933
5,864.0,174.0,3.7913235532263827,2.527549035484255,1.9621680998467013,5.473851746363069,0.605304965368071
5,870.0,168.0,3.869968853982943,2.579979235988629,2.050514042094447,4.585958979605694,0.6126651263405639
5,876.0,162.0,3.9622547804999466,2.6415031869999646,2.3855536118934926,4.468551637553937,0.6181784123506058
5,882.0,156.0,3.7701729336256644,2.5134486224171098,1.9828416209142752,3.844290897017342,0.6246863489395117
5,888.0,150.0,3.8687420125685823,2.579161341712388,2.3005536438586174,4.011521444063557,0.6298528860737721
5,894.0,144.0,3.7861818286836098,2.5241212191224065,2.049726691799697,5.336676289748573,0.6357636281238952
5,900.0,138.0,3.9154131027444956,2.610275401829664,1.8462325850975474,5.145654447076829,0.6419401559467316
5,906.0,132.0,3.8318090326176772,2.5545393550784516,2.6252529504139437,3.8061394130433452,0.6485901800215704
5,912.0,126.0,3.9585756304207345,2.6390504202804896,2.4179465260952195,4.396287909030296,0.6561021226197566
5,918.0,120.0,3.866894336457408,2.577929557638272,1.8673679106984395,3.6790501991730467,0.6630451606930526
5,924.0,114.0,3.80607436207065,2.5373829080471,2.120507612190233,4.200073751355215,0.6682302132645579
5,930.0,108.0,4.000112999429844,2.666741999619896,1.8814937226008377,5.110938291090356,0.6723202919908953
5,936.0,102.0,4.0581224288927205,2.705414952595147,2.251569515673195,4.167523845663109,0.6790203254207975
5,942.0,96.0,3.8262830916145867,2.5508553944097243,2.0980900499133797,4.603344596987388,0.6836786874595495
5,948.0,90.0,3.9152832031406595,2.610188802093773,2.1302259271431216,4.113730151257694,0.6887471969506719
5,954.0,84.0,4.038911299178674,2.692607532785783,2.266727486950916,3.752302281195235,0.6986119161415699
5,960.0,78.0,4.000757167650191,2.667171445100127,2.0360105662011874,4.2891363005883765,0.7074940209354008
5,966.0,72.0,4.060601987553245,2.707067991702163,2.370619331547287,5.2836529808393164,0.7159303791965815
5,972.0,66.0,4.215875977139762,2.810583984759841,1.8105892426566346,4.223652565206576,0.722287125992938
5,978.0,60.0,4.112362528203399,2.741575018802266,2.2724225011262003,3.7084976481713743,0.7307213359200313
5,984.0,54.0,4.215699245634963,2.810466163756642,2.1182570108568988,3.6931913083491734,0.7368964977482716
5,990.0,48.0,4.000988833302831,2.667325888868554,1.4607124617488385,4.447154082953005,0.7464439859698718
5,996.0,42.0,4.151800961080644,2.767867307387096,2.117002575320827,3.6473242906099648,0.7531980184158586
5,1002.0,36.0,4.166181207670836,2.777454138447224,2.008107983977731,4.584606534965549,0.7600397194807199
5,1008.0,30.0,4.174986767958441,2.7833245119722942,1.889247823290718,3.286980280106762,0.7691652661036967
5,1014.0,24.0,4.25256934139142,2.83504622759428,1.653671326767733,3.0,0.7756434879636244
5,1020.0,18.0,4.228308353435917,2.8188722356239446,2.1357703084544806,3.700358643067054,0.7835880578110065
5,1026.0,12.0,4.302762305680993,2.8685082037873286,1.9336679138661286,3.0,0.7896823392050683
5,1032.0,6.0,4.304749145749981,2.8698327638333208,1.920788205540221,3.9992643997103277,0.797082084677926
5,1038.0,0.0,4.145560329606805,2.7637068864045364,2.041620471408209,4.6498542751966765,0.8045836290180447
6,0.0,1140.0,2.682842379231419,1.7885615861542794,1.8106490982326924,4.172345668798739,0.0037360103054875854
6,6.0,1134.0,2.929370472485513,1.9529136483236753,1.7017869255008908,3.4362590867101654,0.007316121728074403
6,12.0,1128.0,2.705926891754728,1.8039512611698187,1.686503689935458,4.158817840088849,0.010885854285376386
6,18.0,1122.0,2.7129145755618254,1.808609717041217,1.697050017762458,3.854209756983246,0.014796662392535218
6,24.0,1116.0,2.7374038075260314,1.824935871684021,1.6615875468470143,3.500495123658893,0.017488873998073893
6,30.0,1110.0,2.7453835069393384,1.8302556712928923,2.034574807460395,3.626669897815818,0.019678084037232733
6,36.0,1104.0,2.6672868859242476,1.7781912572828318,1.9722096194405871,3.9534053045074042,0.022056449817665972
6,42.0,1098.0,2.6920602152111783,1.7947068101407855,2.2126997169471885,5.66973452471331,0.025502696465336493
6,48.0,1092.0,2.9131824049273156,1.9421216032848772,2.4413780218196113,4.428257782736106,0.028822923171686006
6,54.0,1086.0,2.670058719767542,1.7800391465116947,2.011700051641672,4.6708389885578665,0.03216370493314599
6,60.0,1080.0,2.8220195100104184,1.8813463400069457,2.341607269213925,4.658923121872958,0.03454518533330718
6,66.0,1074.0,2.917952276872156,1.9453015179147706,2.577635624099725,4.391827110712716,0.037902623930792974
6,72.0,1068.0,2.6821749235742893,1.788116615716193,2.5281798963897413,5.037473746132599,0.041377149258469866
6,78.0,1062.0,2.7388338570808046,1.8258892380538698,2.5107164630324292,5.019962353319332,0.04488408600455547
6,84.0,1056.0,2.9095225838678274,1.9396817225785516,2.153854620694319,4.949916044318644,0.04671886408398705
6,90.0,1050.0,2.6284796419082173,1.7523197612721448,2.3925981668396608,5.523229507359299,0.050173639591398894
6,96.0,1044.0,2.70975257687329,1.8065017179155267,1.9607527703735737,4.432460992995385,0.0523765871473882
6,102.0,1038.0,2.8260230872951713,1.884015391530114,2.805661293546238,5.790818581428318,0.05588655905845101
6,108.0,1032.0,2.9147604748320983,1.9431736498880656,2.182679928363455,5.754331152383557,0.05827094844419383
6,114.0,1026.0,2.8032122264425814,1.868808150961721,2.5867963173065087,5.057583358923532,0.06042081649999474
6,120.0,1020.0,2.7793631481148227,1.8529087654098817,2.760234354582356,6.07013270045221,0.06388039069261206
6,126.0,1014.0,2.6310302456121373,1.7540201637414248,2.4274309254195843,5.664197849447253,0.06657625535942234
6,132.0,1008.0,2.8224164133027543,1.8816109422018361,2.541361436324886,4.648829791493607,0.07082742742275254
6,138.0,1002.0,2.877302681670861,1.918201787780574,2.8228820559021766,6.177610681790858,0.07531503607990636
6,144.0,996.0,2.682366890793145,1.7882445938620968,2.71110243596859,5.719453084594611,0.07700892303453605
6,150.0,990.0,2.929370595386628,1.952913730257752,2.739328993676859,6.6123359134696775,0.08039071849941902
6,156.0,984.0,2.834819799136619,1.8898798660910794,2.5677267153586723,6.4962911323804855,0.08263080095319478
6,162.0,978.0,2.795339370433051,1.8635595802887008,2.7774754417915175,5.696920895240447,0.08421384559576317
6,168.0,972.0,2.661042397571701,1.7740282650478008,3.1162860964267334,6.568043094573021,0.08691825554508151
6,174.0,966.0,2.903161030377347,1.9354406869182315,2.653528034877327,5.16411044607993,0.09106590221773513
6,180.0,960.0,2.8062401050716588,1.870826736714439,2.952182790274784,5.949012857769106,0.09381795551462566
6,186.0,954.0,2.595025647428115,1.73001709828541,3.5271142290463544,5.798252816045712,0.0967504759952516
6,192.0,948.0,2.8813753507294217,1.9209169004862812,2.9983661415189338,6.587758754130924,0.10088194305293652
6,198.0,942.0,3.057504059660614,2.0383360397737427,2.9231572769766725,7.316298632451122,0.10469832864363182
6,204.0,936.0,2.7866437488427453,1.857762499228497,2.914268858841846,6.600801952398195,0.10829091174450814
6,210.0,930.0,2.9855129218887058,1.9903419479258038,2.996357561528251,7.423331997745459,0.11215334711163343
6,216.0,924.0,2.9064300793208497,1.9376200528805665,3.2648388862688726,7.156429455517357,0.11407024640023095
6,222.0,918.0,2.8486784268811114,1.8991189512540743,3.1677356325711314,6.734330898352373,0.11745955431670023
6,228.0,912.0,2.771231536115092,1.8474876907433948,3.0770821984198484,7.420754814076123,0.12013188732705539
6,234.0,906.0,2.7376346982699173,1.8250897988466115,3.0377435072413554,6.093817365516881,0.12370519003666125
6,240.0,900.0,3.0191272823020907,2.012751521534727,3.1355108206983893,7.776265857586307,0.12758417168856415
6,246.0,894.0,2.8301118563970555,1.886741237598037,3.009250137751404,7.153346065062619,0.13092177368434885
6,252.0,888.0,2.600204470031239,1.7334696466874926,2.964899246356538,7.581670033155334,0.13303423816041468
6,258.0,882.0,2.7240013819691233,1.8160009213127488,3.1170864090078325,7.067414641956455,0.1342530519880911
6,264.0,876.0,2.8916048808566677,1.9277365872377785,3.360821870965752,7.657523036285237,0.13739504779295814
6,270.0,870.0,2.9405235388347988,1.960349025889866,3.2142573029738526,7.544283467344327,0.14020047895274843
6,276.0,864.0,3.022721649923889,2.015147766615926,3.469908197739473,7.465227298144914,0.1449991189208749
6,282.0,858.0,2.9188473265346997,1.9458982176897999,3.207313371559957,7.068601006093136,0.14858720836648676
6,288.0,852.0,2.9301889222496733,1.9534592814997822,2.977156320889843,8.07763431005402,0.15125484716251164
6,294.0,846.0,3.0408697507103875,2.027246500473592,3.3635903131307536,7.390942043384178,0.15468500715652034
6,300.0,840.0,2.9586492548639787,1.9724328365759858,3.421537571906931,7.692913624797318,0.15908274508990236
6,306.0,834.0,2.975851654231934,1.9839011028212894,3.0537009441181446,7.1355676588692685,0.1635614791227745
6,312.0,828.0,2.992919284515593,1.9952795230103952,3.1094193315469303,7.155518637889905,0.16586038559975239
6,318.0,822.0,2.9751727868825144,1.9834485245883429,3.504232039223519,7.5330519137547345,0.16861885489034134
6,324.0,816.0,2.706593488009638,1.8043956586730918,3.2890969002359367,6.088606523312906,0.17169922138723615
6,330.0,810.0,2.985099464255827,1.9900663095038846,3.381549165824939,7.196508495786294,0.17431110221029109
6,336.0,804.0,2.990873362553603,1.9939155750357351,3.3752434840709418,6.658004653529213,0.1789609352135162
6,342.0,798.0,2.8534378710829738,1.9022919140553158,3.0815082548067703,7.6467121235612785,0.18285307461776565
6,348.0,792.0,2.974453031236975,1.9829686874913166,3.8427141682319674,7.375515373728237,0.18677796255730086
6,354.0,786.0,2.91927961875515,1.9461864125034334,3.416452741727989,7.300238207895091,0.1904664148563108
6,360.0,780.0,3.03740756029679,2.024938373531193,3.6189968638168826,6.496193405167508,0.19322508842034802
6,366.0,774.0,2.920944982852278,1.947296655234852,2.9493268561918313,7.252998328397455,0.197158844430652
6,372.0,768.0,2.9963605919348626,1.997573727956575,3.092098530712688,8.377159915070294,0.20125202690233612
6,378.0,762.0,2.9395904484240236,1.9597269656160157,3.35236432590432,6.94981083678812,0.20454617648039447
6,384.0,756.0,2.8774812093707816,1.9183208062471877,3.4519907374906627,7.761947305251193,0.20806188241022372
6,390.0,750.0,2.8568715778608724,1.9045810519072484,3.3971293937999443,8.600860878704216,0.21085955260216724
6,396.0,744.0,3.0069661715382288,2.004644114358819,3.3420919439861545,7.332928309243968,0.2152835007454546
6,402.0,738.0,2.9484210595306957,1.9656140396871304,3.4644140419568936,7.6219059307242585,0.21881160040178688
6,408.0,732.0,3.023705636534561,2.0158037576897074,3.148158758056873,7.421490093793656,0.22222134729698212
6,414.0,726.0,3.0426394344339185,2.028426289622612,3.2785156320473283,7.521848886179556,0.22456907840282572
6,420.0,720.0,3.047211696178071,2.031474464118714,3.134139756989867,8.328901411185605,0.2273283203573415
6,426.0,714.0,2.9518343180282476,1.967889545352165,3.500914807708803,7.1739984076696075,0.23075713190336344
6,432.0,708.0,3.0418879398940315,2.0279252932626877,3.1708514276666246,7.82607336463208,0.23592013393435868
6,438.0,702.0,3.071771142222543,2.047847428148362,3.529675493806515,7.082325130718565,0.24000361675679557
6,444.0,696.0,3.0209674988068596,2.0139783325379064,3.049432579550551,6.695131128440389,0.24411455404466958
6,450.0,690.0,2.9615472843271857,1.9743648562181237,3.095821839265571,7.2922134759650845,0.2479260931180794
6,456.0,684.0,3.240331902426282,2.160221268284188,3.2595697677440447,6.702338780010901,0.2526458946393845
6,462.0,678.0,3.1282694496008396,2.0855129664005596,3.1559390467970756,7.295981260525393,0.2567866645662912
6,468.0,672.0,3.0423631759968424,2.0282421173312284,3.1289733135454734,6.656053052586664,0.260337336317253
6,474.0,666.0,3.030572938731451,2.020381959154301,3.0979058671158284,7.159723615714743,0.26385841620266565
6,480.0,660.0,2.874107527888498,1.9160716852589987,3.208000797068457,7.243958375891685,0.2665399115054789
6,486.0,654.0,2.854634982085557,1.9030899880570382,3.24844458076374,6.450889917507817,0.2699290681274849
6,492.0,648.0,3.1454492072033364,2.0969661381355578,3.420787138712993,7.04338181039603,0.2741427780299166
6,498.0,642.0,3.1521747250392274,2.1014498166928184,3.598138233356956,6.414707788350276,0.2772767269960246
6,504.0,636.0,3.0360242396231345,2.0240161597487565,3.4304885845377426,7.364323952463553,0.28097859354175825
6,510.0,630.0,3.100366116503889,2.066910744335926,3.058376777453406,6.126090492594912,0.2855395124432519
6,516.0,624.0,3.185656024429846,2.123770682953231,3.192445287902229,7.028798374084761,0.2912399694654211
6,522.0,618.0,2.8906643915385652,1.9271095943590435,3.1618737669132955,6.775735564929347,0.2939980808863262
6,528.0,612.0,3.0130165413418113,2.0086776942278743,3.30638316085443,7.211437763621453,0.29763914984377166
6,534.0,606.0,3.229344922855223,2.1528966152368154,3.3115941126409654,7.157355614563112,0.30156455910654245
6,540.0,600.0,2.977747405567734,1.985164937045156,3.1464076908642316,6.3368007604867325,0.30416206688601327
6,546.0,594.0,3.174277722145461,2.116185148096974,2.953567150139038,7.417294450678419,0.30753817565039837
6,552.0,588.0,3.087202102739297,2.0581347351595314,2.859420609316729,6.62545580487217,0.31120474007749216
6,558.0,582.0,3.1608133387482598,2.1072088924988397,2.6097935927532845,8.042032642664823,0.31437324487837176
6,564.0,576.0,3.254952378682377,2.1699682524549178,3.2919791220448,6.880237432345542,0.3187884612560614
6,570.0,570.0,3.155765268766987,2.103843512511325,2.9295116204828013,7.593963561900845,0.32133253620584606
6,576.0,564.0,3.1588791870791653,2.1059194580527767,2.999366360669587,6.915589330169401,0.3252950378730666
6,582.0,558.0,3.2675470081895086,2.178364672126339,3.308053109746909,7.033074657295071,0.3292912423044668
6,588.0,552.0,3.28246533247933,2.1883102216528867,3.3515367956914774,6.153105753947746,0.3338043806187343
6,594.0,546.0,3.1813408600318525,2.120893906687902,3.270032023833253,5.775737968208559,0.3388750287917207
6,600.0,540.0,3.2472524353054943,2.1648349568703296,3.3437134242387225,6.593637113640665,0.3441299272681813
6,606.0,534.0,3.2850503561479574,2.190033570765305,2.869144986049896,6.3847136732320235,0.349495956366768
6,612.0,528.0,3.1389128388027774,2.0926085592018517,2.800789920039688,7.567688808929687,0.3533204275170127
6,618.0,522.0,3.1839085763969863,2.122605717597991,3.3139109117287573,6.502099586201744,0.3562741449263983
6,624.0,516.0,3.101970848905257,2.0679805659368378,2.782750807570882,6.604957518134313,0.3605649732258433
6,630.0,510.0,3.391759154905778,2.2611727699371853,2.939712403306034,6.394664949836437,0.3653338648686103
6,636.0,504.0,3.1531302329376114,2.1020868219584075,3.0095541345096497,6.228652992014297,0.3703353228969153
6,642.0,498.0,3.2826770180160865,2.1884513453440575,2.7873184388445233,6.001813885007116,0.3754856233404179
6,648.0,492.0,3.397249499711665,2.2648329998077767,3.409421990853285,6.856841888489099,0.37767527020837394
6,654.0,486.0,3.17127954385382,2.1141863625692134,2.908229018182851,6.249167963790131,0.3821228982168041
6,660.0,480.0,3.486334696690212,2.324223131126808,2.538889421880266,6.973581681224371,0.3867967315261906
6,666.0,474.0,3.2740216988631405,2.182681132575427,2.859595831103845,6.206088239290649,0.3929432762111053
6,672.0,468.0,3.2458463641883553,2.1638975761255703,3.0684837514420433,6.294887590256165,0.39828032304130123
6,678.0,462.0,3.2178218082787624,2.145214538852508,2.847486214139258,6.411797127437536,0.40244591705967203
6,684.0,456.0,3.289728492130419,2.193152328086946,3.3434641734825767,6.401620303928382,0.4061313521551278
6,690.0,450.0,3.4442036726800014,2.2961357817866674,2.950098478453266,6.5158524566336276,0.4100898230722389
6,696.0,444.0,3.4426446191514466,2.295096412767631,2.5403560825790605,6.303803196089925,0.4139745053084319
6,702.0,438.0,3.509509648275806,2.3396730988505374,2.953693161602728,6.980446254346692,0.4183684315104985
6,708.0,432.0,3.7559746157744867,2.503983077182991,2.8747894065750748,5.5225172691756725,0.4233242268120355
6,714.0,426.0,3.6511369961204756,2.4340913307469836,2.840131828926441,5.778614685784907,0.427354263924246
6,720.0,420.0,3.384205347713218,2.2561368984754786,3.0224941224370996,5.5222660267594454,0.43025686335154606
6,726.0,414.0,3.7309049307050905,2.4872699538033936,2.92211905814893,5.772396535985395,0.43504179047230096
6,732.0,408.0,3.4250441049155773,2.283362736610385,2.8236368205057922,5.750430443138242,0.4395242501951523
6,738.0,402.0,3.575535484081195,2.383690322720797,2.3484375992157753,6.212085851423151,0.4441296325348697
6,744.0,396.0,3.5720924380060772,2.381394958670718,2.8879744783900194,6.183260204925888,0.4483507083227107
6,750.0,390.0,3.4488481031165423,2.2992320687443617,2.250064823700035,6.874021572239645,0.45166028796332025
6,756.0,384.0,3.364523448200153,2.2430156321334356,2.6843248464305844,5.522906490241675,0.4549300478627381
6,762.0,378.0,3.3771265445962393,2.251417696397493,2.66563091997677,5.411201107240667,0.45814678179303897
6,768.0,372.0,3.5774009150867334,2.3849339433911556,2.8796606595003995,4.757866973984704,0.46160543433823453
6,774.0,366.0,3.4380493456717858,2.292032897114524,2.4937269652267826,5.156111692656904,0.46582418566244715
6,780.0,360.0,3.4462842603050743,2.2975228402033827,2.568903836775942,4.2663523698289705,0.4706635753271263
6,786.0,354.0,3.3406066047169753,2.2270710698113168,2.732472397439751,7.1285003940284355,0.474800010598519
6,792.0,348.0,3.600346119641508,2.4002307464276718,2.282782013236368,5.843043462133709,0.48075122964901107
6,798.0,342.0,3.4785591670571616,2.3190394447047744,2.605885822499566,5.096669600216086,0.48610167809630656
6,804.0,336.0,3.668990950915882,2.445993967277255,2.4889104184012885,4.964560500417005,0.4914015910989771
6,810.0,330.0,3.7311397797715684,2.487426519847712,2.7740126585061518,5.227484358333355,0.4943928531478455
6,816.0,324.0,3.639355627477226,2.4262370849848174,2.337013312533618,5.848988164342296,0.4996764284229939
6,822.0,318.0,3.4392710570037934,2.292847371335862,2.58484931676244,5.3694322338879665,0.5034469444970251
6,828.0,312.0,3.4411650760834642,2.2941100507223093,2.1594985591673788,6.366268514403837,0.5069694803027607
6,834.0,306.0,3.699089749679178,2.466059833119452,2.5576029321022626,5.233214411352371,0.5103283660100323
6,840.0,300.0,3.690563665640332,2.4603757770935544,2.654618826923329,6.001855044340005,0.515741665576587
6,846.0,294.0,3.793730418798747,2.529153612532498,1.9163757634915317,5.973131773083103,0.5200590096082713
6,852.0,288.0,3.7055897468175814,2.470393164545054,2.4808148259275034,5.336746180705775,0.5250955800348632
6,858.0,282.0,3.623422322802842,2.4156148818685614,2.1320024429407636,5.283833924485151,0.530758574773719
6,864.0,276.0,3.5672628404152307,2.3781752269434873,2.6114075968432418,5.609684298367862,0.5355306329966689
6,870.0,270.0,3.700608647695086,2.467072431796724,2.4827652966575644,4.575899906420371,0.5394846018708912
6,876.0,264.0,3.5091343915193707,2.3394229276795806,2.267940503066372,5.406162885649219,0.5452013287262891
6,882.0,258.0,3.4808159080952557,2.3205439387301703,2.4283901477411662,4.871690262302164,0.5489066522500975
6,888.0,252.0,3.679219264700817,2.452812843133878,2.5000906033749164,5.1243597273089,0.5515692920159976
6,894.0,246.0,3.794464289455968,2.529642859637312,2.4869146134301365,4.136431931894189,0.558756106557195
6,900.0,240.0,3.6937986463120707,2.4625324308747136,2.2861269253250094,4.673939470269978,0.5643126439226022
6,906.0,234.0,3.664631555379505,2.4430877035863365,2.3753378824621616,4.972635568079395,0.5696577597405225
6,912.0,228.0,3.7451031076202526,2.4967354050801682,2.4362304912140087,5.205090343005646,0.5736306506124967
6,918.0,222.0,3.607013078330163,2.404675385553442,1.9018865312254047,4.998868927339536,0.5790407350666075
6,924.0,216.0,3.5788298847340627,2.3858865898227086,1.9979027304541128,5.357942411422554,0.5841045029696564
6,930.0,210.0,3.557998470581123,2.3719989803874153,2.2858017204839687,4.874973879657092,0.5875579346333064
6,936.0,204.0,3.8586321452644983,2.572421430176332,2.3528824162149835,4.390202434320672,0.5933219517099967
6,942.0,198.0,4.02841110913901,2.6856074060926733,2.410361950680574,4.839205568132291,0.5986186680916341
6,948.0,192.0,3.7842164398790006,2.5228109599193336,2.432067939903824,4.709995559907547,0.6034635014046841
6,954.0,186.0,3.841242282489992,2.5608281883266613,2.406512419861416,5.359763441748924,0.6091257365946577
6,960.0,180.0,3.9349044892798135,2.6232696595198757,2.0571183057205316,5.034383875744943,0.6147862748801348
6,966.0,174.0,3.8788316057792205,2.585887737186147,2.0464053818373826,4.29827830363385,0.6225707425220557
6,972.0,168.0,3.779654565597005,2.5197697103980032,2.0254718621955026,5.137913825413054,0.6284350566805942
6,978.0,162.0,3.9748317327769955,2.64988782185133,2.485837338611274,3.983125895669784,0.6337206421400704
6,984.0,156.0,3.8754968729842623,2.5836645819895083,2.240907074458804,4.1941804753270535,0.6410020980017243
6,990.0,150.0,3.82604214410887,2.5506947627392464,2.6218552797167716,5.213737824716007,0.6480559738930958
6,996.0,144.0,3.848980072546598,2.5659867150310656,2.151329841526916,4.277199710022889,0.6531893270192891
6,1002.0,138.0,3.9682675861389645,2.645511724092643,2.3647647869064823,4.378145040751175,0.6592884578641706
6,1008.0,132.0,3.9336518516147203,2.622434567743147,1.9688844170325215,3.868880667793874,0.6639669188577675
6,1014.0,126.0,3.975475992503584,2.650317328335723,1.9848487872713938,3.8825342610964055,0.6680666991427081
6,1020.0,120.0,3.9394498788863572,2.6262999192575713,2.1450315781763005,4.216191318449713,0.6703196959112572
6,1026.0,114.0,4.105143058609958,2.736762039073305,1.8416070778885234,3.9749896981215227,0.6775234828078334
6,1032.0,108.0,4.068191979733119,2.712127986488746,2.1543365455381256,4.60662928161844,0.6834223376491426
6,1038.0,102.0,3.846188384094537,2.5641255893963577,2.0721427988360546,3.3225046770766777,0.6897371151304713
6,1044.0,96.0,3.8790347508901366,2.586023167260091,2.2318957705388747,4.608784251028302,0.6964294019470344
6,1050.0,90.0,4.1375549010127255,2.7583699340084835,2.0682398741766117,4.741132605930903,0.702013863086667
6,1056.0,84.0,3.8880793044401663,2.5920528696267775,2.218293391489658,3.7006608538226367,0.7102587931625689
6,1062.0,78.0,4.194751454044297,2.796500969362865,1.9465951122401237,4.424915121388347,0.7188281341058721
6,1068.0,72.0,4.204827317046536,2.803218211364357,2.0360998967015362,4.961228884056188,0.7250810261885602
6,1074.0,66.0,4.099873908158092,2.733249272105395,2.1764738041793983,4.298837925688462,0.7295185230088881
6,1080.0,60.0,4.078139505387122,2.718759670258081,2.102513697950244,3.99600111876189,0.7344892893882682
6,1086.0,54.0,4.16993633178259,2.7799575545217263,2.3614026707259135,4.30195134631961,0.7436820935661083
6,1092.0,48.0,4.065637584149833,2.7104250560998886,1.7927901735574314,3.1880977401351878,0.7493834401265488
6,1098.0,42.0,4.2037971900799,2.8025314600532667,2.036936013835854,4.020746364804405,0.7547474559601215
6,1104.0,36.0,4.270536640790541,2.8470244271936944,2.1620009830615894,3.9278695730751427,0.7613072653315548
6,1110.0,30.0,4.217375862323499,2.8115839082156664,1.9557046046203017,4.487881843111923,0.7693822156944963
6,1116.0,24.0,4.428348843446175,2.95223256229745,2.2297778527076937,4.122398533085037,0.7725755867719537
6,1122.0,18.0,4.374284635189193,2.9161897567927952,1.5905296423276925,3.2238479293623072,0.7809796699771826
6,1128.0,12.0,4.100287815796712,2.733525210531141,1.8525262952312658,4.865111812297219,0.787861858030888
6,1134.0,6.0,4.264925630327071,2.843283753551381,1.7315344487488211,3.472432082821151,0.7942595997619636
6,1140.0,0.0,4.383432053410939,2.9222880356072927,1.7208520870710589,3.6932221297046848,0.8016695435761148
7,0.0,960.0,2.8554817629039495,1.903654508602633,1.8152408639374684,3.2342159834883377,0.005284458903548222
7,6.0,954.0,2.841639822109397,1.8944265480729312,1.630244439817024,3.594420335207363,0.009603098184098314
7,12.0,948.0,2.780292540700104,1.853528360466736,1.33228962078576,3.1602388340201917,0.013663036139905441
7,18.0,942.0,2.6151130587880407,1.7434087058586938,1.9384057039716291,3.5557469690867936,0.018269875448645712
7,24.0,936.0,2.8347947452833293,1.8898631635222196,1.7742489579615306,4.482290320850373,0.021454299013973943
7,30.0,930.0,2.856500998578109,1.9043339990520727,1.904486022702741,4.040035224830102,0.02252138232182741
7,36.0,924.0,2.6090387200777405,1.7393591467184937,2.0655438999732434,4.082724636786946,0.02424725726696163
7,42.0,918.0,2.790445199083657,1.8602967993891049,2.1475652493213655,3.6805419128038546,0.026675411900969462
7,48.0,912.0,2.7999224124970428,1.866614941664695,1.8406142875236144,4.460206990907157,0.02907257024990989
7,54.0,906.0,2.730530058591136,1.8203533723940906,2.029354565638568,4.620972020152771,0.03128582489381576
7,60.0,900.0,2.8798402707263313,1.9198935138175541,2.7257005062565325,4.546685857653343,0.03485257042616128
7,66.0,894.0,2.851829589301933,1.9012197262012887,2.3971558172469085,5.124505814616884,0.03766460672199182
7,72.0,888.0,2.729691904396875,1.81979460293125,2.4207149929280014,5.651534582896253,0.04121239164630219
7,78.0,882.0,2.78525229787613,1.8568348652507531,2.4591772634056444,4.313219373654872,0.04483142988298069
7,84.0,876.0,2.631519702549399,1.754346468366266,2.696955673286292,5.146599690267884,0.04801217451772738
7,90.0,870.0,2.8776074051507408,1.9184049367671605,2.8669349254780823,4.804604055940718,0.052529134699837415
7,96.0,864.0,2.8469178993901068,1.897945266260071,2.6132990344468277,6.298569027455138,0.057669251955646345
7,102.0,858.0,2.710214546251741,1.8068096975011605,2.4630440476187636,5.57979730004407,0.06091472041427373
7,108.0,852.0,2.811635089661443,1.8744233931076286,2.882301732541965,6.159987915051741,0.06400814401182166
7,114.0,846.0,2.7106587367574835,1.807105824504989,2.6973471480375193,5.672647111027159,0.06631956401350951
7,120.0,840.0,2.8651644036543185,1.9101096024362123,2.6535019465046745,6.958645648825805,0.0720125527987393
7,126.0,834.0,2.814282474183069,1.876188316122046,2.771135170637898,6.2257036170282065,0.07642011930377812
7,132.0,828.0,2.9081642986419243,1.9387761990946162,2.887972395985251,7.12080790987249,0.08193651432790583
7,138.0,822.0,2.7719931917765113,1.8479954611843408,3.1418336008597176,5.9516282624179615,0.08568644062908592
7,144.0,816.0,2.8596860502139365,1.906457366809291,3.227269685452252,6.363235766805806,0.08895366417112663
7,150.0,810.0,3.0428820040504005,2.028588002700267,2.8509284168183875,6.123772293992563,0.09287484706573765
7,156.0,804.0,2.9455487988306954,1.9636991992204635,3.114349005519855,6.233411833811818,0.09652658587693057
7,162.0,798.0,2.732594053119492,1.821729368746328,2.91489536771622,6.7286129840230995,0.09975002741886871
7,168.0,792.0,2.84134360139498,1.8942290675966535,3.3410799522571013,6.975035879409183,0.10251224437112975
7,174.0,786.0,2.6287730211119404,1.7525153474079602,3.052459848234121,6.85100586680461,0.10513167720825407
7,180.0,780.0,3.015176739774011,2.0101178265160073,2.871400840505138,7.010933502686023,0.10806663292850271
7,186.0,774.0,2.766490462993591,1.8443269753290608,3.705401470349793,6.513886383815383,0.1129412722152089
7,192.0,768.0,2.7995044118114505,1.866336274540967,3.125157500187998,7.408820417145626,0.11681451455061166
7,198.0,762.0,3.2150805533777214,2.1433870355851474,3.4490006092778134,6.173088313158237,0.12112510051006202
7,204.0,756.0,2.819033225304656,1.8793554835364372,3.421496495165601,6.661422697773534,0.12533044105145089
7,210.0,750.0,2.917332306985776,1.944888204657184,3.3654874547585116,6.996800883128537,0.13099124243150154
7,216.0,744.0,2.7479783419729555,1.8319855613153038,3.1561672609911806,7.180737538682629,0.13462426583549225
7,222.0,738.0,2.797774991075532,1.865183327383688,3.360599586685575,6.93047111606275,0.13942520584541698
7,228.0,732.0,2.9284907345598157,1.9523271563732105,3.689330787096674,7.1914869387715745,0.1443817423800682
7,234.0,726.0,3.0930429074457275,2.0620286049638183,3.1350267754958328,6.585864430350412,0.14580156272819667
7,240.0,720.0,2.795457565149543,1.863638376766362,3.335922666456151,7.603204566683724,0.14851637212147667
7,246.0,714.0,3.063432853839609,2.042288569226406,3.575449881585033,8.0449406881961,0.15197546868091302
7,252.0,708.0,2.9177767744446443,1.9451845162964296,2.9909895479219277,6.862069117081915,0.15440409114184997
7,258.0,702.0,2.990316435500281,1.9935442903335208,3.646004483598735,7.04567054645359,0.15919033924406317
7,264.0,696.0,2.9655008680508392,1.9770005787005596,3.2168097681060197,7.363806917889488,0.16239629906601546
7,270.0,690.0,3.0380540381311216,2.025369358754081,3.38031293982044,7.099717162894196,0.16477167443851376
7,276.0,684.0,2.9376437733682974,1.9584291822455315,3.1852903978087634,7.271579584415824,0.16795002169762924
7,282.0,678.0,2.8617055489260212,1.9078036992840142,3.316990890652611,7.69748248421234,0.17255607327501898
7,288.0,672.0,2.853623615576358,1.9024157437175722,3.4337811090647494,7.897746542086146,0.1768327960389667
7,294.0,666.0,2.995115268585929,1.9967435123906192,3.0817362026013164,7.178828227202984,0.18038007235989922
7,300.0,660.0,3.073084634212471,2.0487230894749806,3.125238950878782,7.295115979107437,0.18421436734695065
7,306.0,654.0,2.8610719415896457,1.9073812943930972,3.08733142079818,7.572013495758393,0.18596453086472312
7,312.0,648.0,3.130147249529652,2.086764833019768,3.2383771787526285,7.424288449644573,0.1907596412689423
7,318.0,642.0,3.028503023726341,2.0190020158175606,3.4389846610115837,6.998131064802406,0.19448737122551396
7,324.0,636.0,3.0109379333437394,2.007291955562493,3.470722942025376,7.213957818585138,0.20014370009222815
7,330.0,630.0,2.8704248102980294,1.9136165401986862,3.061482329276362,7.853908520357367,0.20416196427655653
7,336.0,624.0,2.9564209552523613,1.970947303501574,3.4207098879289295,6.603384133272444,0.2074106361848697
7,342.0,618.0,2.9758260497189974,1.9838840331459984,3.327180329197327,7.396132296259345,0.2117229778188289
7,348.0,612.0,3.1471705167514754,2.098113677834317,3.3961817094185904,7.2884371309597435,0.2147283833088448
7,354.0,606.0,2.9818427924803226,1.9878951949868817,3.4996231891181426,8.12881672707736,0.2183966829706035
7,360.0,600.0,2.923638878283954,1.949092585522636,3.6135988521848006,7.445195327470986,0.22232949486450354
7,366.0,594.0,3.0537761223784736,2.0358507482523156,3.5037554285597445,7.387337682571066,0.22703875517888966
7,372.0,588.0,2.9350628546788156,1.956708569785877,3.544629515357245,7.359250400548775,0.23313150682574643
7,378.0,582.0,2.9629956895579834,1.9753304597053223,3.007727772258135,7.444225922778697,0.2381062133152687
7,384.0,576.0,3.116448282619209,2.077632188412806,3.51926726678845,7.88084363838914,0.24372970388996215
7,390.0,570.0,2.9188692727637013,1.9459128485091342,3.320495892545672,7.38689408549539,0.24856887063058736
7,396.0,564.0,3.0291480192062115,2.019432012804141,3.2030890770665277,7.2996730873425975,0.2529187925514513
7,402.0,558.0,3.1983779237507304,2.1322519491671534,3.3012179464105613,7.7947624787086305,0.2553197264136273
7,408.0,552.0,3.137362865298171,2.0915752435321138,3.3958722989197496,7.333447251033792,0.2604453559467128
7,414.0,546.0,3.0092014613686078,2.006134307579072,3.934701585850812,7.1218526665314315,0.2642864987301116
7,420.0,540.0,3.0616642297947747,2.04110948652985,3.387424813445824,7.427972944476058,0.27057179194085235
7,426.0,534.0,3.2844553607817955,2.1896369071878636,3.20786819853702,6.637805302966515,0.2733010620591014
7,432.0,528.0,2.9597539211443507,1.9731692807629004,3.53655479679186,6.756437036755236,0.2775492451363849
7,438.0,522.0,3.0653316903126253,2.043554460208417,3.281873126245404,7.673204933474087,0.2820090243878322
7,444.0,516.0,3.180367134850534,2.1202447565670224,2.772942934982479,6.6779873458883365,0.2859084591626329
7,450.0,510.0,3.0481830540156722,2.032122036010448,3.278128943107246,7.573075759741436,0.29138689332790435
7,456.0,504.0,3.15607693572686,2.1040512904845734,3.032245369632016,7.050825284418636,0.29429199422207714
7,462.0,498.0,3.0627462366961358,2.0418308244640904,3.120105708439338,6.772653720607702,0.29950925077084223
7,468.0,492.0,3.0556218965801563,2.037081264386771,2.7804419824583206,6.791695947266716,0.3025707006350671
7,474.0,486.0,3.326430047566349,2.2176200317108994,2.9807679303107038,6.745514548764246,0.3079627175182673
7,480.0,480.0,3.105984843723333,2.0706565624822217,3.4798149859775167,6.80448735221178,0.31258933678596273
7,486.0,474.0,3.2896300266142635,2.193086684409509,3.230063920595926,6.742914538802303,0.3179119122695317
7,492.0,468.0,3.184036971757403,2.122691314504935,3.228395349595705,7.422419378218109,0.32142337931327686
7,498.0,462.0,3.1014569733018815,2.0676379822012545,3.170402055110117,6.172143510847951,0.32467678979610326
7,504.0,456.0,3.0977756404932015,2.065183760328801,3.3939061260687318,7.2101344187068825,0.3276905980481226
7,510.0,450.0,3.1169517876905894,2.077967858460393,3.1569262729078593,6.407750559342906,0.3335355588637972
7,516.0,444.0,3.2612211691276705,2.174147446085114,3.000754474480401,6.744511813949651,0.3394408400511022
7,522.0,438.0,3.34696894915901,2.2313126327726733,3.018002499654178,6.7225942625907855,0.34476374884308836
7,528.0,432.0,3.313062611552784,2.208708407701856,3.1083902534044854,7.101644697364813,0.34851134822150387
7,534.0,426.0,3.2151904303387484,2.143460286892499,3.004847533871551,6.772977316975722,0.3540313992625191
7,540.0,420.0,3.2473515389087124,2.1649010259391415,2.924076333453045,6.139443566812011,0.3579982855160005
7,546.0,414.0,3.2139964463939537,2.142664297595969,2.91855243869515,7.17443506992906,0.3640331853832903
7,552.0,408.0,3.1431629231379543,2.095441948758636,2.8097620063389313,6.586736741981462,0.3676668436352211
7,558.0,402.0,3.3694916631649443,2.246327775443296,3.0841109317919604,6.672459104050933,0.37329324562392224
7,564.0,396.0,3.5320637115445224,2.3547091410296814,2.7724492030691557,6.745822508210683,0.3802236121296714
7,570.0,390.0,3.307882788034119,2.205255192022746,2.5467812299166885,6.640887066557852,0.38582054163530904
7,576.0,384.0,3.1561610633105692,2.1041073755403796,2.980598250567991,6.458584811996913,0.38933755316659
7,582.0,378.0,3.229469852492572,2.152979901661715,2.785182653115817,5.960924049231842,0.3944598934203838
7,588.0,372.0,3.2545182474460246,2.169678831630683,2.815623520733438,5.972928258818877,0.39988122816498667
7,594.0,366.0,3.2422137186571907,2.1614758124381273,3.0470194809907123,6.443658063825103,0.40438964470978456
7,600.0,360.0,3.5716808996245675,2.381120599749712,2.5687313543630723,5.160832781156111,0.4100272131899452
7,606.0,354.0,3.2253637410350073,2.1502424940233382,2.55348583151065,7.0537685295771535,0.4157989864407721
7,612.0,348.0,3.144960397367733,2.096640264911822,2.840740382468071,6.387756303170124,0.4213235720381229
7,618.0,342.0,3.20714783018645,2.1380985534576333,2.319193856075006,5.888869110047258,0.4260166588320002
7,624.0,336.0,3.3470297592508196,2.2313531728338796,2.620415368652647,5.916317736258686,0.4327425030193948
7,630.0,330.0,3.344818847333348,2.2298792315555653,2.8447049152330806,5.785463703545051,0.43651314999685087
7,636.0,324.0,3.2505490877480656,2.167032725165377,2.980877060326419,6.379500263474859,0.44216801479661105
7,642.0,318.0,3.3448228147140604,2.2298818764760404,2.6980369262319543,5.683624419779619,0.4470074389517234
7,648.0,312.0,3.3115593990849095,2.2077062660566065,2.7703936181986513,5.449662671315531,0.44979361264846873
7,654.0,306.0,3.4942252002023615,2.3294834668015745,2.889352325084157,5.95812660254099,0.45430906584400627
7,660.0,300.0,3.4909339497974106,2.3272892998649404,2.9080988949250175,6.016465590381647,0.46131315270220463
7,666.0,294.0,3.5491111204048957,2.3660740802699305,2.6517247737041965,5.9076183334506585,0.4658276411601678
7,672.0,288.0,3.4712152947033452,2.31414352980223,2.604103757354385,5.472240082633387,0.46940868012716713
7,678.0,282.0,3.372229219542996,2.248152813028664,2.61126648544686,5.159815058602914,0.47423287256573804
7,684.0,276.0,3.315543638966013,2.210362425977342,2.2351919778308034,5.931625111737706,0.4777846451849554
7,690.0,270.0,3.3271381547171965,2.2180921031447975,2.5924256654455116,5.038863195290434,0.48320628036020136
7,696.0,264.0,3.6049469476691107,2.4032979651127406,2.6824785759362175,5.22008451141501,0.486873626240788
7,702.0,258.0,3.2992564982511743,2.1995043321674497,2.3248703800843593,5.266216802149798,0.48992489915204224
7,708.0,252.0,3.458382679671443,2.305588453114295,2.2593291028126794,6.364891268958032,0.49742662743000404
7,714.0,246.0,3.617137893819261,2.411425262546174,2.865958970436987,5.403484196524165,0.5072160140462976
7,720.0,240.0,3.707050628388019,2.471367085592013,2.6884214255851457,4.697075200472286,0.5162800721682628
7,726.0,234.0,3.5847848443661383,2.389856562910759,2.3622276281002383,4.667702395666711,0.5219608664416474
7,732.0,228.0,3.686517814608523,2.457678543072349,2.562094096190974,5.374293694710733,0.5276990916613105
7,738.0,222.0,3.724680013034824,2.4831200086898826,2.597150947819718,5.124031676828908,0.5347495485504776
7,744.0,216.0,3.7104383715206195,2.473625581013746,2.7109546059102683,5.212148741893426,0.5401438991419764
7,750.0,210.0,3.5570602945785064,2.3713735297190044,2.184006904280264,5.569090114729161,0.5454616312246069
7,756.0,204.0,3.4231612019084197,2.2821074679389466,2.350578775673477,4.289814346889961,0.5496115845493351
7,762.0,198.0,3.808721741407898,2.5391478276052655,2.112042187437276,4.589880024144083,0.5597259054763329
7,768.0,192.0,3.474571628514646,2.3163810856764306,2.4194740308399343,4.827623442134875,0.5678144967422581
7,774.0,186.0,3.733448432939924,2.488965621959949,2.491799333811289,5.038348575484491,0.5721456403449668
7,780.0,180.0,3.7072938441630976,2.471529229442065,2.2537838763971862,6.063133510572198,0.5807400017971776
7,786.0,174.0,3.6002011311712043,2.4001340874474697,2.2070459739369097,5.527825325426193,0.5860965205491596
7,792.0,168.0,3.8464605749858904,2.564307049990594,2.065666232761001,4.348428764279786,0.5918378093753075
7,798.0,162.0,3.777226777267404,2.518151184844936,2.343424873793286,3.423396886179497,0.597059908871644
7,804.0,156.0,3.886448342907234,2.5909655619381557,1.9581318470177564,4.360781690591217,0.6033938690772501
7,810.0,150.0,3.9732082389323877,2.648805492621592,1.8959305774145594,4.9067697817977605,0.6131021217963969
7,816.0,144.0,3.992184139714491,2.661456093142994,1.863603904969733,3.8675888898023683,0.6208157747448543
7,822.0,138.0,3.936319926995551,2.6242132846637007,2.2002762696001996,3.8071424789973047,0.6277258214663165
7,828.0,132.0,4.033809700273053,2.689206466848702,2.328761645572606,4.289653114271112,0.6347182059361541
7,834.0,126.0,3.8719050765574785,2.581270051038319,2.193546990197871,4.5057542867887665,0.6437814632398827
7,840.0,120.0,3.840682032446588,2.560454688297725,1.8861051387008738,4.6864186249128785,0.6480026661705716
7,846.0,114.0,3.9249447846098477,2.6166298564065653,2.167224053581998,4.350778006621978,0.6571315492489923
7,852.0,108.0,3.9841602226912207,2.6561068151274805,1.749444371666931,4.168052139246985,0.6654789390890841
7,858.0,102.0,3.7915255707013324,2.5276837138008883,2.2850352709229034,4.067475551695827,0.674914778045575
7,864.0,96.0,3.9697300902862445,2.6464867268574963,2.081248272850377,4.536167159652017,0.6795090553252302
7,870.0,90.0,4.272358308263018,2.8482388721753455,1.7455369924639532,4.472430413165622,0.6883621777943391
7,876.0,84.0,4.0047715066953025,2.6698476711302015,2.232335364538102,4.0989939266960285,0.6936217632026158
7,882.0,78.0,3.9832115886328676,2.6554743924219117,2.3372731732606793,4.263690201594048,0.7007052184602189
7,888.0,72.0,3.9986659992173834,2.665777332811589,2.6645549803506303,3.8629315157484347,0.7080057978193971
7,894.0,66.0,4.130929388203681,2.7539529254691204,1.7942535377746143,4.43090735684951,0.71535146936566
7,900.0,60.0,4.2320114964867415,2.8213409976578276,2.018511935225231,4.0834215104542535,0.72409445986081
7,906.0,54.0,4.186663980846605,2.7911093205644035,2.0647577048222816,3.8950806568465057,0.7341153309314644
7,912.0,48.0,4.19240923205012,2.7949394880334135,2.0433877225753254,3.846111993093608,0.7394793473969263
7,918.0,42.0,4.314665091027893,2.8764433940185956,2.2959236389363453,4.37831846141535,0.7445478564002572
7,924.0,36.0,4.118214972217327,2.745476648144885,1.7613146997890903,5.198303372951673,0.7564916718823422
7,930.0,30.0,4.2198610740835045,2.81324071605567,1.7302371169152861,3.8656361852256054,0.7657838757656017
7,936.0,24.0,4.155111591844807,2.7700743945632045,1.574050842847897,4.225170016125558,0.7725180085215672
7,942.0,18.0,4.083297223649881,2.7221981490999205,1.5551164491423455,3.7590990386312395,0.7793402783617874
7,948.0,12.0,4.360555106640817,2.9070367377605444,1.8830677601298107,3.680763050702385,0.7861163937868918
7,954.0,6.0,4.289713561425361,2.859809040950241,1.582269331599506,3.8410140962604427,0.7961385544983796
7,960.0,0.0,4.364912423378323,2.9099416155855486,2.070623010366974,4.727294343005813,0.8071150682831673
8,0.0,1014.0,2.652844037257779,1.768562691505186,1.3859150372810047,3.0,0.0027160986692512734
8,6.0,1008.0,2.8913636069957427,1.9275757379971619,1.7654788616784722,3.422069893334055,0.006556131011270649
8,12.0,1002.0,2.519270484716621,1.6795136564777475,1.6419303659741198,4.446541134619022,0.008971226928730851
8,18.0,996.0,2.7362533025591,1.8241688683727333,1.8898284667693455,4.2451079359472255,0.013034838976110148
8,24.0,990.0,2.8664819550275324,1.910987970018355,1.8432700200379126,4.145567461937468,0.015188593673580426
8,30.0,984.0,2.7820777624079143,1.8547185082719428,1.9212683104294104,4.982473397915311,0.018872667979033565
8,36.0,978.0,2.7775944918067865,1.8517296612045244,2.2588051870675967,3.8255099083542996,0.021542166348710385
8,42.0,972.0,2.6343454684609884,1.7562303123073255,2.052746768634897,3.508118500147515,0.025013662555179603
8,48.0,966.0,2.7869696285862102,1.8579797523908068,1.9439027811493297,4.7608626739626,0.02858200326552121
8,54.0,960.0,2.789250213909841,1.8595001426065607,2.0906426105127576,4.859163984063625,0.03176709015374293
8,60.0,954.0,2.764422017294668,1.8429480115297787,2.607926009503644,6.135856714367536,0.03495691544320082
8,66.0,948.0,2.7855964109469187,1.8570642739646124,2.4176159389329963,4.674690866470404,0.03761209720815737
8,72.0,942.0,2.980819209140585,1.9872128060937235,2.609529570806846,5.464708502114606,0.04147234788948569
8,78.0,936.0,2.7732609182653913,1.8488406121769276,2.4555116995924045,4.8607716281458,0.04504960100098818
8,84.0,930.0,2.64637533623966,1.7642502241597733,2.212197333882155,5.060681582124504,0.04663001296421504
8,90.0,924.0,2.6053993381879446,1.7369328921252964,2.2816570175145725,4.739727135475479,0.048859952782123836
8,96.0,918.0,2.645834818545177,1.763889879030118,2.4373610687845235,4.591968765871899,0.05232097882019563
8,102.0,912.0,2.5170147742456255,1.6780098494970836,2.236173098265538,5.235097723139495,0.05588972536898104
8,108.0,906.0,2.724291993218131,1.8161946621454206,2.530442627166518,6.23378159913417,0.05880172927058813
8,114.0,900.0,2.7227287359091843,1.815152490606123,2.6705551325357493,4.858664398217583,0.06190979829145989
8,120.0,894.0,2.981203971440505,1.9874693142936701,2.6783626311932838,6.176498916077337,0.06555773675238072
8,126.0,888.0,2.7893265206569566,1.8595510137713045,2.744851782557545,5.75852629711289,0.06926031616835746
8,132.0,882.0,2.747974228141006,1.8319828187606706,2.7431020579111203,5.890018214810896,0.07279010041946148
8,138.0,876.0,2.7950030053596118,1.8633353369064078,2.767751284854437,6.504518652442453,0.07534547583800938
8,144.0,870.0,2.7659410860152267,1.8439607240101512,3.0484441667780398,7.020830341384022,0.0786245896559696
8,150.0,864.0,2.654371719153031,1.7695811461020208,2.8242720368990946,6.326263052491682,0.08166371643639296
8,156.0,858.0,2.601936852560301,1.734624568373534,2.813112875838423,6.254268896103554,0.08484250874017503
8,162.0,852.0,2.7933908267656005,1.862260551177067,2.737077102520301,6.130473673191929,0.08722872470009595
8,168.0,846.0,2.5834818090267,1.7223212060178001,2.757217756704236,6.144911309010163,0.09077776734123029
8,174.0,840.0,3.0353758410049623,2.023583894003308,3.006842356381214,7.078750449157586,0.09548270951785841
8,180.0,834.0,3.034176712476719,2.0227844749844794,3.144388722297229,5.959750503988857,0.09920015748220815
8,186.0,828.0,2.8125210260455806,1.8750140173637204,2.6066796407113184,7.290604109544638,0.10208006357611223
8,192.0,822.0,2.856607282684892,1.9044048551232613,2.8797674950664565,6.911132732459175,0.10581383173513265
8,198.0,816.0,2.851223972497474,1.9008159816649828,3.3458903899699717,7.229092021921655,0.10838905335170024
8,204.0,810.0,2.9126928898416566,1.9417952598944377,2.9881931766764023,6.979038155683984,0.11145788051967283
8,210.0,804.0,2.77968285932201,1.8531219062146735,3.063298739799824,6.76499196670561,0.11412636473280952
8,216.0,798.0,2.9481400956783497,1.965426730452233,3.0469551958826804,7.807241652149962,0.11677002960760793
8,222.0,792.0,2.92647797273283,1.9509853151552201,3.194550117972104,7.814452555709721,0.12089557969130607
8,228.0,786.0,2.8922080623210182,1.9281387082140122,2.9548979060585623,7.970800327734939,0.12552589358004398
8,234.0,780.0,2.7836285547970414,1.8557523698646943,3.146073030292299,7.184187998082357,0.128520290802862
8,240.0,774.0,2.870700734579071,1.9138004897193808,3.2823890961381683,6.898145936129493,0.13229441668838593
8,246.0,768.0,2.7873885774323224,1.8582590516215483,3.0937944766233128,6.714269199002388,0.136029876326045
8,252.0,762.0,2.922601324895931,1.9484008832639539,2.9480700770629062,6.089027770483841,0.1383781621350543
8,258.0,756.0,2.8626923987282793,1.9084615991521863,3.1636508717414835,8.730926448481757,0.14361933953184491
8,264.0,750.0,2.8821839676120646,1.9214559784080432,2.9352606445730993,6.896709535401639,0.14689749027682739
8,270.0,744.0,2.8171003288934555,1.8780668859289704,3.1066131814098115,8.198402368178092,0.15001454463658423
8,276.0,738.0,2.7096370744821585,1.806424716321439,3.163235744216798,7.165832764979968,0.1541805667011719
8,282.0,732.0,2.8947204794169967,1.9298136529446646,3.537009648535605,7.57966088922428,0.15730857347933047
8,288.0,726.0,2.912246959235711,1.9414979728238073,3.5421433796571393,6.572882371476939,0.16122223728712975
8,294.0,720.0,2.8124451915501636,1.8749634610334425,3.502363453157697,7.5752842384050645,0.16401870878726021
8,300.0,714.0,2.904252325167775,1.9361682167785166,3.3082605087895267,7.347422644275998,0.1660827541997283
8,306.0,708.0,3.000724354751326,2.000482903167551,3.0457569874179127,8.163033014727661,0.17053133337115917
8,312.0,702.0,3.0053778559320325,2.003585237288022,3.565826328244443,6.818077184672016,0.1754892515269036
8,318.0,696.0,3.0022264944666666,2.0014843296444442,3.7058462685917988,7.51136356817485,0.17978598279282282
8,324.0,690.0,2.8515146677071708,1.9010097784714473,3.1867895905859593,6.590189845530845,0.18247004674709216
8,330.0,684.0,3.0193852105202565,2.012923473680171,3.367792523704651,7.213550086303374,0.1883643512010825
8,336.0,678.0,3.0929225492502983,2.0619483661668654,3.5071243316209775,7.482957562605608,0.19301549836614373
8,342.0,672.0,2.969415000568487,1.9796100003789914,3.1565879096086102,6.239150803340572,0.19645687962403116
8,348.0,666.0,2.7195826310543905,1.8130550873695936,3.502454774012656,7.652756249506235,0.20060473863603648
8,354.0,660.0,3.0927417119400737,2.061827807960049,3.102754068797993,7.0203512881883725,0.204706852796047
8,360.0,654.0,2.8118646506077365,1.874576433738491,3.0307860562727873,7.932992089263531,0.2078797113594463
8,366.0,648.0,3.3108217544146425,2.207214502943095,3.129670584138277,7.477092139715344,0.21237838058389163
8,372.0,642.0,2.991119999117448,1.994079999411632,3.1997855803403255,7.1338629490041034,0.21616447670154174
8,378.0,636.0,3.1312139261630723,2.0874759507753815,3.5187635201735263,7.709708754773111,0.22098973136971364
8,384.0,630.0,2.8929640451465475,1.928642696764365,3.110609407103307,6.864861183763017,0.22536306564795885
8,390.0,624.0,3.1525925905568197,2.1017283937045463,3.281681461335143,7.072863198119953,0.2298769008368144
8,396.0,618.0,2.8682143800025406,1.9121429200016937,3.1498500904674227,7.329844393158653,0.23340517972379093
8,402.0,612.0,3.276124631024842,2.1840830873498946,3.30567146466906,7.295243104221901,0.23708283099849553
8,408.0,606.0,3.061155884996807,2.040770589997871,3.530320738724046,6.95428469207748,0.24030099769467353
8,414.0,600.0,3.032298208862056,2.0215321392413705,3.051194588947608,6.011042611690242,0.24570532063004225
8,420.0,594.0,2.989305695848706,1.9928704638991375,3.479468667084895,6.893485902518143,0.24904815350133014
8,426.0,588.0,2.8571943002514986,1.9047962001676657,3.2646030777916932,7.223649825185527,0.2528700436554957
8,432.0,582.0,2.9205516543660717,1.9470344362440477,3.123602646168803,6.769237893567254,0.2566650672883338
8,438.0,576.0,3.0303513044535006,2.0202342029690006,3.561555776425796,6.5008859878495056,0.2601953688514326
8,444.0,570.0,3.1325118034813615,2.088341202320908,3.266283575046515,7.038032285971303,0.2640742459101369
8,450.0,564.0,2.949443396006045,1.9662955973373633,3.292340109225038,7.61604610508962,0.2661117602053154
8,456.0,558.0,3.0834986562185933,2.0556657708123955,3.3557999478380163,7.149264485975916,0.27034888134572455
8,462.0,552.0,3.2946289608234443,2.1964193072156295,3.4832131132570154,8.017971537721728,0.2738130499944687
8,468.0,546.0,3.117536516517906,2.078357677678604,3.3150835052296723,7.537812451628015,0.2798700687392643
8,474.0,540.0,3.175596287729063,2.117064191819375,2.9868010960382536,6.670094614838426,0.28274350276159294
8,480.0,534.0,2.9074141708228716,1.9382761138819145,2.9929402575376423,7.31474438877421,0.2870910834314
8,486.0,528.0,3.1470827208318037,2.0980551472212023,2.7342013548906494,7.095728090527684,0.29207694376584176
8,492.0,522.0,3.2852307037414867,2.1901538024943243,3.22487231701925,6.904982317182072,0.2963446370677676
8,498.0,516.0,2.919599675535408,1.946399783690272,3.2270589476129867,6.989360668960259,0.29860076821789244
8,504.0,510.0,3.324504855079994,2.2163365700533295,2.9750551361280033,7.026541823076967,0.30321650164662634
8,510.0,504.0,3.0810535814728026,2.0540357209818683,3.3446513543156136,7.996489729074702,0.30678447261971065
8,516.0,498.0,3.2119747239279612,2.141316482618641,3.131903710018379,6.712220752134584,0.3106588362671145
8,522.0,492.0,3.292436300209779,2.194957533473186,3.2054675393243923,7.112630147850317,0.3167345773473058
8,528.0,486.0,3.2562779415422147,2.170851961028143,3.0754276308823316,6.326045889643872,0.32088288263942716
8,534.0,480.0,3.0996053574048585,2.066403571603239,3.194945199095963,6.000194144080758,0.3252016952373911
8,540.0,474.0,3.176231034518309,2.1174873563455394,3.1506970254937756,7.458660498078276,0.33095594809077494
8,546.0,468.0,3.2347125908386634,2.1564750605591088,3.0347124090255613,6.71234116511543,0.33672339988821987
8,552.0,462.0,3.267402385021443,2.178268256680962,3.1573780194801815,6.619358740706055,0.34170447122397124
8,558.0,456.0,3.3162691844464676,2.2108461229643117,3.1571957186412574,6.367924687859928,0.34667003597805346
8,564.0,450.0,3.4545687189657293,2.3030458126438194,2.9704457096852206,7.162683285555229,0.34990079324266826
8,570.0,444.0,3.2552194755823654,2.1701463170549102,3.2855122413919178,6.154178268668773,0.35535394253121555
8,576.0,438.0,3.1189486531482853,2.0792991020988567,2.6227251536667326,6.371670034803842,0.36077797372396975
8,582.0,432.0,3.1739337700987362,2.115955846732491,2.980246200578781,6.039672108904128,0.36253456733938616
8,588.0,426.0,3.1563885304036337,2.104259020269089,3.027163322919155,6.007353068258678,0.36580116059859286
8,594.0,420.0,3.2656407324806827,2.1770938216537883,3.001316541606686,6.986056964556458,0.3702387729780789
8,600.0,414.0,3.3148945354466997,2.2099296902977996,2.959061480757359,6.234970785297393,0.37389854172068393
8,606.0,408.0,3.5492291399965556,2.366152759997704,2.9066544577104505,5.977302276670225,0.38113569222172267
8,612.0,402.0,3.399782836911336,2.2665218912742238,2.8116262417381654,7.2555935382552,0.38608031399755294
8,618.0,396.0,3.207994189961551,2.138662793307701,3.0656055241230473,6.754710853985451,0.39013052335963905
8,624.0,390.0,3.340679462083974,2.227119641389316,3.107000852894446,6.482295401455805,0.394824067197505
8,630.0,384.0,3.2705575969936787,2.180371731329119,2.9533421490911627,6.735320201522351,0.39994026080582273
8,636.0,378.0,3.1824003466559874,2.1216002311039914,3.009296544043782,6.842922808185464,0.40405704798717973
8,642.0,372.0,3.1874871269618192,2.124991417974546,3.1085812765657046,6.182145136071948,0.4089740524108232
8,648.0,366.0,3.477398477530948,2.3182656516872986,2.9822081452362585,6.737200193460576,0.41377638743215167
8,654.0,360.0,3.140071134640273,2.0933807564268485,2.5189980871520823,6.1529098259294,0.41618337162020774
8,660.0,354.0,3.449692601603689,2.2997950677357926,2.5293632728348463,6.417063290745426,0.4202885724465821
8,666.0,348.0,3.371372704786288,2.2475818031908585,3.1184950284079718,6.621371755675984,0.4264579698048824
8,672.0,342.0,3.416798606054415,2.27786573736961,2.836340653610503,5.717719394863528,0.43219444851230926
8,678.0,336.0,3.5719469261333483,2.3812979507555654,2.662163828795748,5.731115212415787,0.43656755583109347
8,684.0,330.0,3.460061736254967,2.306707824169978,3.1138485541870358,6.075414323324108,0.4428656447246373
8,690.0,324.0,3.364783520793771,2.243189013862514,2.8946661179151874,6.0180763370332615,0.4483295460940436
8,696.0,318.0,3.463748526571533,2.3091656843810218,2.33634397118338,5.453687941467198,0.4531945837399845
8,702.0,312.0,3.4400072810833464,2.2933381873888976,2.6984157218718496,4.914488627279684,0.4571602863687236
8,708.0,306.0,3.411372091532529,2.274248061021686,2.768478951835301,6.388573726267895,0.46378164512154524
8,714.0,300.0,3.309460317718556,2.206306878479037,2.90763479774866,5.298091010103973,0.46623923012393836
8,720.0,294.0,3.5201932254059263,2.346795483603951,2.34073545764902,5.2073776878387275,0.4732163618679071
8,726.0,288.0,3.5370157206107304,2.3580104804071538,2.744879699641992,5.231152131767935,0.4781216161518188
8,732.0,282.0,3.4444338913654615,2.296289260910308,2.2817565300491878,5.305281449185109,0.48428287516675966
8,738.0,276.0,3.5571770598996593,2.3714513732664395,2.8035523360294654,5.465023069208288,0.48883504317689447
8,744.0,270.0,3.5413934830401987,2.3609289886934657,2.915371750137326,6.005471924594768,0.49452181985030497
8,750.0,264.0,3.583288876865586,2.388859251243724,2.290808045649769,5.713865128209082,0.49859065215087545
8,756.0,258.0,3.533985808681649,2.3559905391210996,2.7827983968929506,4.592643752474847,0.5026685205184849
8,762.0,252.0,3.562970840293204,2.3753138935288027,2.6551420713295455,5.8285569934538195,0.5060426434034784
8,768.0,246.0,3.5974987361697974,2.398332490779865,2.7771430836479083,5.722065085501901,0.5129006507920607
8,774.0,240.0,3.3999583986473927,2.266638932431595,2.1660102249758086,5.6479097732767585,0.5191181253807469
8,780.0,234.0,3.6040774828820097,2.40271832192134,2.2707307929906086,4.799536930000916,0.5247366776879343
8,786.0,228.0,3.478297323055092,2.318864882036728,2.6669316771105103,5.026294969038192,0.5309030489991226
8,792.0,222.0,3.843320553593273,2.5622137023955154,2.4457515546321624,5.540529628807822,0.5412863514629577
8,798.0,216.0,3.8125508327495,2.5417005551663334,2.317475303475321,5.340238897166591,0.5479568170776145
8,804.0,210.0,3.5305931971817897,2.353728798121193,2.1390569664601675,5.572094516289019,0.5550178763452611
8,810.0,204.0,3.638722468021982,2.4258149786813212,1.9502865476504514,4.628246127552849,0.56110303961973
8,816.0,198.0,3.546793618497636,2.364529078998424,2.261706323204223,4.5908030670424385,0.5684851932597826
8,822.0,192.0,3.5705831269639807,2.3803887513093205,2.242044418502959,4.769014684498929,0.5746715124273815
8,828.0,186.0,3.799885592666287,2.5332570617775247,2.4048891397140526,6.004363604070601,0.5857681038889235
8,834.0,180.0,3.695895971377215,2.4639306475848097,2.6774337852241836,4.308241105303121,0.5894975710448046
8,840.0,174.0,3.5587068071509,2.3724712047672667,2.4846236233795356,4.483848064956498,0.5940273789661283
8,846.0,168.0,3.8887988293344273,2.5925325528896184,2.3628900066951517,4.841089444006116,0.6012634116068254
8,852.0,162.0,3.9222227967951198,2.6148151978634133,2.358987159812386,5.408297496990501,0.6065720193333485
8,858.0,156.0,3.767267171131395,2.51151144742093,2.3165909478315907,4.317935871331695,0.6109226523353345
8,864.0,150.0,3.954077490449164,2.6360516602994424,2.1909163991523073,5.011119453332557,0.6171486500970792
8,870.0,144.0,3.912606599614381,2.6084043997429207,2.221855622842543,5.103119354987617,0.6222466789417112
8,876.0,138.0,3.754691279976066,2.503127519984044,2.3969275227741864,4.282865295092128,0.6286639815377313
8,882.0,132.0,3.9422953812207533,2.6281969208138354,2.1227236019154074,4.673652599245571,0.6344360155671017
8,888.0,126.0,3.9188074456769058,2.612538297117937,1.9429076274096435,5.507166495104741,0.640903513274913
8,894.0,120.0,3.773919763019622,2.515946508679748,1.992338736804602,5.449932865891275,0.645579712351545
8,900.0,114.0,3.973703514491321,2.6491356763275475,1.9657696761466066,3.966204712844508,0.6545464396614021
8,906.0,108.0,3.9095749365986245,2.60638329106575,2.296765307049029,4.978378244797544,0.6609530151858589
8,912.0,102.0,4.003656428589543,2.669104285726362,2.0258355089776874,3.591003372841346,0.6713996736903287
8,918.0,96.0,3.9992318814708745,2.6661545876472497,2.1703639298910886,4.350792094892993,0.6790585450147327
8,924.0,90.0,3.9948810388637024,2.663254025909135,2.1152100675805054,4.3264650000993035,0.6851494664447024
8,930.0,84.0,3.939740840638517,2.626493893759011,2.0854041581952383,4.783077002175873,0.6919372616322255
8,936.0,78.0,4.200016763750222,2.800011175833481,2.1523004330383344,4.576127859751596,0.6976219532184118
8,942.0,72.0,4.122706321201558,2.7484708808010385,1.7847919976298996,3.7069928974176287,0.706666414969728
8,948.0,66.0,3.946721157052689,2.6311474380351263,2.0781334300008543,3.680907272718056,0.7165615430148999
8,954.0,60.0,4.116967396078274,2.744644930718849,1.9792246517470407,4.861408594471131,0.7229656718862937
8,960.0,54.0,4.061606352665238,2.7077375684434917,1.7139191181495603,3.6100956994091407,0.7311467409645223
8,966.0,48.0,4.062341177855234,2.7082274519034892,1.730346933125623,4.8692327764620496,0.7348364754856151
8,972.0,42.0,4.015372464038989,2.6769149760259925,1.955627798917545,4.459851826839347,0.7415020408590489
8,978.0,36.0,4.036340225434998,2.690893483623332,1.8311006050452991,3.6562430223284434,0.7497346817607837
8,984.0,30.0,4.250619273940525,2.8337461826270167,1.6424509712168014,4.386382319991231,0.759110119310739
8,990.0,24.0,4.090084977974273,2.7267233186495154,1.8794912125963374,3.8210527448188305,0.7669857738149557
8,996.0,18.0,4.2615045600389605,2.841003040025974,1.7406567638301496,4.245405353817257,0.7778256648165376
8,1002.0,12.0,4.312084436625114,2.8747229577500764,1.5780947556909404,4.58566188819539,0.7834026877807668
8,1008.0,6.0,4.311800485927168,2.8745336572847786,1.8654323251801872,3.1693522852776623,0.7906196303480456
8,1014.0,0.0,4.232749714157519,2.821833142771679,1.741382408294657,3.036749611102959,0.8001929756798064
9,0.0,786.0,2.6066048312481165,1.737736554165411,1.559948577165333,3.1840998000032643,0.005264612791997799
9,6.0,780.0,2.9105966991482157,1.9403977994321437,1.851493131293679,4.292836664465686,0.00873516028391558
9,12.0,774.0,2.8022570759759606,1.8681713839839738,1.8102081465884554,3.128553488047724,0.011689909178931226
9,18.0,768.0,2.787615987481443,1.858410658320962,1.714576171947345,3.0,0.018044058865060372
9,24.0,762.0,2.7572357611860974,1.838157174124065,2.3091232965090462,4.522322901579006,0.022511680734803644
9,30.0,756.0,2.737428820406351,1.8249525469375671,1.9783186086089224,5.080693308003447,0.025977839908987107
9,36.0,750.0,2.813611004777529,1.8757406698516859,1.9981684769795698,4.086177710974864,0.029132750919662727
9,42.0,744.0,2.8788075733668634,1.9192050489112422,2.2701513333886165,4.529067761959849,0.03532328334897017
9,48.0,738.0,2.737914500323537,1.8252763335490245,2.2133757702915204,5.156981007987053,0.03864804482371246
9,54.0,732.0,2.7221977184443564,1.8147984789629044,2.1979582498390147,5.17247494420077,0.043515690799456094
9,60.0,726.0,2.67877616357154,1.78585077571436,2.770372833868285,5.761029189640233,0.04587523204441949
9,66.0,720.0,2.8770641941076303,1.9180427960717534,2.629169319329938,4.555302130789713,0.050458075628269206
9,72.0,714.0,2.9358926097774876,1.9572617398516583,1.9683130606573953,5.87947825334193,0.055085722371259055
9,78.0,708.0,2.873219684969902,1.9154797899799345,2.598150173526823,6.774656394796249,0.05839672269341906
9,84.0,702.0,2.823295577231231,1.8821970514874875,2.6328974359640647,5.563333057275498,0.06214186923939191
9,90.0,696.0,2.91481105250997,1.94320736833998,2.549037163546443,5.6653353888453095,0.06706334491475743
9,96.0,690.0,2.8265698829432657,1.884379921962177,2.861797427322099,6.879130531211998,0.07099176353094162
9,102.0,684.0,2.822514636146132,1.8816764240974215,3.0290445583442662,5.8601665898139705,0.07293566255566522
9,108.0,678.0,2.7613858746896898,1.8409239164597933,2.825472892394179,6.760859286511763,0.07695554933890174
9,114.0,672.0,2.5738177241003837,1.7158784827335891,3.0433141755059134,5.956904978661232,0.08102019750219222
9,120.0,666.0,2.8278734129294167,1.8852489419529446,2.627587921755838,6.125538957671528,0.08457727016106548
9,126.0,660.0,3.0107705448414843,2.0071803632276564,2.860780823546785,5.918848975054036,0.08644176988528578
9,132.0,654.0,2.789748079268405,1.8598320528456034,3.0742590972907533,6.455753235968508,0.091285657802001
9,138.0,648.0,2.906327300476476,1.9375515336509839,3.2405587074766498,7.669095948768605,0.09629516506942752
9,144.0,642.0,2.906075706369949,1.9373838042466327,3.247834017865748,6.893159457060956,0.10185580366221868
9,150.0,636.0,2.866782988912171,1.9111886592747807,3.2611128370713485,6.38027769394505,0.10673754146833159
9,156.0,630.0,3.119214028703453,2.0794760191356354,2.991224534586804,7.067416482599015,0.11266635875607152
9,162.0,624.0,2.885486543969797,1.9236576959798646,2.7185202004764277,7.590312542200205,0.11653087126752044
9,168.0,618.0,2.8777763668950693,1.9185175779300463,2.9023061573839612,7.266527884601698,0.12297277625461388
9,174.0,612.0,3.083544381667415,2.055696254444943,3.3457952731167424,7.218896354362655,0.12880064041726877
9,180.0,606.0,2.8381427417974425,1.892095161198295,3.303106348439142,7.304272008562182,0.1333654340378055
9,186.0,600.0,2.645912740937716,1.7639418272918108,3.277736913032644,6.112833032702636,0.13682606683172432
9,192.0,594.0,2.7297490973877587,1.8198327315918392,3.2902794861910913,7.726650841617244,0.14075865943059498
9,198.0,588.0,2.6676731192123073,1.7784487461415381,3.1012654175795835,7.633942403708339,0.14551765159006128
9,204.0,582.0,3.0952966242917723,2.0635310828611817,3.382695983984052,7.376157895601705,0.15062831708588495
9,210.0,576.0,2.6038153922982636,1.7358769281988424,3.384975429302686,7.93058708937655,0.15476614243725126
9,216.0,570.0,2.896805374974125,1.9312035833160834,2.9498406794847973,7.295977254522519,0.15709865430341907
9,222.0,564.0,2.9724651650591647,1.9816434433727765,3.24128397912765,6.616650827871019,0.15984474314375915
9,228.0,558.0,2.802717134217532,1.8684780894783548,2.8600170856850715,5.957221596854681,0.16265928152520978
9,234.0,552.0,2.76409818509218,1.8427321233947866,3.340828876454888,7.322887318653584,0.1657817082599771
9,240.0,546.0,2.8420434846491527,1.8946956564327684,2.9719467073464547,7.425174433349043,0.1699748148099813
9,246.0,540.0,2.824678807319,1.8831192048793335,3.3627473731386464,7.936634814149714,0.1750499261706976
9,252.0,534.0,2.943076874613334,1.9620512497422224,3.171621065729507,7.637162747733912,0.17755851205180725
9,258.0,528.0,2.894331303489817,1.9295542023265446,3.1347456319592903,7.347693833937191,0.18081833943488726
9,264.0,522.0,2.8617584638567743,1.9078389759045162,3.281606205873713,7.709513408350373,0.1866130034911299
9,270.0,516.0,2.8372298355098704,1.8914865570065802,3.364948615747458,7.605041488478708,0.1900776567608587
9,276.0,510.0,3.069190713875116,2.0461271425834107,3.6932348088830613,6.7662265042990395,0.19890213726034217
9,282.0,504.0,2.8400705836460167,1.8933803890973444,3.2698469903325593,7.614056330014652,0.2043769226126978
9,288.0,498.0,3.075645526261258,2.0504303508408386,3.056440397358341,6.727472371602395,0.21044021796111648
9,294.0,492.0,2.982298811214831,1.988199207476554,3.0506480843038757,7.00508455114678,0.2148950985067036
9,300.0,486.0,2.9819625738984596,1.9879750492656398,3.18092055199808,8.21280450815197,0.22035988754342845
9,306.0,480.0,2.7991849385695344,1.8661232923796895,3.37410145351799,7.8350238500938625,0.22673496794109302
9,312.0,474.0,3.0422460001158913,2.0281640000772607,3.395367674532349,7.082455814050479,0.23209209474563025
9,318.0,468.0,3.1229556828633083,2.0819704552422054,3.0037021019774484,8.152987737717654,0.23977942053044599
9,324.0,462.0,3.111045792992745,2.07403052866183,3.234385791899226,8.397564077259078,0.247178245003825
9,330.0,456.0,3.018904850738218,2.012603233825479,3.493227560472191,6.612441681901435,0.2524152474512651
9,336.0,450.0,3.223302003407444,2.1488680022716293,3.1355133891380023,7.407911697383622,0.25998422679537625
9,342.0,444.0,3.138918815532242,2.0926125436881615,3.4063534457831417,6.502941871275966,0.2665981476496887
9,348.0,438.0,2.9192054867183925,1.946136991145595,3.470604253417653,7.2763579036483925,0.2719303437616776
9,354.0,432.0,2.980860777154793,1.9872405181031951,2.899755997308123,7.333603022334126,0.2761233806747565
9,360.0,426.0,3.2388611625672667,2.1592407750448444,3.1956382304414657,7.397678141600398,0.2787369271000416
9,366.0,420.0,3.06147755181864,2.04098503454576,3.3984457495574185,6.885535962409381,0.2830919809832896
9,372.0,414.0,3.220257198607034,2.1468381324046892,3.3236259529030487,6.966280441536982,0.2851986819124355
9,378.0,408.0,3.0970802384370844,2.0647201589580564,3.3145920356713536,7.356818829127646,0.291095860816987
9,384.0,402.0,3.313813998603094,2.2092093324020627,3.108117681380086,6.684829125441375,0.296050294013531
9,390.0,396.0,3.277151855353476,2.184767903568984,2.7985238978787943,6.238448566253083,0.3026315519033511
9,396.0,390.0,3.2942426610812223,2.1961617740541484,3.0773989150798284,7.5485010451973125,0.3059110526997594
9,402.0,384.0,3.2238098873985797,2.1492065915990533,2.921223728785328,6.930999198647044,0.3101877357664946
9,408.0,378.0,3.1608028153065204,2.1072018768710135,3.166905444769895,7.217760129489567,0.31750830972805505
9,414.0,372.0,3.0151951351702473,2.010130090113498,3.206724973152928,6.8676395352009,0.32291616408503715
9,420.0,366.0,3.47206418314838,2.3147094554322534,3.053163014092467,6.098109759743113,0.3284468571359898
9,426.0,360.0,3.171174973665351,2.114116649110234,2.778304706446127,7.355382621855311,0.3334282114972864
9,432.0,354.0,3.003172761483483,2.002115174322322,2.8540153578522114,6.302437783031866,0.3400680667427281
9,438.0,348.0,3.4164832419140705,2.2776554946093803,3.1112569964439905,7.008350734461682,0.34330437015006954
9,444.0,342.0,3.173038851342637,2.1153592342284244,3.29896130554915,6.095438605548446,0.34977500133122774
9,450.0,336.0,3.4151894397948865,2.2767929598632577,2.815805642126416,6.19034201948477,0.3574413483265257
9,456.0,330.0,3.3738574314582355,2.2492382876388235,3.1104541457518406,6.395313268153194,0.3657432498039925
9,462.0,324.0,3.329741724398097,2.219827816265398,3.0725018183402084,6.588480397068294,0.37123683308687755
9,468.0,318.0,3.1980185766699183,2.1320123844466123,2.8146750403139618,6.77955318329224,0.37787156193393956
9,474.0,312.0,3.1207992945202463,2.0805328630134974,2.7237271915420855,6.3566949591158854,0.3853763812614797
9,480.0,306.0,3.184217221185037,2.1228114807900247,2.805153453585464,6.292544506794471,0.39187532628321087
9,486.0,300.0,3.438659421570551,2.2924396143803674,2.880816369861457,5.901187273096851,0.3990981164240765
9,492.0,294.0,3.280146752660464,2.186764501773643,2.7829417646334442,4.6594636108990075,0.40729740457496305
9,498.0,288.0,3.4462613501204786,2.2975075667469858,2.5782010322952704,6.37519840137818,0.4138403609063104
9,504.0,282.0,3.2685467224920632,2.179031148328042,3.122276454181044,5.972147579287562,0.42019276458755855
9,510.0,276.0,3.5292460534786723,2.352830702319115,2.8698028123830324,5.342471624475012,0.4294856816495262
9,516.0,270.0,3.394975521548737,2.2633170143658248,2.6027899821749747,5.8056503711530665,0.4379885402915778
9,522.0,264.0,3.4099280166284096,2.2732853444189396,2.6552976085272673,5.208577306968016,0.4459487912113521
9,528.0,258.0,3.306394616303062,2.2042630775353746,2.604942624393789,5.578462539879634,0.45150799814248926
9,534.0,252.0,3.450236755528595,2.3001578370190634,2.6565844393898432,5.828668629015432,0.4584787013545301
9,540.0,246.0,3.5437331568727837,2.3624887712485223,2.3388398384010234,5.252684472516244,0.4667262582102081
9,546.0,240.0,3.416837989580092,2.277891993053395,2.5119226252813984,5.221773088956937,0.47558289410365995
9,552.0,234.0,3.441189901435502,2.2941266009570014,2.56813120169335,6.086274265479203,0.4819766328994868
9,558.0,228.0,3.5284255899867847,2.3522837266578565,2.95977757126217,5.7489416516517515,0.4912617689090113
9,564.0,222.0,3.4362269809170463,2.290817987278031,2.4247702068772723,5.6305232612677365,0.4979925679755862
9,570.0,216.0,3.763812307629286,2.509208205086191,3.173839779972956,5.357697909347904,0.5047657474602362
9,576.0,210.0,3.7439083612892112,2.4959389075261407,2.315814198336469,4.67916272410349,0.5154232122257196
9,582.0,204.0,3.7689476716865298,2.512631781124353,2.157260870729797,5.141232209215745,0.5266189061543208
9,588.0,198.0,3.5034698405618134,2.3356465603745424,2.3369039065084305,6.083512528729314,0.5311357542122164
9,594.0,192.0,3.5464707751874225,2.3643138501249483,2.1461764806011705,5.212180383557583,0.5380373388313553
9,600.0,186.0,3.6788983468927223,2.4525988979284814,2.4894508891185994,4.74187116003045,0.5429942270113239
9,606.0,180.0,3.6591025474841685,2.439401698322779,2.272411275497617,5.746059825529051,0.5497066802811816
9,612.0,174.0,3.713095036500089,2.4753966910000593,2.469487408964654,4.88771764408569,0.5580320912296934
9,618.0,168.0,3.687784531627966,2.4585230210853104,2.39006098007604,5.042752946018022,0.5636783034539035
9,624.0,162.0,3.6342456546104995,2.4228304364069997,2.487871887260117,4.873986961849772,0.5688642250828219
9,630.0,156.0,3.689407056327335,2.4596047042182234,2.157787059954169,5.461391251385435,0.5749210313942164
9,636.0,150.0,3.824507953367061,2.549671968911374,2.4672123133994623,4.400593674694553,0.5790715646667515
9,642.0,144.0,3.5786954154555755,2.3857969436370503,2.293813628518968,3.7492415306971143,0.5891373149621436
9,648.0,138.0,3.8027266125545056,2.535151075036337,2.473891600712067,5.013411387789527,0.597323102868614
9,654.0,132.0,3.8261996136930647,2.550799742462043,2.3249411705956162,5.254773223182777,0.6062172960143384
9,660.0,126.0,3.6599223768745293,2.439948251249686,2.2413745472140074,5.113969817910869,0.6130221948435484
9,666.0,120.0,3.720843412270477,2.4805622748469847,2.221906680085583,4.914623251287453,0.6213532542415618
9,672.0,114.0,3.930190554191644,2.6201270361277627,2.1283027355355673,4.475237233134809,0.6294966983099559
9,678.0,108.0,3.9014170101660186,2.6009446734440123,2.1360719669831467,4.6329645827813435,0.6355104049873544
9,684.0,102.0,4.0772107519510765,2.718140501300718,1.7952044880701534,4.395195926174914,0.6462945642593457
9,690.0,96.0,4.010277999637711,2.6735186664251405,2.07818795266553,4.3747080817964745,0.6539661133434292
9,696.0,90.0,3.8966621428118797,2.5977747618745863,1.8968981141680694,4.462418685084858,0.6629215775984767
9,702.0,84.0,3.778224630554814,2.518816420369876,1.7424825013292093,4.206437673336222,0.6714155989800636
9,708.0,78.0,3.9651347233912677,2.643423148927512,1.871383250536384,4.876978093951652,0.6789591284865591
9,714.0,72.0,3.752134716395094,2.5014231442633963,1.8785228203685111,4.768269185383227,0.6873201544102181
9,720.0,66.0,3.9140992035692936,2.609399469046196,2.4565462412376995,4.644836724184134,0.697040055196226
9,726.0,60.0,4.020882292407368,2.6805881949382453,2.109877880242406,3.680738781594074,0.7058925047230454
9,732.0,54.0,4.121764202072346,2.747842801381564,2.281634585125288,3.520111475046458,0.709650600397414
9,738.0,48.0,4.056160068662992,2.7041067124419946,1.8614903294964622,4.118073662783903,0.7158068937415772
9,744.0,42.0,4.102926770090306,2.7352845133935375,2.124059930921126,3.82349847498874,0.7277697225419172
9,750.0,36.0,4.151199307054518,2.767466204703012,2.071971892874526,4.003740039315852,0.7377000441348948
9,756.0,30.0,4.119479472852279,2.746319648568186,2.0018243883188145,3.546467049638208,0.7472973340434567
9,762.0,24.0,4.159515846194799,2.773010564129866,1.6937628211998659,3.7839335682143473,0.7591534973045801
9,768.0,18.0,4.230893706562206,2.820595804374804,1.7435042408345003,3.195231238691706,0.7658630098250552
9,774.0,12.0,4.119112947985519,2.7460752986570127,1.930458418407013,5.4504094943107235,0.7778740088886882
9,780.0,6.0,4.10452981232559,2.7363532082170603,1.8491342468598824,3.807923606999743,0.7891578283447351
9,786.0,0.0,4.303026018398579,2.868684012265719,2.0771521151587193,3.3013070100972866,0.8019793667164171
10,0.0,1122.0,2.880137035906886,1.9200913572712572,1.635188849980265,3.2567820231093716,0.004739175520967488
10,6.0,1116.0,2.913275809176092,1.9421838727840612,2.039653831756574,3.384962689730694,0.008382371445657876
10,12.0,1110.0,2.88660124282381,1.9244008285492067,1.6701866726345669,3.0,0.01179188290008391
10,18.0,1104.0,2.6976435653239172,1.7984290435492782,2.125123354668432,3.189975628890273,0.01482409422182145
10,24.0,1098.0,2.6975724843391578,1.7983816562261052,2.1649440693883593,3.332009495503564,0.01720772589948929
10,30.0,1092.0,2.861480938004279,1.9076539586695194,2.014274557748304,3.895638429525418,0.01914090124108686
10,36.0,1086.0,2.5803610867422164,1.720240724494811,2.2078030694802275,4.189532736742347,0.02048378371728
10,42.0,1080.0,2.641090506901947,1.760727004601298,1.9871465059029503,4.350536007390897,0.023506134390747377
10,48.0,1074.0,2.673548606168542,1.7823657374456945,2.252485071758025,4.281166928769318,0.02634601313443527
10,54.0,1068.0,2.5702826006525363,1.7135217337683575,2.1746265871311263,4.02185578597601,0.02888180834234137
10,60.0,1062.0,2.870292653799581,1.9135284358663875,2.318063877776137,3.9269253302921414,0.03124403284982339
10,66.0,1056.0,2.768383330521742,1.8455888870144948,2.3521302436094484,4.545470179797732,0.034866281361122436
10,72.0,1050.0,2.8718947405817477,1.914596493721165,2.5091115976444622,5.789075838119773,0.038086435656879206
10,78.0,1044.0,2.702189314519645,1.8014595430130969,2.3712372991769874,5.330577616143628,0.041474057291476525
10,84.0,1038.0,2.7173109174382732,1.8115406116255155,2.2992090581359927,5.251075441188602,0.04281078013822508
10,90.0,1032.0,2.7608500144221946,1.840566676281463,2.4873583619523396,4.635407100027088,0.04627187190664718
10,96.0,1026.0,2.815853692395418,1.8772357949302787,2.0791380562931576,6.251938151180701,0.04984701035845093
10,102.0,1020.0,2.9542583019343436,1.9695055346228958,2.5889355686202014,5.732760547421802,0.053468097677880924
10,108.0,1014.0,2.9042280840539694,1.9361520560359795,2.3626007342468225,5.406374783024647,0.056701841225106055
10,114.0,1008.0,2.9865434236599637,1.9910289491066424,2.8092377178882786,4.635866084707773,0.059254411366760955
10,120.0,1002.0,2.897350905095547,1.9315672700636979,2.8785786968645346,5.538064112941801,0.06268815497634045
10,126.0,996.0,2.7291006849492163,1.8194004566328108,2.6572997607602504,6.493108921404228,0.06608501003332161
10,132.0,990.0,2.9038637524014885,1.935909168267659,2.4217453597357697,6.453174124477378,0.06954315759040228
10,138.0,984.0,2.771771583067101,1.847847722044734,2.475822155206959,4.846806642862465,0.07212968824016418
10,144.0,978.0,2.8684521941042074,1.9123014627361383,3.056116318588665,5.972091401231333,0.07481881490252011
10,150.0,972.0,2.8501165142464986,1.9000776761643323,2.912032004113406,5.320888383256692,0.07906156022983629
10,156.0,966.0,2.9311320389975872,1.9540880259983915,2.8708012742712574,6.878812302582116,0.08231397607977499
10,162.0,960.0,2.7503649074335854,1.8335766049557236,2.7632471834684633,6.767887435045747,0.08632874578155755
10,168.0,954.0,2.9467596284286746,1.9645064189524497,3.0962456772702653,6.975565593889637,0.08908857679614365
10,174.0,948.0,2.7995855443758253,1.866390362917217,2.950091156073517,6.808922031467787,0.09218949314672999
10,180.0,942.0,2.889887995510034,1.9265919970066891,2.857186390400787,6.063624701222097,0.09472538925116046
10,186.0,936.0,2.8920200994920533,1.9280133996613689,2.953313875939062,6.6433543855469654,0.09914041696921808
10,192.0,930.0,2.9123938129962013,1.941595875330801,3.0494653575610946,7.0834627630691305,0.10223734556239053
10,198.0,924.0,2.7040128295842467,1.802675219722831,2.9790457804931583,7.334464147421253,0.1044473609260021
10,204.0,918.0,2.895019466507833,1.9300129776718886,2.8011620157345667,5.914955441066225,0.10806458510013713
10,210.0,912.0,2.6246493488951095,1.7497662325967396,3.146708956515713,6.590143382899453,0.10980800713171414
10,216.0,906.0,2.9483893234350784,1.9655928822900524,3.149997896232305,6.11920137128144,0.11271065692485664
10,222.0,900.0,3.0566758948441617,2.037783929896108,3.0830586416308976,6.811576425957744,0.11514632429891393
10,228.0,894.0,2.7829901926043816,1.8553267950695878,2.834474499179348,6.782828846184926,0.11840983026852875
10,234.0,888.0,2.830737995266363,1.8871586635109088,3.1531116431521213,6.317138353993936,0.12100676366099583
10,240.0,882.0,2.792713735490293,1.8618091569935287,3.272991008719524,7.452195447051538,0.12355610702610877
10,246.0,876.0,2.8547701092938502,1.9031800728625667,3.1540437119506297,7.004267269816303,0.12757511595462928
10,252.0,870.0,2.7734875114692294,1.8489916743128196,3.0454206956766745,6.301807757412223,0.1305574787240779
10,258.0,864.0,2.7897335060921997,1.8598223373947997,3.015382965641053,7.328049877692298,0.13349826856318686
10,264.0,858.0,3.1893689688201596,2.1262459792134396,3.1113446099293807,6.820896074047838,0.13704246451670818
10,270.0,852.0,2.889347309084115,1.92623153938941,3.130411436225793,6.356527581287657,0.14015802895683127
10,276.0,846.0,2.851552794862233,1.9010351965748218,3.454524887506282,7.099866456012175,0.1423849317123435
10,282.0,840.0,2.7958884353148465,1.863925623543231,3.467842534905502,7.496917793832293,0.1455990712013728
10,288.0,834.0,2.873926269617728,1.9159508464118187,3.4471481308339107,7.436641843061334,0.14827149197447254
10,294.0,828.0,2.713504419404149,1.8090029462694328,3.1960193450844216,7.345170438612597,0.1523815658362583
10,300.0,822.0,2.967269897851523,1.9781799319010152,3.3184505776584885,6.443431889308147,0.15598176169950884
10,306.0,816.0,3.037187719905432,2.024791813270288,3.413246324824846,6.978457348429695,0.15977607116821627
10,312.0,810.0,3.001823906645501,2.0012159377636674,3.3503755374853323,6.109368136587202,0.16474537176548487
10,318.0,804.0,2.833976140833409,1.8893174272222728,3.231409676635774,7.760457669616575,0.16743696200710545
10,324.0,798.0,3.123693362177109,2.082462241451406,3.1391847867220144,6.880068751702956,0.17138782606124095
10,330.0,792.0,2.925673148215525,1.9504487654770166,3.2617257220652016,6.810311697205611,0.17398595272044592
10,336.0,786.0,2.879180365742054,1.9194535771613692,3.298401772078255,8.0505599427808,0.17705812275754193
10,342.0,780.0,3.0087479545850444,2.005831969723363,3.2491774477150708,6.939604070238065,0.18205252811844258
10,348.0,774.0,3.064534737097652,2.0430231580651013,3.4368934462639156,7.793899562384667,0.18571895760345336
10,354.0,768.0,2.7720867532929674,1.848057835528645,3.6543288863574874,6.29991765083665,0.18735388880128162
10,360.0,762.0,3.1113382655441173,2.0742255103627447,3.167075882508677,8.061253542645863,0.19015247616066636
10,366.0,756.0,3.0494033460809877,2.0329355640539917,3.525978237828741,7.646739939700893,0.19280940978163827
10,372.0,750.0,3.190338191077635,2.1268921273850903,3.0521139759120013,7.850259999114634,0.19695775148248185
10,378.0,744.0,3.130536053022859,2.087024035348573,3.5367452541132525,7.881370333301208,0.2008874945356384
10,384.0,738.0,3.1186619348924336,2.0791079565949557,2.9034235490429086,7.104613360575802,0.20617745059128942
10,390.0,732.0,3.0884966202532036,2.058997746835469,3.204981465347637,7.540548084526047,0.20965371086107573
10,396.0,726.0,3.081894382294019,2.054596254862679,3.2085919502975226,6.947522947514357,0.2140658133007833
10,402.0,720.0,3.1228522695727454,2.081901513048497,3.4217086136734327,7.777454116915105,0.21829925272968886
10,408.0,714.0,3.0436004349835617,2.029066956655708,3.4761835780673542,7.714883092772509,0.22140658534046426
10,414.0,708.0,3.1022306395998123,2.068153759733208,3.552422722904718,7.502933574438836,0.22550915626938295
10,420.0,702.0,2.958002101080831,1.972001400720554,2.9896954342308337,7.262030032164604,0.22819972654358656
10,426.0,696.0,2.98876643988251,1.9925109599216733,3.370776344608098,7.3352725478198675,0.23133000153401434
10,432.0,690.0,3.0533541749489372,2.035569449965958,3.0875287500053763,7.552723258250324,0.23555475403921636
10,438.0,684.0,2.856226306695315,1.90415087113021,3.373952203141866,6.879429216421513,0.23783578924899396
10,444.0,678.0,2.9772866506613878,1.9848577671075918,3.065000839719888,7.173828893652125,0.24226222419247173
10,450.0,672.0,2.9262569795628237,1.9508379863752159,3.5377599662227084,6.963192866094567,0.2467456701232722
10,456.0,666.0,3.10861378143437,2.0724091876229136,3.8904045779786207,7.991269624752496,0.2508382250648467
10,462.0,660.0,2.9438636958404545,1.9625757972269697,2.963242194270081,7.879455228221305,0.2547373587414139
10,468.0,654.0,2.9549455724372087,1.969963714958139,3.3521546500687007,6.711891974213801,0.2579792898344584
10,474.0,648.0,3.055593696077229,2.0370624640514863,3.268765951562424,7.010409839922807,0.26126819965322484
10,480.0,642.0,3.0707101998751987,2.0471401332501324,3.223287747770373,7.403889579617965,0.26477112283213006
10,486.0,636.0,3.1826083781542884,2.1217389187695255,3.5364720817391717,7.056162240991017,0.26942326816542744
10,492.0,630.0,3.090245101095423,2.060163400730282,3.5554668413127977,6.915070664366099,0.27281161554314604
10,498.0,624.0,3.195432706747134,2.130288471164756,3.042166943745448,6.937232541953445,0.27828768162954415
10,504.0,618.0,3.321547039224238,2.2143646928161584,2.894148883793584,7.253287941711811,0.2816179771573614
10,510.0,612.0,3.150036502856608,2.100024335237739,3.585648728350275,7.408658800237837,0.2858161100857859
10,516.0,606.0,3.129828064401396,2.086552042934264,3.110542897689933,7.459255385338969,0.2908928978837098
10,522.0,600.0,3.2155973014984327,2.1437315343322885,2.872961419280262,7.212092340839372,0.2951413684533642
10,528.0,594.0,3.003539390027123,2.0023595933514153,2.9890326408558874,7.4902819289699085,0.2965798762364072
10,534.0,588.0,3.0026743016126525,2.001782867741768,2.786175358995786,6.7720966455418745,0.3001028908509674
10,540.0,582.0,3.096870995164856,2.064580663443237,3.1666920932881504,6.628120826279672,0.3036836373375295
10,546.0,576.0,3.3067485349521877,2.2044990233014583,3.151550762549893,6.632968894528585,0.30722437186352025
10,552.0,570.0,2.9519861815865753,1.9679907877243836,3.069369472487268,7.864253838659042,0.30974276327253686
10,558.0,564.0,3.377692180658071,2.2517947871053807,3.247579158513252,6.528783809982782,0.3123448282118771
10,564.0,558.0,3.212648208272413,2.1417654721816084,3.4796013555918437,5.848774386195903,0.31564681008338635
10,570.0,552.0,3.2077162569977142,2.138477504665143,2.9735119151818146,6.972171779465365,0.3189656586061057
10,576.0,546.0,2.9889445202693965,1.9926296801795977,3.000343229772843,7.299299659093589,0.3232628945793881
10,582.0,540.0,3.3714406868432696,2.2476271245621797,3.230659401388221,6.823011348976287,0.32786740455946967
10,588.0,534.0,3.16883261351053,2.112555075673687,3.1485182008142556,6.4859276057917405,0.33063539116348384
10,594.0,528.0,3.0877178182889407,2.0584785455259604,3.0881966528714564,6.183715191817483,0.33400447638233727
10,600.0,522.0,3.1227071109202886,2.0818047406135256,2.9791989890217825,6.765194676911395,0.33772968796827096
10,606.0,516.0,3.233943613400245,2.1559624089334966,3.0663085506234724,7.933254032906996,0.34240432627177375
10,612.0,510.0,3.0428800020629425,2.0285866680419615,3.11825513466159,6.625651900665305,0.34633070984075565
10,618.0,504.0,3.184968317429006,2.1233122116193375,3.1078620852633643,6.448920419535389,0.3494024499297002
10,624.0,498.0,3.249908318485037,2.1666055456566915,3.03102449912263,7.209226204903599,0.3528936514023957
10,630.0,492.0,3.101234039473079,2.0674893596487194,3.1149673325326632,7.167553852419656,0.35763593823623335
10,636.0,486.0,3.3458807717287007,2.230587181152467,3.225539021053508,5.9503714894491795,0.36262377984460914
10,642.0,480.0,3.4810256354138747,2.320683756942583,2.841040926472655,6.529471951367193,0.36951091349049864
10,648.0,474.0,3.407254141502813,2.271502761001875,2.778585639250698,6.072623981934287,0.37308141759268904
10,654.0,468.0,3.4999101155442087,2.3332734103628057,2.9955349514679446,5.94469025449696,0.3771475684077495
10,660.0,462.0,3.448148174044383,2.298765449362922,2.731297915650902,6.870132146526484,0.382809151115161
10,666.0,456.0,3.2734715448966685,2.1823143632644455,2.821409634128083,7.255311387260065,0.38691174499177367
10,672.0,450.0,3.1529123598271744,2.101941573218116,3.0093754135367328,5.596818828310437,0.3900112211782462
10,678.0,444.0,3.3075914481149873,2.2050609654099915,2.621517997977948,7.185614481903569,0.3935117206017219
10,684.0,438.0,3.360944047552182,2.240629365034788,2.6976878638067516,6.6665468448642935,0.39754387934359586
10,690.0,432.0,3.466562132596763,2.311041421731175,2.6482609345972024,6.363154878407517,0.4017199086693293
10,696.0,426.0,3.3454800050601468,2.230320003373431,2.640285814955546,5.83089622935209,0.4055268256806525
10,702.0,420.0,3.4713090254166037,2.3142060169444023,2.8939714904368206,6.185274436642535,0.40925826214781824
10,708.0,414.0,3.359969427085126,2.2399796180567506,2.8485378089710713,5.774845575042019,0.41641946075230724
10,714.0,408.0,3.4733771762205867,2.315584784147058,2.9067719129600236,5.695628949109088,0.4196241666450007
10,720.0,402.0,3.435130584584709,2.290087056389806,2.9756350349925116,6.0034374704323605,0.4244485639645957
10,726.0,396.0,3.538748844082535,2.3591658960550235,2.843643544409616,5.756800246114159,0.4316982458153444
10,732.0,390.0,3.444047930511806,2.2960319536745373,2.9007316621455916,6.051868609920877,0.43727795856246426
10,738.0,384.0,3.5102753597016245,2.3401835731344165,2.688397096985057,5.986838670644147,0.44196180744705715
10,744.0,378.0,3.3729896506152177,2.248659767076812,2.7600329469986047,4.926462159597047,0.4473948993144304
10,750.0,372.0,3.384160145626828,2.2561067637512187,2.554974092546159,5.705747850211706,0.4510405220520321
10,756.0,366.0,3.4298822601994927,2.2865881734663285,2.655809422084738,5.526498508297562,0.4559280666334751
10,762.0,360.0,3.314247525028496,2.2094983500189973,2.7474707584919122,5.366579969399317,0.459847832576183
10,768.0,354.0,3.550184747804435,2.366789831869623,2.8837799672476603,5.660776338098945,0.46432034260893273
10,774.0,348.0,3.4017959606850496,2.2678639737900332,2.678787634411101,5.714388874117142,0.46788181577974214
10,780.0,342.0,3.663702197312824,2.4424681315418826,2.5399592731777103,5.270294862407266,0.4710913369076958
10,786.0,336.0,3.4971682986908377,2.3314455324605583,2.341638976014574,6.281471207944149,0.4752386934182594
10,792.0,330.0,3.2989011557283234,2.1992674371522156,2.3812144314805455,4.7774807630703355,0.4790559378409812
10,798.0,324.0,3.2715436241218168,2.181029082747878,2.6717047594418317,5.3315126430329585,0.48427891235901954
10,804.0,318.0,3.5352715676664848,2.3568477117776565,2.292408361298477,5.8589710806017194,0.4896253695309482
10,810.0,312.0,3.52790034922438,2.3519335661495866,2.240161510962096,5.998385481735701,0.4941321625503376
10,816.0,306.0,3.6804270023173413,2.453618001544894,2.494438044187023,5.125152895240939,0.49938281341687196
10,822.0,300.0,3.454563599643095,2.3030423997620635,2.811355628031834,5.445610122331272,0.5034876254791033
10,828.0,294.0,3.6824084871488365,2.4549389914325577,2.6345790938071363,5.153245004255635,0.5086998997470566
10,834.0,288.0,3.52862557292756,2.3524170486183733,2.818333582249208,5.245359179355557,0.5153666508615141
10,840.0,282.0,3.3791130330887342,2.2527420220591563,2.4843345210682255,5.268180710404242,0.5212878433037899
10,846.0,276.0,3.5308666158453366,2.3539110772302245,2.090350172639714,5.189323593975784,0.5253276656360946
10,852.0,270.0,3.624379065723309,2.416252710482206,2.326482629685482,5.359382959698952,0.5305492118403965
10,858.0,264.0,3.770030744207369,2.5133538294715794,2.4332665484820857,5.139820360373345,0.5370695377890766
10,864.0,258.0,3.6624100317653125,2.441606687843542,2.530926773202698,5.023551410999546,0.5432947725734326
10,870.0,252.0,3.6790715123446347,2.4527143415630897,2.6461649530588303,4.8205522823210964,0.5462256658344578
10,876.0,246.0,3.7341749836600826,2.489449989106722,2.143530453161121,5.021623754617481,0.5532599029764422
10,882.0,240.0,3.7624779901098004,2.5083186600732,2.126308765488587,4.9881601688360515,0.5596621769805816
10,888.0,234.0,3.5462454002022197,2.364163600134813,2.250609883927104,4.696742339120826,0.5626274876655026
10,894.0,228.0,3.7054078914335413,2.470271927622361,2.4426066217605427,5.214872817394457,0.568422416587964
10,900.0,222.0,3.5969811293202705,2.397987419546847,2.523715477000761,4.864742597449209,0.573584533932025
10,906.0,216.0,3.7624712904970092,2.5083141936646727,1.9443434571096643,4.932420648497998,0.5770939817478783
10,912.0,210.0,3.8438294206487633,2.5625529470991757,2.164786361434701,5.160509206981739,0.5833436667333701
10,918.0,204.0,3.859777798459356,2.573185198972904,2.0844825014685444,4.995764644849789,0.5910662579394382
10,924.0,198.0,3.6398029968455985,2.426535331230399,2.8382682155416137,5.097004108045227,0.5959701855278424
10,930.0,192.0,3.706713348502794,2.471142232335196,2.3020569714444448,4.426452625466228,0.5995703992488994
10,936.0,186.0,3.8038844663212523,2.5359229775475014,2.3663896566501865,5.1564055787520875,0.6057234228874007
10,942.0,180.0,3.9259310062879984,2.6172873375253323,2.444579902970508,5.076798830237776,0.6115277589285137
10,948.0,174.0,3.8817492698954212,2.5878328465969473,2.1221003364664934,5.038548718607368,0.6164618979621727
10,954.0,168.0,3.9197259028706606,2.6131506019137736,1.9607330010802893,4.276924107308726,0.6195741269257774
10,960.0,162.0,3.8457038856341477,2.5638025904227653,2.3067137436304375,4.770984357552921,0.6259027759539841
10,966.0,156.0,3.838007543063971,2.5586716953759807,2.0674381091982723,4.624162882295497,0.631727373842444
10,972.0,150.0,3.9568821353591135,2.637921423572742,1.9218849307490922,4.608429286525459,0.6371164191490188
10,978.0,144.0,3.9640347350223446,2.64268982334823,2.035016966580902,4.186331790368223,0.6457960354641787
10,984.0,138.0,3.9626451739222395,2.641763449281493,2.231325972271097,4.226059768692953,0.6515471507183211
10,990.0,132.0,3.9005444994140155,2.600362999609344,2.008848864343388,4.210686624106133,0.6555608745267265
10,996.0,126.0,3.979944950652862,2.6532966337685746,2.2597037072695825,5.070477413462275,0.6645881557759971
10,1002.0,120.0,3.895173747405914,2.5967824982706094,2.055167288882678,4.508958259597131,0.6727175667758077
10,1008.0,114.0,3.8654923391665905,2.576994892777727,1.6858169793107118,4.242520488211961,0.6764785671765209
10,1014.0,108.0,4.11424637941492,2.742830919609947,2.0988422975299326,4.924497114206987,0.6815028521203067
10,1020.0,102.0,4.012072443415015,2.6747149622766764,2.210125461254629,5.262484024626758,0.6905666860439585
10,1026.0,96.0,4.115775732150288,2.743850488100192,2.1737124495220224,3.594385755841749,0.6942885654209892
10,1032.0,90.0,3.999713078429419,2.6664753856196124,2.1895278989759293,5.117107797972035,0.7008428541125273
10,1038.0,84.0,3.9429047776467567,2.628603185097838,2.0201502020288564,3.835848081724678,0.7060543653839407
10,1044.0,78.0,3.823695485695786,2.5491303237971907,2.2184065270901225,4.651129639515077,0.7120702343870068
10,1050.0,72.0,4.066676215004718,2.7111174766698123,2.1578794904926886,4.2716910394835175,0.7177226700099001
10,1056.0,66.0,3.92678094804092,2.6178539653606134,2.1076965536267886,4.017510053069151,0.7209893708824068
10,1062.0,60.0,4.0192838874340495,2.6795225916226997,1.914082566228175,4.511792949207971,0.7278732586364836
10,1068.0,54.0,4.258225936680595,2.8388172911203964,2.167485406698518,3.7452190037253197,0.7368002903141846
10,1074.0,48.0,4.180673896651003,2.7871159311006686,1.7957134513923916,3.905824154345544,0.745684959368713
10,1080.0,42.0,4.129493081016797,2.7529953873445314,1.8500739204413947,4.051533327962411,0.7531498899569053
10,1086.0,36.0,4.169341993475358,2.779561328983572,2.294556638152881,4.439447131518038,0.7600637391876894
10,1092.0,30.0,4.299731693138786,2.8664877954258574,2.155659737591896,3.296732814320949,0.7682644695471017
10,1098.0,24.0,4.308761345812963,2.8725075638753084,1.7596750278506832,5.188182155135125,0.776301666024572
10,1104.0,18.0,4.183727005711533,2.7891513371410217,1.745838925470322,4.140249654287206,0.785232442633653
10,1110.0,12.0,4.231533008774249,2.8210220058494992,1.79090778297209,4.4360904586308,0.7913102581270965
10,1116.0,6.0,4.233165492276635,2.8221103281844235,1.5720510053754109,3.8338343915285003,0.799822956456706
10,1122.0,0.0,4.254204294943387,2.8361361966289245,1.7379906196912145,4.377679906799835,0.8102990044110143
11,0.0,1344.0,2.6466529156565133,1.7644352771043421,1.4437755189717283,3.0938994442615138,0.0024516697241443956
11,6.0,1338.0,2.793698091480289,1.8624653943201928,1.8179726716093567,3.765774978032769,0.005552594953783671
11,12.0,1332.0,2.8605459008327534,1.907030600555169,1.743619390871609,3.2403435796969324,0.00828095756779049
11,18.0,1326.0,2.955901680372056,1.9706011202480374,1.7156188408321438,3.5422720137622,0.011626245620610704
11,24.0,1320.0,2.9083981639110963,1.9389321092740641,2.011599954970464,4.333989241201939,0.014423702741955084
11,30.0,1314.0,2.736681128069335,1.8244540853795568,1.7477235783132767,3.4854615336472268,0.01702804631732338
11,36.0,1308.0,2.9119913063687166,1.9413275375791443,1.6242510506965302,3.0,0.01924012450204759
11,42.0,1302.0,2.7477036246257316,1.8318024164171545,1.8702083809991437,4.68050725397827,0.021330265282760316
11,48.0,1296.0,2.795961004256347,1.8639740028375646,2.0373371640350264,4.330634182494879,0.02347646797096762
11,54.0,1290.0,2.8373032432316774,1.891535495487785,2.121117326863846,4.957318615809119,0.02567449948231147
11,60.0,1284.0,2.8451979690085785,1.896798646005719,2.517396067079381,4.0344782976678895,0.02772440227535355
11,66.0,1278.0,2.9196499785831307,1.9464333190554204,2.0016644496480516,4.75891309869252,0.030686139907864
11,72.0,1272.0,2.8238913506826258,1.8825942337884172,1.986155968817148,5.102931032388211,0.03259309713116655
11,78.0,1266.0,2.854099581910069,1.9027330546067127,2.082572766980052,5.068472556633011,0.035689333488970826
11,84.0,1260.0,2.760777894079752,1.840518596053168,2.393681208863994,4.7356631238175195,0.03857283825086642
11,90.0,1254.0,3.0246637048712635,2.0164424699141756,2.480634825361997,4.58910300297982,0.040429487783463475
11,96.0,1248.0,3.0542747725842103,2.036183181722807,2.068768143742198,5.821302701175853,0.04459709797184617
11,102.0,1242.0,2.6901721743009133,1.7934481162006088,2.4364085570850107,5.3822437267778325,0.047016715291488695
11,108.0,1236.0,2.764294308397345,1.8428628722648968,2.668486993085715,5.139159473222272,0.05145551130809506
11,114.0,1230.0,2.682113483818704,1.788075655879136,2.3824337463641485,5.158696778044051,0.054527896351637926
11,120.0,1224.0,2.9548459292752725,1.969897286183515,2.523331872638272,6.016204784743511,0.05659677847704021
11,126.0,1218.0,2.9359044016570595,1.9572696011047064,2.7546665691986876,5.09479645597891,0.0590485906910451
11,132.0,1212.0,2.782922904561431,1.8552819363742874,2.6727395998420747,6.7319585558184745,0.05992088439969855
11,138.0,1206.0,2.802910512781732,1.8686070085211546,2.5759841748851686,5.952714568981987,0.0625917812395421
11,144.0,1200.0,2.950480659884002,1.9669871065893345,2.8630436280086906,5.946320892525565,0.06528092548594853
11,150.0,1194.0,2.917059607876021,1.9447064052506808,2.722750907996569,5.6808895614392,0.06812425629584823
11,156.0,1188.0,2.9228919359152403,1.9485946239434935,2.9049749593462644,5.667876308611971,0.07086898266137938
11,162.0,1182.0,2.694856213489726,1.7965708089931507,2.6339369921249305,6.114596335676962,0.07337394340205063
11,168.0,1176.0,2.594613082314386,1.7297420548762572,2.9573402115849667,7.071060792797713,0.07584528866704195
11,174.0,1170.0,2.6574157139368153,1.7716104759578768,2.998991863497514,6.691896551231305,0.07758468773298462
11,180.0,1164.0,2.854531233606044,1.9030208224040293,2.9750312308288445,6.503659879546864,0.08113849938991419
11,186.0,1158.0,2.7393860265987238,1.8262573510658158,2.7497454337536396,6.181229693622133,0.08289132789435127
11,192.0,1152.0,2.8485856833610765,1.8990571222407178,3.0889491787032877,6.594207970403834,0.08496303981551805
11,198.0,1146.0,2.8371180028264678,1.891412001884312,2.7108565117885206,5.934241714852726,0.08767221077873305
11,204.0,1140.0,2.7822327066663215,1.8548218044442144,2.884249083837134,6.424037960999785,0.09046933075839793
11,210.0,1134.0,2.9771786307857324,1.984785753857155,2.698236564069737,7.056327780864805,0.09374299985846887
11,216.0,1128.0,2.9068980260145842,1.937932017343056,3.0122471740807515,6.9632995840964895,0.09548568105162614
11,222.0,1122.0,2.8891907055770347,1.9261271370513564,2.839746939090253,7.855397677006472,0.09695033890494958
11,228.0,1116.0,2.877208352964366,1.918138901976244,3.1562635242921466,6.889907650310737,0.10050715182130295
11,234.0,1110.0,2.877916156642312,1.9186107710948745,3.2614122236098835,6.819999180528048,0.10322318966223767
11,240.0,1104.0,2.7443216823330556,1.829547788222037,3.3141073175225273,6.829036726338127,0.10523927954981965
11,246.0,1098.0,2.8584027973624995,1.905601864908333,3.0047883853588115,7.434555402641889,0.10683885479155021
11,252.0,1092.0,2.7046455268863787,1.8030970179242525,3.263824764332035,7.041357162892803,0.10957730018077907
11,258.0,1086.0,2.818861700962588,1.8792411339750588,2.9034230129881036,7.381807658829337,0.11224642898422615
11,264.0,1080.0,2.9224799104002392,1.948319940266826,3.142355779208667,6.733708912989336,0.11499807415829003
11,270.0,1074.0,2.8778121219373602,1.918541414624907,3.078346808006179,7.4968990562453754,0.11788375578933143
11,276.0,1068.0,2.805572133644804,1.8703814224298692,3.325079888016881,6.95467040203558,0.1210492114355085
11,282.0,1062.0,2.8064394712545737,1.8709596475030492,3.216908377905715,7.0442456019881625,0.12318495494350393
11,288.0,1056.0,2.8948105129675326,1.9298736753116883,3.102508897630975,8.00208365924274,0.12510513635740653
11,294.0,1050.0,2.927356910974472,1.9515712739829814,3.491868741963764,6.9413296617442075,0.127539862876185
11,300.0,1044.0,2.902398526949485,1.9349323512996568,3.269797531963494,6.761699720016951,0.13090312976227567
11,306.0,1038.0,2.9024989590161163,1.9349993060107442,3.2273707241701812,8.069696574736788,0.13402928310690107
11,312.0,1032.0,2.6944127650507994,1.796275176700533,3.364748380140651,7.924644646416831,0.1361197510192007
11,318.0,1026.0,2.8816425437262616,1.921095029150841,3.3778213654877782,7.713202416296336,0.14017081399681217
11,324.0,1020.0,2.9202714999571584,1.9468476666381056,3.1640036577737654,7.177795627625607,0.14240432414234944
11,330.0,1014.0,2.9340118566818805,1.956007904454587,3.102144909800413,6.651769247137693,0.1441711311158155
11,336.0,1008.0,2.904061164703609,1.9360407764690726,3.406497843528574,7.047287813355014,0.14722308067954623
11,342.0,1002.0,2.8142510844151456,1.876167389610097,3.4086264479767445,6.896000760275262,0.1500885574005395
11,348.0,996.0,2.7545671514533945,1.8363781009689297,3.429872163305148,7.6529659874073745,0.1527588840391654
11,354.0,990.0,2.9057167837366347,1.9371445224910897,3.2614517973044492,8.33547837353579,0.15459709312624653
11,360.0,984.0,2.911885779767056,1.9412571865113708,3.1678861740893125,7.075277346492802,0.15660212807345184
11,366.0,978.0,3.233941142901367,2.1559607619342445,3.317161339094865,6.774943443190706,0.1617447129799992
11,372.0,972.0,2.7892047609214994,1.8594698406143328,3.708612964160578,7.402524331342252,0.1639709320464676
11,378.0,966.0,2.865934138991209,1.9106227593274727,3.3835720145139643,7.681062156895082,0.167768649331117
11,384.0,960.0,2.7699682470544618,1.8466454980363078,3.042078100993612,7.766879934680773,0.17013704210502478
11,390.0,954.0,2.990091958323211,1.9933946388821406,3.3322810928810105,7.967214034281358,0.1733610803947011
11,396.0,948.0,2.9104800247476734,1.9403200164984489,3.437772969271952,6.9548429116724755,0.17658242642907562
11,402.0,942.0,2.8735014879520953,1.91566765863473,3.2069545709123957,7.599741547399574,0.17960680166179088
11,408.0,936.0,2.8870696933054774,1.9247131288703183,3.3428791998225065,7.962326942426398,0.1819034178538336
11,414.0,930.0,2.6400693008360134,1.7600462005573423,3.332792825368171,6.6689187899432065,0.18471578240166767
11,420.0,924.0,2.831353741174168,1.8875691607827785,3.5687232026454696,7.510194052458559,0.18756050455151166
11,426.0,918.0,2.9576991119346228,1.9717994079564152,3.4412669975778276,6.220850719908816,0.19149069953814415
11,432.0,912.0,3.229793022479303,2.1531953483195356,3.182050137732804,7.277328561876561,0.19446286209442917
11,438.0,906.0,3.112542777940143,2.075028518626762,3.367938468549936,7.134404828906201,0.19738301048710602
11,444.0,900.0,3.0542766766953857,2.036184451130257,3.3178083833576966,7.460819302168087,0.20041491752632207
11,450.0,894.0,2.887601093039304,1.9250673953595359,3.3819626670762073,8.21372243904905,0.20273563667908914
11,456.0,888.0,2.832466601691771,1.8883110677945139,3.311989263757673,7.761766618127451,0.20468580176671183
11,462.0,882.0,2.886163032164764,1.9241086881098426,3.3963586348658232,7.156974880362119,0.20808669552957357
11,468.0,876.0,2.9408352643776583,1.9605568429184388,3.415157528328468,7.947116463609491,0.21085689412793537
11,474.0,870.0,2.987402528611413,1.9916016857409422,3.46312893149397,7.3459662817202025,0.21279496519136146
11,480.0,864.0,3.1448110020544786,2.096540668036319,2.9924104685677237,6.706046547601072,0.21547213904486998
11,486.0,858.0,3.1151221580817796,2.076748105387853,3.116799296121981,7.879067822591271,0.21833905103947976
11,492.0,852.0,3.1993579928906715,2.132905328593781,3.333387236373897,6.986004129289371,0.22091560808778382
11,498.0,846.0,2.732867080354018,1.8219113869026786,3.590863780847367,7.397027423949245,0.22220854423041764
11,504.0,840.0,3.083690502910597,2.055793668607065,3.200373728462883,7.938477565620656,0.22692189919579303
11,510.0,834.0,3.153280152829036,2.102186768552691,3.584710499330501,6.138327765372741,0.22916943216156593
11,516.0,828.0,3.1353713677381174,2.0902475784920784,3.102792107455964,6.6218890470898915,0.23248469227128324
11,522.0,822.0,2.8844281199974366,1.922952079998291,3.3102967771794463,7.190161977789477,0.2343348575130867
11,528.0,816.0,3.043454347795563,2.028969565197042,3.6028121506482798,7.937161044055518,0.2387387488899487
11,534.0,810.0,3.0143174415214005,2.009544961014267,3.2459896609032177,7.248381060947452,0.24293856989574647
11,540.0,804.0,3.032848107948206,2.0218987386321374,3.6454747748938394,7.176670440234362,0.24465992723081764
11,546.0,798.0,2.85769405547241,1.9051293703149401,3.2862364152329073,6.788546261927312,0.24820277351865358
11,552.0,792.0,2.855890339192659,1.9039268927951059,2.8847135862027775,6.9789010351308605,0.24990003290700122
11,558.0,786.0,3.1553905320561446,2.1035936880374297,3.2700506867922114,7.734473793482088,0.25410790296019087
11,564.0,780.0,3.045236119159879,2.0301574127732525,3.4613100971240467,8.112727102152144,0.25743399920588045
11,570.0,774.0,3.0915409619706216,2.0610273079804142,3.204070990324526,7.284360392517956,0.26122851892892296
11,576.0,768.0,3.0096755732630536,2.006450382175369,3.459962837014243,6.628635116925565,0.26401878590086103
11,582.0,762.0,3.077598951618812,2.051732634412541,3.0515488844520413,6.814121435444055,0.26647301681149654
11,588.0,756.0,3.1302643396566108,2.086842893104407,3.0847344645772683,7.261589552510161,0.2701713586595073
11,594.0,750.0,3.417494340853276,2.2783295605688507,3.4263432823702007,6.868059114360646,0.27457724008436923
11,600.0,744.0,3.1076140034957014,2.071742668997134,3.1686478628579966,7.175854403528781,0.27749700137947425
11,606.0,738.0,2.9622624535408657,1.9748416356939105,3.178635917924095,6.989703624907128,0.28033747096523387
11,612.0,732.0,2.97175050222474,1.9811670014831602,3.1505648608813197,6.873552622745838,0.28432216771714036
11,618.0,726.0,3.130078078907629,2.0867187192717527,3.304256798452493,6.547139354798666,0.28776408658482694
11,624.0,720.0,3.267091859870201,2.1780612399134673,3.1397180750543345,7.153113879052812,0.29069602319930965
11,630.0,714.0,3.147292790938239,2.098195193958826,3.2643901665976975,6.890528083361552,0.29431893366415013
11,636.0,708.0,3.00849751884831,2.0056650125655398,3.1345734798881075,7.377319877957222,0.29784950335504
11,642.0,702.0,3.0707081490164887,2.0471387660109923,3.0385409146298463,6.4934269240970695,0.3007088314135209
11,648.0,696.0,3.0438337832953657,2.0292225221969105,3.3414234330060473,6.896892471578934,0.30304647679607505
11,654.0,690.0,3.21540535991562,2.14360357327708,3.196388942112661,7.254074256036549,0.30705611395310056
11,660.0,684.0,3.1976243317415336,2.131749554494356,3.1431435904750438,6.652775831586316,0.30999171232073663
11,666.0,678.0,2.937862677942338,1.9585751186282252,3.2017072126168267,7.168656102938773,0.3125679679772405
11,672.0,672.0,3.116976139278946,2.0779840928526307,3.085709235420069,7.064999576287513,0.3168974363607423
11,678.0,666.0,2.961913961610908,1.9746093077406053,3.327748916094256,7.0188163777700865,0.31977740834376356
11,684.0,660.0,3.0172808444075514,2.0115205629383675,3.3019827225148455,7.5209009599845285,0.32224045875576385
11,690.0,654.0,3.2015230742727487,2.1343487161818326,2.939542811656427,6.5696474645199086,0.32507287393737533
11,696.0,648.0,3.1143849307425446,2.07625662049503,2.764368159553643,6.284518841638409,0.32753285868944687
11,702.0,642.0,3.3313204056930243,2.220880270462016,2.935710636968742,6.799492689576303,0.33056414946263496
11,708.0,636.0,3.284360469657999,2.189573646438666,2.980113519182147,6.71430159999779,0.33581516653911003
11,714.0,630.0,3.4206327434565345,2.280421828971023,3.0999164010224907,7.607908028599049,0.3390593348820857
11,720.0,624.0,3.420611998988733,2.280407999325822,2.891738640204773,6.831314678663297,0.34156785536087747
11,726.0,618.0,3.117118106577258,2.078078737718172,3.2547667205651067,6.788370507036682,0.34556015847824045
11,732.0,612.0,3.1856631212701587,2.123775414180106,2.8850686085321318,6.966451238768279,0.3486211157923325
11,738.0,606.0,3.2319927140397056,2.1546618093598036,3.0605965211320303,6.153929029416572,0.3507067779444662
11,744.0,600.0,3.030288484889627,2.0201923232597516,3.204714547025169,5.527321381214625,0.35457871902713045
11,750.0,594.0,3.1969223726642335,2.1312815817761557,3.373415518579386,5.518730617096585,0.35651246654606994
11,756.0,588.0,3.140185395144993,2.093456930096662,2.8326079117714418,7.354676525380401,0.36151735542505464
11,762.0,582.0,3.490830212031337,2.3272201413542244,3.1481086543776033,7.710308082793684,0.3659050403406612
11,768.0,576.0,3.4478651440789294,2.298576762719286,2.783248852880106,5.609778082714774,0.37024336125246926
11,774.0,570.0,3.244019138850018,2.162679425900012,2.9317051137455734,7.1985706815922486,0.37252312965178835
11,780.0,564.0,3.270755298971175,2.18050353264745,2.850053456688198,6.326198462850028,0.37581669046516564
11,786.0,558.0,3.3393202760273826,2.2262135173515882,3.0184985915852245,6.2116064882463995,0.3787480951199885
11,792.0,552.0,3.1189758992096017,2.0793172661397343,3.004151177013812,6.836932447115196,0.3822073842789102
11,798.0,546.0,3.058114354900776,2.038742903267184,3.1081583640183865,5.780666645536852,0.38558067444890787
11,804.0,540.0,3.5088018161677517,2.339201210778501,3.1433681797670965,5.8196358263132755,0.3876143179448772
11,810.0,534.0,3.3777960114957017,2.251864007663801,3.1382738677165998,6.271387294315008,0.3917887386357662
11,816.0,528.0,3.463908824011703,2.3092725493411352,2.9475345970074947,6.40919632765889,0.3951717781641285
11,822.0,522.0,3.3995324281345205,2.26635495208968,2.9425012394367,6.069213084922898,0.3994593875161183
11,828.0,516.0,3.2512340561629554,2.1674893707753036,2.974081543619496,7.521541474698051,0.40305260882336735
11,834.0,510.0,3.3794543086816904,2.252969539121127,2.819611295394355,6.365175497962176,0.406747699406524
11,840.0,504.0,3.405441207523204,2.270294138348803,2.6234356347889167,5.47869487839315,0.4106238407098212
11,846.0,498.0,3.3630301206133937,2.242020080408929,2.756629011977566,6.7036834911316685,0.4133086296584954
11,852.0,492.0,3.2908492850312916,2.1938995233541942,2.8050699060371316,5.629348347758248,0.41591240768420584
11,858.0,486.0,3.3081538994823627,2.205435932988242,2.7871481277897687,6.169031134070726,0.4190873375641714
11,864.0,480.0,3.439055448253843,2.292703632169229,2.5315910969649607,6.490279564760222,0.42338004564200976
11,870.0,474.0,3.443970463877936,2.295980309251957,2.6008774366776968,5.652848241565282,0.42719453390379863
11,876.0,468.0,3.3260254028651968,2.217350268576798,3.1251662177730757,6.141964217268098,0.4301445193430341
11,882.0,462.0,3.3331774669603065,2.222118311306871,2.8083050960278975,5.537122049455358,0.4356164855791077
11,888.0,456.0,3.4868098923527144,2.324539928235143,2.803385315777133,5.196460807020922,0.4390252633942693
11,894.0,450.0,3.326445445544332,2.217630297029555,2.535797757846406,5.624908625909162,0.44426005279076847
11,900.0,444.0,3.421680455884992,2.281120303923328,2.7385523823277014,5.9545018216964785,0.44820288066882064
11,906.0,438.0,3.2888691167185433,2.1925794111456955,2.5708889833796236,5.239724248100125,0.4521185776836772
11,912.0,432.0,3.5587586618061695,2.3725057745374465,2.5305343463972063,5.504318839717038,0.4571446583967684
11,918.0,426.0,3.572952660576583,2.3819684403843886,2.7117712916761754,5.5767993008993955,0.4604389040983566
11,924.0,420.0,3.3253673466344833,2.216911564422989,2.7598237324647648,6.038956797118347,0.46292227733870805
11,930.0,414.0,3.3985861360310947,2.2657240906873963,2.4266705723541246,5.756351880822639,0.4677757975772853
11,936.0,408.0,3.5198731175813545,2.3465820783875695,2.5517609273602617,5.60111996497926,0.4689882572092956
11,942.0,402.0,3.4322559438039506,2.2881706292026336,2.936782483395,5.0439019581811495,0.4731668134353893
11,948.0,396.0,3.437155733251215,2.29143715550081,2.740408650806779,6.0722279950227005,0.4767924952166444
11,954.0,390.0,3.3331749618451516,2.222116641230101,2.5621253374789466,5.490363086974498,0.48181238896163453
11,960.0,384.0,3.6250594695448406,2.4167063130298936,2.7352746929288396,5.326736623936881,0.48625269752797406
11,966.0,378.0,3.5555318895480763,2.370354593032051,2.611868001700228,5.820780438875873,0.48934696526280386
11,972.0,372.0,3.7078818795696487,2.4719212530464323,2.543180286293223,5.163613101904657,0.492635172005997
11,978.0,366.0,3.414930683052395,2.2766204553682634,2.548196854807565,6.2734623017224695,0.49661173512605505
11,984.0,360.0,3.614554425351922,2.409702950234615,2.6082380828330765,5.893986421671108,0.5003998099519915
11,990.0,354.0,3.554823840195325,2.369882560130217,2.6792620371162164,6.473870453995473,0.504445681452685
11,996.0,348.0,3.7928042606631145,2.5285361737754095,2.172307030667986,7.10379185954231,0.5114914520036596
11,1002.0,342.0,3.5930464443571655,2.3953642962381103,2.2917383861267338,4.809313712440976,0.5163251440549181
11,1008.0,336.0,3.6580370723693614,2.438691381579574,2.2233095409055363,5.167834017324179,0.5220315996433528
11,1014.0,330.0,3.5256881342386444,2.3504587561590964,2.2585032578720967,5.194123600326405,0.5256666683424502
11,1020.0,324.0,3.91603178978493,2.61068785985662,2.702717793987409,5.243737852408239,0.5294238570433729
11,1026.0,318.0,3.7874203202535752,2.52494688016905,2.3091259626547,4.9019249358674655,0.5324866714846702
11,1032.0,312.0,3.6306825790297212,2.420455052686481,2.082503245278247,5.275012395874974,0.5368345440893652
11,1038.0,306.0,3.6654204130784613,2.4436136087189744,2.340208395211371,4.76751864033916,0.5409489890827575
11,1044.0,300.0,3.665686530777149,2.4437910205180993,2.433195059191884,6.1154436647680885,0.5468126015950797
11,1050.0,294.0,3.733577444872365,2.48905162991491,2.1122118285002607,5.538076399050186,0.5504101847306663
11,1056.0,288.0,3.723906973605598,2.4826046490703986,1.8550370285050728,4.504244413975142,0.5543148832452987
11,1062.0,282.0,3.7078131327208594,2.4718754218139063,2.556730959984074,4.05749205506211,0.5592572739605947
11,1068.0,276.0,3.7133421222068366,2.4755614148045577,1.9394540065424575,5.827024090874873,0.5657106051055252
11,1074.0,270.0,3.557577362173038,2.371718241448692,2.2961187658111104,5.0010412084584175,0.569879886696621
11,1080.0,264.0,3.8083724373647865,2.538914958243191,2.621698946525948,5.289885437125195,0.5766129893257167
11,1086.0,258.0,3.689620632668843,2.4597470884458956,2.071077563123747,4.621036436441329,0.5814303965008111
11,1092.0,252.0,3.612302042552984,2.4082013617019893,2.353304738366967,4.382491088613816,0.5868518005856365
11,1098.0,246.0,3.747339764077113,2.498226509384742,2.7317422477766216,5.00308640887276,0.5926600430607298
11,1104.0,240.0,3.6541763108474847,2.43611754056499,2.15740880397085,5.327452395833103,0.59625585781686
11,1110.0,234.0,3.7922090688256023,2.5281393792170683,2.448191165334383,4.841769210216466,0.6022369955846533
11,1116.0,228.0,3.7916860597357798,2.52779070649052,2.0697937805875015,4.296443680496633,0.6075011389103349
11,1122.0,222.0,3.8814418917740796,2.5876279278493866,2.0699674354167885,5.488022998571032,0.6129852016041877
11,1128.0,216.0,3.9904859474673784,2.6603239649782524,2.145753648021621,5.26549426718927,0.618500326909464
11,1134.0,210.0,3.8770357898891095,2.58469052659274,1.8968565259648056,5.080756284961752,0.6216849001404009
11,1140.0,204.0,3.9240763996862777,2.616050933124185,2.1729734380374732,4.686125998134345,0.6253079266706828
11,1146.0,198.0,3.8629668785755413,2.575311252383694,2.0900647067823726,5.245039257031208,0.6298284747251441
11,1152.0,192.0,3.9849527127399256,2.656635141826617,2.021706724468549,4.461873061897556,0.6359782930355503
11,1158.0,186.0,3.8204987925317218,2.5469991950211477,1.9457623921915073,4.0461850407556375,0.6406338929635605
11,1164.0,180.0,3.9442020152414328,2.6294680101609553,2.004281145859037,4.126067559324888,0.6452381211757443
11,1170.0,174.0,4.015467362019308,2.6769782413462053,1.9413465719242207,4.7925293123456365,0.6509504194387343
11,1176.0,168.0,3.9821490783631104,2.6547660522420737,2.1676504564104446,5.303570016677328,0.6546320275629969
11,1182.0,162.0,3.972335590322775,2.64822372688185,2.3965394639853,4.443276960847772,0.6583207417650865
11,1188.0,156.0,3.8629164214129172,2.575277614275278,2.044155467596598,5.713720703215571,0.6627581190264892
11,1194.0,150.0,3.8052529061560594,2.5368352707707063,2.018259830244502,4.561062850419258,0.6650709744909604
11,1200.0,144.0,4.07348184156838,2.7156545610455862,2.066735570876387,4.635301033449153,0.6715336070641638
11,1206.0,138.0,3.972530423344508,2.648353615563005,2.239680022278207,4.09209523660793,0.6752430079889046
11,1212.0,132.0,4.0761405960547865,2.7174270640365243,2.0754109251164805,4.489128614080601,0.6812384739545315
11,1218.0,126.0,4.0373335299370225,2.6915556866246817,2.07437072724094,4.381724561614621,0.6847919552237905
11,1224.0,120.0,4.109338497033037,2.7395589980220247,2.01927895897651,4.3454067805526915,0.6909821087021935
11,1230.0,114.0,3.7764767002345945,2.51765113348973,2.0970274379942997,4.192073037211895,0.6958952348644026
11,1236.0,108.0,4.0086539256376,2.6724359504250668,2.3243119720163685,4.382171370295654,0.7020151719069703
11,1242.0,102.0,4.078044664570285,2.718696443046857,2.085858651532494,3.587755843716458,0.7073941590550192
11,1248.0,96.0,4.0119598945784825,2.6746399297189885,2.0732955881243407,3.763319627072522,0.7135393374675824
11,1254.0,90.0,4.093992938426249,2.7293286256174993,2.2941352862864006,4.626248770931598,0.7163317785855339
11,1260.0,84.0,4.0845043975164295,2.7230029316776196,1.9660358586602458,3.895595428222478,0.7219243765681286
11,1266.0,78.0,4.209516640123679,2.8063444267491193,1.7770762067716803,4.361005530849427,0.7258110500330119
11,1272.0,72.0,4.0142469851040135,2.676164656736009,1.842597442967398,4.377562459720285,0.7303670782072204
11,1278.0,66.0,4.14681959580312,2.7645463972020803,2.043936944094232,3.8401353848358357,0.7377334654788257
11,1284.0,60.0,4.167215014270727,2.7781433428471516,2.117294283636244,4.464648965826016,0.7443886451167192
11,1290.0,54.0,3.9704227383293262,2.646948492219551,1.9514668371010886,4.667090024230009,0.747884614247931
11,1296.0,48.0,4.121579826989638,2.747719884659759,1.7548076353580166,3.9607111006107036,0.754674823996115
11,1302.0,42.0,4.296681003168424,2.8644540021122826,2.2723021231271248,4.361200568096625,0.7620534705894596
11,1308.0,36.0,4.169990789015236,2.7799938593434903,1.6766472602668223,3.1589356173997833,0.7705051325192579
11,1314.0,30.0,4.334595192426552,2.889730128284368,1.9250610168139295,3.5068301482095015,0.7750279441345552
11,1320.0,24.0,4.160320494490304,2.7735469963268695,2.174606127327533,3.709278027880957,0.7811903851204121
11,1326.0,18.0,4.229572075831433,2.8197147172209553,1.8055864969453872,3.0,0.7851081532761593
11,1332.0,12.0,4.273564916775418,2.8490432778502783,2.3612459835730917,3.0,0.7887310086466297
11,1338.0,6.0,4.3745419906267635,2.916361327084509,1.805207756034702,3.5020998250851663,0.7958623362464667
11,1344.0,0.0,4.430597773743364,2.9537318491622426,1.8908620539555274,4.0226278295954625,0.8005087866137999
12,0.0,816.0,2.547250228645048,1.6981668190966985,1.4334882595189957,3.261328900497039,0.0047642409242356805
12,6.0,810.0,2.7883963525223896,1.8589309016815931,1.5916841584325647,3.0,0.007532776651387128
12,12.0,804.0,2.764460248548434,1.8429734990322892,1.7295553815931985,3.6964660843137636,0.010971921182811704
12,18.0,798.0,2.6985792394617008,1.7990528263078005,1.6341579324353497,4.038627101348568,0.01308167805365721
12,24.0,792.0,2.6804720984101196,1.7869813989400798,1.9442492390909645,4.327697232121338,0.018028336623659578
12,30.0,786.0,3.1820682255276074,2.121378817018405,2.3235142176717436,4.176982776706809,0.023038940114214795
12,36.0,780.0,2.69912361245278,1.7994157416351868,2.0333999051794516,4.008602820987176,0.026393586262274896
12,42.0,774.0,2.7063936660057206,1.8042624440038137,2.1783061855370662,5.107015063347081,0.03139150264659259
12,48.0,768.0,2.81868398414109,1.87912265609406,2.10776231696788,4.618129582556553,0.036548222635462965
12,54.0,762.0,2.843297439124559,1.8955316260830395,2.1472422097821506,5.763636910043836,0.04075622776177269
12,60.0,756.0,2.9743321055600958,1.982888070373397,2.555083976836947,4.579868169315919,0.04588455433122457
12,66.0,750.0,2.7625823960823728,1.8417215973882486,2.622482021325466,5.04366946654807,0.05119091993730902
12,72.0,744.0,2.853252439346474,1.9021682928976495,2.2176713390855953,5.141508032430737,0.05335143097479662
12,78.0,738.0,2.5961645146210084,1.7307763430806722,2.555914941556686,5.645703018619418,0.05721041699695213
12,84.0,732.0,2.751894925948261,1.8345966172988406,2.7342499553548407,5.5248533166742755,0.06146534746867039
12,90.0,726.0,2.9149771419183783,1.9433180946122521,2.6387290967813493,6.30707209956998,0.06559091401965028
12,96.0,720.0,2.981699201929158,1.9877994679527722,2.473973980681521,5.8886271152620875,0.06762844172937066
12,102.0,714.0,2.615439489795231,1.743626326530154,2.8933533223777705,5.918475818436724,0.07240728098684882
12,108.0,708.0,2.8684115407813593,1.9122743605209063,2.742363707369805,6.043610755821293,0.07708658139988082
12,114.0,702.0,2.7387236176805674,1.8258157451203783,2.5684401093038454,6.968998363238813,0.08221357777618765
12,120.0,696.0,2.5912017773162432,1.7274678515441622,2.8002284249255918,6.360390618532286,0.08520449320912357
12,126.0,690.0,2.6680787250253157,1.778719150016877,2.7254760586760303,5.942106115200748,0.08788839954303698
12,132.0,684.0,2.885119707089902,1.9234131380599349,3.141115906445108,7.376202618639108,0.09213608020900167
12,138.0,678.0,2.706588143923986,1.804392095949324,2.881676803008185,7.17113640722462,0.09667637960785021
12,144.0,672.0,3.03335257979412,2.02223505319608,3.0136372724696967,6.611157969970857,0.10308551716017265
12,150.0,666.0,2.8401839586275797,1.8934559724183864,3.2096112877099796,6.868591591404581,0.1080285105475736
12,156.0,660.0,3.03535430039837,2.0235695335989132,2.6892031791847426,6.834546100795755,0.11335539255651263
12,162.0,654.0,3.1015320584052275,2.067688038936818,3.494519522848281,6.711849850456068,0.11685625580831892
12,168.0,648.0,2.9403943895390277,1.9602629263593518,3.155674960757609,6.734195844160491,0.1217918165888085
12,174.0,642.0,3.0271839991286553,2.01812266608577,3.562700401114748,6.454698341049753,0.12691858105575562
12,180.0,636.0,2.8986071717548803,1.93240478116992,3.1341601052477395,7.371029990576868,0.13264150745403125
12,186.0,630.0,2.7171796374521437,1.8114530916347624,3.653477809284656,7.325988632135763,0.13621016881545048
12,192.0,624.0,2.8353693981897634,1.8902462654598422,3.199553097499146,7.045554625551963,0.13915332739200198
12,198.0,618.0,2.818819551596705,1.8792130343978035,3.1666328058757505,6.880154625717919,0.1417056457405545
12,204.0,612.0,3.0797870159766094,2.0531913439844063,3.206043648353082,7.8181771342531405,0.14494606649387187
12,210.0,606.0,3.0527298594713215,2.035153239647548,2.9132016207253173,7.590790439037722,0.15031037619790089
12,216.0,600.0,2.871186330145723,1.9141242200971487,3.35998099846608,7.350606986421349,0.15456218868487429
12,222.0,594.0,2.846103624226452,1.8974024161509682,3.484902397710517,8.467860846049586,0.15866251899170175
12,228.0,588.0,2.8030930842733572,1.868728722848905,3.551659344615736,7.164287086993562,0.16180628656053245
12,234.0,582.0,2.7244019065597573,1.816267937706505,3.405034266832508,7.4104596193920695,0.16505307820809675
12,240.0,576.0,3.26573144668337,2.1771542977889133,3.2274687220274263,8.046667855471686,0.1714047012240036
12,246.0,570.0,2.8758921663485473,1.9172614442323648,3.223312782687155,6.940253319596716,0.17653281610455832
12,252.0,564.0,2.80575970145822,1.8705064676388135,3.6756294590508993,7.840079576723854,0.17971401223520778
12,258.0,558.0,2.9066461268348167,1.9377640845565445,3.3552947241235764,7.526178413472884,0.18466345860892225
12,264.0,552.0,3.1436575854675963,2.0957717236450644,3.4354231266187187,6.941979674821005,0.18712490314813374
12,270.0,546.0,3.06002115393825,2.0400141026255,3.258325720438262,7.551417027277576,0.19155134943134955
12,276.0,540.0,2.823507099450442,1.8823380663002947,3.6147100782507056,7.575592479606436,0.19698101422091602
12,282.0,534.0,2.900032959037915,1.9333553060252766,3.3627536930594366,7.035666702743327,0.19977046101387613
12,288.0,528.0,2.9552301536008745,1.9701534357339163,3.408345908141958,7.146470231031101,0.2039840854138852
12,294.0,522.0,3.19934378024977,2.132895853499847,3.232222774451427,7.669290735854561,0.20663943704253573
12,300.0,516.0,2.951082467142304,1.9673883114282027,3.16386839725334,7.799596115688048,0.2100830544481234
12,306.0,510.0,2.9724465453448787,1.9816310302299192,3.1646128969193517,6.909319001713003,0.21670995206180158
12,312.0,504.0,2.928146883091396,1.9520979220609307,3.166043576028213,6.387684094986673,0.22153321277479981
12,318.0,498.0,3.0556153531577865,2.037076902105191,3.6260535826090288,8.060595107053816,0.22507003690768856
12,324.0,492.0,3.0725600957204056,2.048373397146937,3.68683325405639,6.944182737706448,0.22966569794110256
12,330.0,486.0,3.23892048505933,2.1592803233728866,3.512970820665428,7.307442673806295,0.23374374710944756
12,336.0,480.0,3.0319228743761455,2.021281916250764,3.2341937873305984,7.6191367938963905,0.24016324349449697
12,342.0,474.0,3.116979697162753,2.0779864647751687,2.9140855678358024,8.136361788734256,0.24380181258438893
12,348.0,468.0,3.018278783182969,2.012185855455313,3.2340807144745756,7.4672268232435695,0.24776050724392445
12,354.0,462.0,2.758699798176026,1.8391331987840174,3.290638100629465,7.39668000119138,0.252387948261873
12,360.0,456.0,3.072778077030375,2.04851871802025,3.4839271266712095,7.359923223275302,0.2588011218989368
12,366.0,450.0,2.9177246360944458,1.9451497573962973,3.0306346502792487,6.8316256580407515,0.2660961101704163
12,372.0,444.0,3.3611466248788093,2.240764416585873,3.3908215180743992,8.042486397446703,0.27333107813518254
12,378.0,438.0,3.0172690013314942,2.0115126675543293,3.4941387695595165,6.940337343178656,0.27725749857133924
12,384.0,432.0,3.1590280810498497,2.1060187206999,3.578568804289583,6.64708429345733,0.28056846241238803
12,390.0,426.0,3.064284385186207,2.0428562567908046,3.268018011161638,7.014693969935684,0.2846673275558567
12,396.0,420.0,3.138279251377734,2.092186167585156,3.1752305933335907,7.6942312645384865,0.2888824903951505
12,402.0,414.0,2.96543084722143,1.97695389814762,3.113925764586622,6.882135600644728,0.2916392256876328
12,408.0,408.0,3.211400395372692,2.140933596915128,3.0778075518828913,7.36209170947674,0.29808160135237327
12,414.0,402.0,3.03369671884304,2.0224644792286934,3.3508061705364756,7.281493895441815,0.3041453162788712
12,420.0,396.0,3.14461217653773,2.09640811769182,2.9624449286117507,6.446546264258133,0.3089522197008504
12,426.0,390.0,3.0815321989070252,2.05435479927135,3.398522952991146,6.733824451983685,0.3140707455464839
12,432.0,384.0,3.3260092588187544,2.2173395058791696,3.1357344249386094,6.755747407010014,0.31910706571115044
12,438.0,378.0,3.0203169231319915,2.0135446154213277,2.9695547094121597,6.864215512428494,0.3243156258458352
12,444.0,372.0,3.261522246597183,2.174348164398122,3.09551547829056,6.315191228325519,0.3291135833494222
12,450.0,366.0,3.1444059291868434,2.0962706194578957,2.7102642701654984,6.947617422535265,0.33227159430087533
12,456.0,360.0,3.2185858092366892,2.1457238728244596,2.834645246415512,6.295759099041777,0.33825107515261105
12,462.0,354.0,3.2768367909945053,2.1845578606630034,3.086747806992079,7.487007059815285,0.3442221422944974
12,468.0,348.0,3.1164746024620396,2.077649734974693,2.8100504035741967,6.646689375843304,0.35082308896149655
12,474.0,342.0,3.295775393059183,2.1971835953727887,3.1353916408511724,6.6042310943250335,0.35713618497785554
12,480.0,336.0,3.2700064938363917,2.180004329224261,3.079457101797165,6.2403292042683844,0.36228436863265995
12,486.0,330.0,3.2383825150125594,2.1589216766750394,2.546835303870206,5.827900103973979,0.367947437837242
12,492.0,324.0,3.134502985204658,2.0896686568031053,2.9175026622587117,7.095548691924382,0.3715150340245232
12,498.0,318.0,3.1772676271525158,2.118178418101677,2.803493032372881,7.045333818330748,0.3793590722874854
12,504.0,312.0,3.1590515394213874,2.106034359614258,3.1606921881736567,5.778802121760145,0.384406297322257
12,510.0,306.0,3.219339242381798,2.1462261615878653,2.7834643504064993,6.065094468734247,0.3912961546793534
12,516.0,300.0,3.578447590173548,2.3856317267823655,3.0749024048757603,6.607971408183113,0.39938288323056464
12,522.0,294.0,3.2924841196489103,2.1949894130992735,2.47095543098892,6.630842845596144,0.4078727107035132
12,528.0,288.0,3.421938924399179,2.281292616266119,2.673063085089026,7.648024700307156,0.41607908439802604
12,534.0,282.0,3.2621247173737573,2.174749811582505,2.8778736785959094,6.489407580475254,0.4241585030140575
12,540.0,276.0,3.493064648158741,2.3287097654391604,2.65467962568898,5.798723026549063,0.4326290792153434
12,546.0,270.0,3.35208271906989,2.23472181271326,2.7366121450407244,5.501797107308042,0.4397101376706405
12,552.0,264.0,3.3828936838161474,2.2552624558774315,2.5317203095443355,6.811688056484634,0.44374001366747706
12,558.0,258.0,3.607201693917066,2.404801129278044,2.7822499334071615,5.188931828374557,0.4518251847613816
12,564.0,252.0,3.5325459760626012,2.3550306507084007,2.621323279198068,5.584149599111001,0.45846190561836875
12,570.0,246.0,3.5137238970811815,2.342482598054121,2.5918637506890922,5.366398355016838,0.46743240422344134
12,576.0,240.0,3.3806082720465405,2.253738848031027,2.807983247516819,6.0215971415467004,0.4720710465614427
12,582.0,234.0,3.5396436414222983,2.3597624276148657,2.340631801069872,5.0116950282053905,0.4755533794103264
12,588.0,228.0,3.454631598553451,2.3030877323689674,2.627501589739564,5.595341891194775,0.4851315683766545
12,594.0,222.0,3.6750047240839074,2.4500031493892718,2.5426208451392234,5.5053160030120845,0.49028960221200685
12,600.0,216.0,3.374952912704087,2.2499686084693913,2.407700836983155,6.219531832773968,0.494857593393028
12,606.0,210.0,3.385467672132019,2.2569784480880126,2.5845416067313973,6.38918965690415,0.5033491569722256
12,612.0,204.0,3.5140066238546352,2.342671082569757,2.6573914536120182,6.062113593582192,0.5087945600118415
12,618.0,198.0,3.638544425113609,2.425696283409073,1.9605377937110595,5.206038887299672,0.515461740510657
12,624.0,192.0,3.645869219140877,2.430579479427251,2.3318346020635237,5.809402712686015,0.5217399528012925
12,630.0,186.0,3.5398467451450704,2.3598978300967137,2.8018452935133693,5.460478657724568,0.5291719564908983
12,636.0,180.0,3.6721315639794025,2.448087709319602,2.3380649909438525,4.432860227609446,0.5380831670552703
12,642.0,174.0,3.662515105116349,2.4416767367442325,2.8985727002840953,4.988647106792358,0.5449734769402619
12,648.0,168.0,3.853522442778935,2.5690149618526235,2.3490525673562788,4.789124209119042,0.5548920553005533
12,654.0,162.0,3.688424896179776,2.4589499307865172,2.587399193507214,4.800252874078598,0.5615210542923914
12,660.0,156.0,3.851071211878692,2.567380807919128,2.5399673307412307,4.6360293349386446,0.5730537756545996
12,666.0,150.0,3.728385541508782,2.4855903610058547,2.183588438924021,5.1974744719840515,0.5811907620045367
12,672.0,144.0,3.795788624897269,2.530525749931513,2.453438282691815,4.4062337829980365,0.5901341459062214
12,678.0,138.0,3.6608498936141425,2.440566595742762,2.2772465737944065,4.890284941051462,0.5993134854909604
12,684.0,132.0,3.9686654521623526,2.645776968108235,2.2723160319652895,4.433344983583618,0.6078338567650374
12,690.0,126.0,3.864778612558177,2.5765190750387847,1.9070992280020715,4.163632578588,0.6161942071585772
12,696.0,120.0,3.7892934030278544,2.5261956020185696,2.0194709254338714,3.8318998253447614,0.6291585830644393
12,702.0,114.0,3.973461921401216,2.6489746142674773,2.2294538152503307,4.546060783391328,0.6344081602815306
12,708.0,108.0,3.685158925058197,2.456772616705465,1.8686979423382983,4.280406606081257,0.644062858355374
12,714.0,102.0,3.7876260241924427,2.5250840161282953,1.9355218205868783,4.6826925986682815,0.6504807632002895
12,720.0,96.0,3.9294332847313895,2.619622189820926,1.9699686997533339,4.812376729633211,0.6590119587255358
12,726.0,90.0,4.028769585428535,2.6858463902856897,1.9862094199428872,4.566536165898789,0.663503975509507
12,732.0,84.0,3.9818864710523787,2.654590980701586,2.3518396575690756,4.404431065108822,0.6758830771357492
12,738.0,78.0,3.917180294707828,2.611453529805219,2.0860806691185196,4.125036898123942,0.6859561573144993
12,744.0,72.0,3.9809120402408524,2.653941360160568,1.9637036795342522,3.847311416327929,0.696653293726897
12,750.0,66.0,3.88892677110373,2.5926178474024866,1.938231810436793,4.873682389703868,0.7010219454018646
12,756.0,60.0,4.178865946165584,2.7859106307770563,2.0445804796230713,4.755191934391853,0.7084270430498665
12,762.0,54.0,4.145923631633074,2.7639490877553823,2.0339450287905843,4.011585278777622,0.7203626905241569
12,768.0,48.0,4.155071804032418,2.7700478693549453,2.0025658194668874,3.6388598206327427,0.7359818398792483
12,774.0,42.0,3.928886401301679,2.619257600867786,1.7602002961340464,4.996657446391439,0.7444737640068932
12,780.0,36.0,4.140313865127867,2.760209243418578,2.164421493864663,3.5670247164186444,0.7537774729198294
12,786.0,30.0,4.23705217624449,2.8247014508296604,1.6993926812759657,3.625379282301161,0.7629171507453205
12,792.0,24.0,4.096802680600938,2.7312017870672918,2.18910258608941,4.226236322957693,0.7679419693625785
12,798.0,18.0,4.186690572702132,2.791127048468088,2.0619974850499903,3.249807201370831,0.7749801491917242
12,804.0,12.0,4.171869266391271,2.7812461775941806,1.5910203817684827,3.9431950646232132,0.7855546897424996
12,810.0,6.0,4.361276379759221,2.907517586506147,2.2797786356255454,4.191708464467568,0.7961116313677385
12,816.0,0.0,4.430840781191351,2.953893854127567,1.3774007326188071,3.546607068559765,0.8034574267975952
13,0.0,1374.0,2.855188487597425,1.9034589917316167,1.5783117817277033,3.4871110607613214,0.0024889965359678936
13,6.0,1368.0,2.7672457300084425,1.844830486672295,1.2931428774265366,3.211251707154289,0.005231405963388736
13,12.0,1362.0,2.5800302705923883,1.7200201803949255,2.053422108095799,3.9832644515646938,0.007670564927380228
13,18.0,1356.0,2.8225527437150295,1.881701829143353,1.7330142359842082,3.0,0.008743092354733816
13,24.0,1350.0,2.78538524900159,1.8569234993343933,1.9242527998582588,3.7311032517620437,0.011536875234626282
13,30.0,1344.0,2.904573658908072,1.9363824392720481,2.1973700947744197,3.1996790109665914,0.014047826519089802
13,36.0,1338.0,2.9491340328599684,1.966089355239979,1.663625782729506,3.965288995744426,0.01664520919894478
13,42.0,1332.0,2.8349086517716198,1.8899391011810798,1.8465005012807656,4.13958149088788,0.019629534616138797
13,48.0,1326.0,2.8125856614395217,1.8750571076263478,2.15040500764339,4.649330364165062,0.021176780540343665
13,54.0,1320.0,2.8102803811711285,1.8735202541140856,2.2791988568661514,3.693104821794808,0.023541519422083865
13,60.0,1314.0,2.933758583097959,1.9558390553986393,2.3258931294164737,4.589474051163551,0.026929168672478878
13,66.0,1308.0,2.6892694708321905,1.792846313888127,2.087955388743835,4.133170284941054,0.02885119883029136
13,72.0,1302.0,2.8948709321222514,1.9299139547481676,2.200107458093097,4.713643947476104,0.032739247262131635
13,78.0,1296.0,3.096629820288454,2.0644198801923026,2.282386641697893,5.324458931129178,0.037046392435600484
13,84.0,1290.0,2.7452104786575653,1.8301403191050436,2.356642048918233,5.137317680936782,0.03902985315819524
13,90.0,1284.0,2.5952179282766616,1.7301452855177744,2.497371570306525,4.6425397246691,0.04065569986829767
13,96.0,1278.0,3.001159660679028,2.0007731071193517,2.269316902885336,5.323226298086979,0.04373442195885763
13,102.0,1272.0,2.770655252507751,1.8471035016718338,2.415379986831356,5.630681657025409,0.04524801150584093
13,108.0,1266.0,2.8334364503519547,1.8889576335679699,2.3054492934989,5.273300554061516,0.047998782266919046
13,114.0,1260.0,2.721011794079851,1.8140078627199008,2.306865481521273,5.542254214743843,0.05043192329255848
13,120.0,1254.0,2.8750137025455693,1.9166758016970462,2.4488340373065247,5.134128478513972,0.051860243849494246
13,126.0,1248.0,2.818377574752033,1.878918383168022,2.761361669773924,5.606080423481866,0.05460949820250447
13,132.0,1242.0,2.857254547060668,1.904836364707112,2.3351413486448824,4.8078889428903,0.0578836591444831
13,138.0,1236.0,2.7177932721184628,1.8118621814123086,2.8553284202855056,5.819885378780971,0.061164410450893034
13,144.0,1230.0,2.7563817874414327,1.8375878582942884,2.780683467326889,5.7631904537205365,0.06374030188569157
13,150.0,1224.0,2.8153795947367395,1.876919729824493,2.8353570628954206,6.25948216669662,0.06665332268203099
13,156.0,1218.0,2.636131526245842,1.7574210174972278,2.7053433561510687,6.366736636499221,0.07035047528021104
13,162.0,1212.0,2.5650958742599133,1.7100639161732756,2.581085653320329,4.8888065271838945,0.07208975321689234
13,168.0,1206.0,2.8918984203383156,1.9279322802255436,3.020514945781164,5.385010673636797,0.07625394841113033
13,174.0,1200.0,2.5800162497879944,1.7200108331919963,3.01784192582257,5.989554587717982,0.07787578401386083
13,180.0,1194.0,2.9004101856322624,1.9336067904215082,2.5028693387913763,5.298765709412276,0.08043074298638779
13,186.0,1188.0,2.8912225381514607,1.9274816921009739,2.8831944962683362,6.260702514072875,0.08271871346890736
13,192.0,1182.0,2.7268948264544153,1.8179298843029434,2.646708152399764,6.766912082238595,0.08462139796638384
13,198.0,1176.0,2.9628897437363166,1.9752598291575445,2.664093984262859,6.013851377992424,0.08731521734814354
13,204.0,1170.0,2.8292004061694547,1.8861336041129697,2.6517262205045546,6.0395909733705295,0.08870743620275824
13,210.0,1164.0,2.977164983437052,1.9847766556247013,2.8746509799809155,6.572691296742717,0.09159049749312795
13,216.0,1158.0,2.7760148314151767,1.8506765542767845,3.1494151669650443,6.841435900151683,0.0926502787589315
13,222.0,1152.0,2.93326741615089,1.95551161076726,2.773056402901994,6.855675361417573,0.09652035348906525
13,228.0,1146.0,2.8834811805188423,1.9223207870125616,3.1427503182620153,5.726967177158879,0.09892550839473672
13,234.0,1140.0,2.7380715734609575,1.8253810489739717,3.2933217065019496,6.388766921064082,0.10068458047404528
13,240.0,1134.0,2.794961634134907,1.863307756089938,2.90177239039415,6.233648197047013,0.10322798568331645
13,246.0,1128.0,2.908119404090133,1.938746269393422,3.2678541913292896,6.202393461914832,0.1051915115423058
13,252.0,1122.0,2.9854138122520855,1.9902758748347236,2.8898235989408105,5.8094680132924985,0.10835795017016546
13,258.0,1116.0,2.9683930695862606,1.978928713057507,3.1800995482942236,6.822748243794801,0.11130897692472627
13,264.0,1110.0,3.064254147798521,2.0428360985323475,3.169596667764004,6.730256219332508,0.11410055415625082
13,270.0,1104.0,2.7618491921531825,1.8412327947687883,2.833802149552434,7.164838071455729,0.11660037069759735
13,276.0,1098.0,2.8452001539570153,1.8968001026380101,2.9796039455649286,8.019179495692077,0.11775426491420882
13,282.0,1092.0,2.81097347516558,1.8739823167770533,3.0213181963871554,6.5136460451304785,0.12021068734316023
13,288.0,1086.0,2.816615952104526,1.877743968069684,3.3376075769278013,7.03344787741761,0.12210956459302924
13,294.0,1080.0,2.938274889057793,1.9588499260385286,3.15911868312999,6.719318658967445,0.12532413533533437
13,300.0,1074.0,2.891928800394572,1.9279525335963814,3.342680290318351,7.485319544729416,0.12869752541700907
13,306.0,1068.0,3.0892586309610137,2.059505753974009,3.190310881344445,6.7399426186798195,0.13124527535471536
13,312.0,1062.0,2.882752582882255,1.9218350552548367,3.220940896115899,7.869748113842227,0.13361360072792877
13,318.0,1056.0,2.66027107056094,1.7735140470406268,2.9964705333630954,6.523586946444881,0.13614645514656565
13,324.0,1050.0,3.1069442617278304,2.0712961744852203,3.5126061880110675,7.423671212669588,0.13984654331950433
13,330.0,1044.0,3.123086397008981,2.082057598005987,3.5497494998713286,7.834451923926494,0.1439788012389566
13,336.0,1038.0,2.9336477740271993,1.9557651826847995,2.9339891287549267,7.331422632568145,0.14730681101545248
13,342.0,1032.0,2.767309595043631,1.8448730633624206,3.4516768667356628,7.268451993571013,0.14999415467137878
13,348.0,1026.0,2.9247028685037457,1.9498019123358306,3.2738397284539267,7.014143884295741,0.1538762990360742
13,354.0,1020.0,2.9378811633755983,1.9585874422503988,3.1369042158719314,6.435238277837476,0.1558018020218103
13,360.0,1014.0,3.235945319271018,2.157296879514012,3.470072630111374,8.01361829044536,0.15920701674426252
13,366.0,1008.0,2.8010553732999135,1.867370248866609,3.2106880902987927,8.002621962295043,0.16140091516294802
13,372.0,1002.0,2.9409501280142316,1.9606334186761545,3.0161035131641114,7.57970427151677,0.16463951244607747
13,378.0,996.0,2.957973673125774,1.9719824487505162,3.234844334075614,6.695706711732383,0.16833823739966355
13,384.0,990.0,2.8199232907880822,1.8799488605253882,2.9634221190469914,7.717317290347316,0.17093099851558213
13,390.0,984.0,3.032386823481252,2.0215912156541678,3.340666308923016,6.967783464342499,0.17288440805372984
13,396.0,978.0,3.2997728990843833,2.199848599389589,3.22733921092362,6.636659695746542,0.17669503352642277
13,402.0,972.0,3.0758500935804522,2.0505667290536347,3.1878170613582975,7.620413462638501,0.17939572994111452
13,408.0,966.0,3.002407755497733,2.001605170331822,3.4834501514370366,6.638012604122349,0.18167247461017733
13,414.0,960.0,3.024855216817275,2.01657014454485,3.5833946007974222,6.627393990645909,0.18422607656006199
13,420.0,954.0,2.993294268601592,1.9955295124010615,3.3594115315776545,7.326983647662874,0.18728052890467203
13,426.0,948.0,2.788437427173449,1.8589582847822994,3.439648175760973,7.235941198627081,0.18915972861467611
13,432.0,942.0,3.054440478917511,2.036293652611674,3.149331029062558,7.532977416043544,0.19164498714056444
13,438.0,936.0,2.9647926917785083,1.9765284611856722,3.187190132420761,7.71543938272877,0.19459699496461122
13,444.0,930.0,3.0453726754788772,2.0302484503192515,2.8967117633903774,7.115259302073111,0.1972311576549158
13,450.0,924.0,3.2658076842892165,2.1772051228594775,3.654679468103813,8.226680499505544,0.20021934790194396
13,456.0,918.0,2.875556986045746,1.917037990697164,3.5168249067813946,6.575795419584703,0.20251473778394524
13,462.0,912.0,2.971076139618373,1.9807174264122487,3.263666144734961,7.689521789462948,0.20432152422944144
13,468.0,906.0,3.0302720023259244,2.0201813348839495,3.5267155315975636,8.2860662439444,0.2066618256199176
13,474.0,900.0,2.909754610085977,1.9398364067239846,3.4355058386023134,7.797321482494916,0.20991226943104196
13,480.0,894.0,3.0637248346644395,2.042483223109626,3.7102660473472513,6.952591301483516,0.21293129828321636
13,486.0,888.0,2.8078174038306627,1.8718782692204419,3.4546730182081755,7.440524802136628,0.21512884377865135
13,492.0,882.0,2.992714236299955,1.99514282419997,3.3699273270756485,8.128895048514696,0.21776684435400806
13,498.0,876.0,2.9899906742097295,1.9933271161398196,3.2536532526472843,7.937387498291795,0.2198532229342657
13,504.0,870.0,2.66053014318493,1.7736867621232868,3.634138980666609,7.127208991862805,0.22113965062283023
13,510.0,864.0,3.34435249629598,2.229568330863987,3.7259193163176976,8.648910952930292,0.22446960846985484
13,516.0,858.0,3.132366015561663,2.0882440103744417,3.5009562603555517,7.344625921089842,0.2267714111238204
13,522.0,852.0,3.0103618050545924,2.006907870036395,3.425966521315206,6.563782854526968,0.22996212796892376
13,528.0,846.0,3.077246902342217,2.0514979348948112,3.276037455130517,6.256544612541578,0.23209470373287172
13,534.0,840.0,3.060434897935267,2.0402899319568446,3.28382977927584,7.116488254858899,0.23506243229519522
13,540.0,834.0,3.290121125539724,2.1934140836931495,3.2683144042365417,7.386056093166095,0.2363336535522889
13,546.0,828.0,3.085751495229828,2.057167663486552,3.292738422113847,8.079141908816448,0.23890446267783122
13,552.0,822.0,2.987890828502942,1.9919272190019612,3.235882448832585,7.312066818945918,0.24229621076916372
13,558.0,816.0,2.963569395934812,1.9757129306232082,3.4413850806517914,8.113097206185943,0.24507265552171326
13,564.0,810.0,2.8742685566616806,1.9161790377744536,3.509334222174985,7.663609912054555,0.24768138160175301
13,570.0,804.0,3.1675735297221412,2.1117156864814275,3.255309618841738,7.1913601984263344,0.25066041099486713
13,576.0,798.0,3.0442763184447745,2.0295175456298495,3.2278535544735765,7.958705053026138,0.2524220984748768
13,582.0,792.0,3.081516610581908,2.054344407054605,3.2232478905919,7.348910423245453,0.2558431137932458
13,588.0,786.0,2.920091495087643,1.946727663391762,3.243366419609172,6.940537813100865,0.25860701427024263
13,594.0,780.0,2.773916850094052,1.8492779000627013,2.95412001233935,7.370152937682849,0.2613106366419258
13,600.0,774.0,3.131431586594484,2.087621057729656,2.994833966109438,7.434345514630693,0.26530432586777813
13,606.0,768.0,3.0704930701029403,2.0469953800686267,3.0633885395918328,6.84410870963423,0.2684941227542875
13,612.0,762.0,2.988224388443933,1.9921495922959551,3.21592925783355,6.693536180758277,0.27059510948983845
13,618.0,756.0,3.032282550946057,2.021521700630705,3.1901238081744236,7.18532048312655,0.27350506348474735
13,624.0,750.0,3.1777493572733273,2.1184995715155517,3.5203373295645557,7.324852540519532,0.2771586703903119
13,630.0,744.0,3.0624442917838324,2.0416295278558882,2.8595143205829614,6.978510687516134,0.2803551966266291
13,636.0,738.0,3.266529703376356,2.1776864689175706,2.748967397372607,6.682901208554571,0.2839962172844911
13,642.0,732.0,3.148935734617201,2.0992904897448006,3.224892246839982,6.273491834436495,0.28727000144465226
13,648.0,726.0,3.0314346049086343,2.020956403272423,2.9729562940594825,6.710666319643083,0.2887568441029548
13,654.0,720.0,3.1586219124919284,2.1057479416612854,3.6258465369073276,6.804275770884575,0.2921643751489623
13,660.0,714.0,3.210647192418778,2.140431461612519,2.8829387402508884,6.913180058350136,0.2934428077676138
13,666.0,708.0,3.3439450992186512,2.229296732812434,3.1184201129342273,6.569007671710616,0.2960989191147162
13,672.0,702.0,3.092340855326177,2.0615605702174515,3.2905857040273556,7.125654636273428,0.2982181209723095
13,678.0,696.0,3.1930072419535196,2.1286714946356797,3.1675730287386203,7.29122001004269,0.3015316420125576
13,684.0,690.0,3.3414320975806304,2.227621398387087,3.4911750746720047,6.999394999110905,0.30584924812928665
13,690.0,684.0,3.1740864003663383,2.1160576002442255,3.045739517236665,7.196741785082075,0.3086087418031027
13,696.0,678.0,3.1361218199965286,2.0907478799976857,3.564272899609439,6.475039399578625,0.3107951480507602
13,702.0,672.0,3.0543227510235154,2.03621516734901,3.132760786554193,6.45131285663814,0.3144671002350664
13,708.0,666.0,3.1607940546151148,2.1071960364100764,3.406925975622733,7.353518891511414,0.31662384917369946
13,714.0,660.0,3.1352828766737173,2.090188584449145,3.19207552155588,7.436258434531197,0.32116391349496304
13,720.0,654.0,2.9774314480416404,1.9849542986944269,3.224724883789344,6.55422539661462,0.3244382721945562
13,726.0,648.0,3.1601909074157253,2.1067939382771503,2.961362259240885,6.267553956904796,0.32635719564707355
13,732.0,642.0,3.07595284908594,2.05063523272396,3.032772627997378,6.069252018691478,0.327559771665381
13,738.0,636.0,3.219519340271026,2.1463462268473505,3.126747448645112,7.399808657896703,0.3311614855433666
13,744.0,630.0,3.1976859950356196,2.1317906633570796,2.8457647178158725,6.840262098900252,0.3346862656484346
13,750.0,624.0,3.592746504848917,2.3951643365659447,2.8922999702380845,6.9737063387619385,0.3386495476761376
13,756.0,618.0,3.313100009049862,2.208733339366575,2.719373716104746,6.960255351925967,0.34286031853665005
13,762.0,612.0,3.2835214974485805,2.189014331632387,3.09759378097834,7.024962876075249,0.34606728045591156
13,768.0,606.0,3.257259264627953,2.171506176418635,2.789504561598202,7.558175987480219,0.34928220605501975
13,774.0,600.0,3.236885277900425,2.1579235186002834,2.828063604779226,6.164154737915305,0.3519554697668601
13,780.0,594.0,3.1994450492693556,2.1329633661795704,2.7425708280841468,6.369002534042913,0.35628441529670013
13,786.0,588.0,3.2319734845513888,2.154648989700926,2.839489119858831,7.014834126678037,0.3591370573005772
13,792.0,582.0,3.404610440701831,2.2697402938012208,2.747032490896407,6.6396036904474744,0.3612258597386594
13,798.0,576.0,3.285313284409415,2.1902088562729434,2.8371741015408634,6.453027217199463,0.3647613321188633
13,804.0,570.0,3.305878978048903,2.2039193186992687,3.1275149705322076,6.155552242635948,0.36862027290959865
13,810.0,564.0,3.1660003676536683,2.1106669117691124,2.814047803148998,7.3557729122620295,0.37245362606815946
13,816.0,558.0,3.4901690996015624,2.326779399734375,2.6697530836166834,7.626891521192489,0.37793748217123163
13,822.0,552.0,3.254317674830236,2.1695451165534907,3.0876718911889243,7.083747782949767,0.3818423975561686
13,828.0,546.0,3.312693764638061,2.2084625097587076,2.736098054757496,6.611902752946946,0.38647915171511976
13,834.0,540.0,3.588771218635869,2.392514145757246,2.9685811399046274,6.097927719289409,0.3905726785694361
13,840.0,534.0,3.364427502557038,2.2429516683713584,2.890098490633822,6.225311756371595,0.3953943466140922
13,846.0,528.0,3.1681141817220744,2.1120761211480494,3.134315231478041,6.24750756160651,0.39959623759444424
13,852.0,522.0,3.355948664416938,2.237299109611292,2.9242584426329783,7.227335045401032,0.4028594918460275
13,858.0,516.0,3.377412021250663,2.251608014167109,2.6545670951973133,5.408809869199047,0.4069289702660343
13,864.0,510.0,3.481259590232109,2.320839726821406,3.0233271878472765,6.462842771915882,0.4114110624843833
13,870.0,504.0,3.4816847314403976,2.3211231542935984,2.6604974899680953,6.622386210305369,0.4155846831358558
13,876.0,498.0,3.3342335037880795,2.22282233585872,2.6919645730295185,5.621114119641189,0.4189768853871156
13,882.0,492.0,3.3657305629294267,2.2438203752862846,2.830077834146584,6.58414820209024,0.42148146441010015
13,888.0,486.0,3.233987280177404,2.155991520118269,2.6406280109894,5.123600693111465,0.4262502770222544
13,894.0,480.0,3.4508188499754313,2.300545899983621,2.80452592781454,5.738186764896573,0.43030069923999276
13,900.0,474.0,3.372832000049021,2.2485546666993472,2.5461898346873983,5.460463555629146,0.43377755887627323
13,906.0,468.0,3.3841061572896445,2.2560707715264297,2.5911813462144266,5.792784760865517,0.43864279176535736
13,912.0,462.0,3.412684012308075,2.27512267487205,2.6544311656277055,6.448915605409011,0.4425146137422824
13,918.0,456.0,3.255033885531333,2.1700225903542223,2.455780198122112,5.947497434528039,0.4471790994021809
13,924.0,450.0,3.4688794745522045,2.312586316368136,2.4607971475110757,6.264518720900149,0.4506249854888772
13,930.0,444.0,3.6443171525206237,2.4295447683470823,2.665582078171163,5.503855183490477,0.4542314241270621
13,936.0,438.0,3.361814349887107,2.241209566591405,3.0081885772810173,6.222357712854204,0.45691882091759944
13,942.0,432.0,3.4543532517193807,2.3029021678129205,2.961185499500869,5.789690822497956,0.4592702288167816
13,948.0,426.0,3.6212035920266477,2.414135728017765,2.7324575276148764,5.5756443498549375,0.46365294934240175
13,954.0,420.0,3.375048354276328,2.2500322361842184,2.591881271824275,6.510100293479849,0.4675200537185197
13,960.0,414.0,3.5123740228921747,2.3415826819281165,2.7587608737774802,6.110977104726804,0.4704032569919302
13,966.0,408.0,3.3870270304814016,2.2580180203209346,2.637781754015172,6.421286712551615,0.47217897984515705
13,972.0,402.0,3.2894093099557,2.1929395399704665,2.674794121945202,5.307924256742848,0.4756577299288184
13,978.0,396.0,3.4649355626269793,2.3099570417513196,2.5174823572270286,5.305880872326101,0.47880809645158345
13,984.0,390.0,3.5686186292977586,2.3790790861985056,2.5763352061437166,5.974025709483409,0.48196932281037497
13,990.0,384.0,3.534844120518583,2.3565627470123887,2.2005760377504426,4.536183099124789,0.48651386135203223
13,996.0,378.0,3.4654746648809924,2.310316443253995,2.7820954547857006,5.973612060147707,0.49109419701257223
13,1002.0,372.0,3.5882783630461095,2.392185575364073,2.2733597535084975,4.803812602201899,0.49507020847545363
13,1008.0,366.0,3.436626115027441,2.2910840766849607,2.55136915612169,5.465091517815807,0.49861330991977865
13,1014.0,360.0,3.4259144752964708,2.2839429835309804,2.2660095676980023,5.380139743555364,0.5018324254088476
13,1020.0,354.0,3.444509223775245,2.29633948251683,2.458577298845205,5.404184598016948,0.5041792099621938
13,1026.0,348.0,3.5690400166111464,2.379360011074098,2.3026785943209647,4.96574310368579,0.5086427858813962
13,1032.0,342.0,3.7058393759892976,2.470559583992865,2.4247854493807948,5.970190454120929,0.5144173649647654
13,1038.0,336.0,3.5990686453987037,2.3993790969324693,2.5489611493245543,5.393871163866812,0.5176150368241182
13,1044.0,330.0,3.693178132070221,2.462118754713481,2.3797707239460637,5.876832067353671,0.5226019607958545
13,1050.0,324.0,3.588641461319806,2.3924276408798706,2.393269703855309,6.1119106554751825,0.526871171848012
13,1056.0,318.0,3.696709991981599,2.4644733279877324,2.331539068911822,5.965533258245074,0.5315278820712599
13,1062.0,312.0,3.6270950986667962,2.4180633991111975,2.487847049531614,4.946321096572716,0.5347385017404355
13,1068.0,306.0,3.615902529852796,2.4106016865685307,2.4249391107866742,5.91981042133076,0.5398959395034977
13,1074.0,300.0,3.609582466684493,2.406388311122995,2.3956836942230777,5.70295901678353,0.5438143538410192
13,1080.0,294.0,3.8695163496153846,2.5796775664102563,2.817674709522465,5.072593800644244,0.5503025729093515
13,1086.0,288.0,3.701538084778741,2.467692056519161,2.3810412199191777,5.992487978525006,0.554256115724565
13,1092.0,282.0,3.705760028717559,2.470506685811706,2.4214899968604993,5.828425733417509,0.5603925522098856
13,1098.0,276.0,3.6137612526337386,2.4091741684224925,2.4863509900845595,4.587636699356365,0.5657432305206855
13,1104.0,270.0,3.6452439895850146,2.430162659723343,2.3219413852931443,4.599259299739154,0.5709301964261781
13,1110.0,264.0,3.919272785216552,2.6128485234777012,2.464137024252782,4.557415963823285,0.5765455235677553
13,1116.0,258.0,3.756123365457536,2.5040822436383574,2.2810021009833306,5.274559057472993,0.5803105308413988
13,1122.0,252.0,3.747616153118871,2.4984107687459143,2.1006928957038564,4.511950652874747,0.586514742418412
13,1128.0,246.0,3.828467095572747,2.552311397048498,2.178231733150139,5.375906765270545,0.5926003236401768
13,1134.0,240.0,3.8547058939589345,2.5698039293059565,2.4516192497233233,5.009379727853442,0.5999093904235892
13,1140.0,234.0,3.95144345397815,2.6342956359854335,2.1406617607179004,4.8773695120121126,0.6050841112132291
13,1146.0,228.0,3.856745273117269,2.5711635154115124,2.006809448360962,3.5296222297824924,0.6095467270349241
13,1152.0,222.0,3.776411967221039,2.517607978147359,2.1944936185894712,4.650577814085098,0.6149466933336956
13,1158.0,216.0,3.8530193969118054,2.5686795979412036,2.2142456769554575,4.310808277480035,0.6190649120077603
13,1164.0,210.0,3.907815058619081,2.6052100390793873,2.4717013625739934,5.296659007993556,0.6230963776106705
13,1170.0,204.0,3.8957628704441296,2.597175246962753,2.1532013602101885,4.587425522089144,0.6289841350615873
13,1176.0,198.0,3.744480150448013,2.4963201002986755,2.2708436099271614,5.066154763323219,0.6329142745995258
13,1182.0,192.0,3.7233612408723475,2.4822408272482317,2.3097607059540017,4.284939703646311,0.6376759302101082
13,1188.0,186.0,3.9070987674305035,2.6047325116203357,2.165341309196049,4.481516561899523,0.6417549931147443
13,1194.0,180.0,3.751685310160318,2.5011235401068785,1.9568708476063164,4.326336806450685,0.646413434862382
13,1200.0,174.0,3.783271663901214,2.522181109267476,2.123301625244759,5.275233513367734,0.6490205098985413
13,1206.0,168.0,3.927746017460002,2.6184973449733344,1.946021772298061,4.411192362522885,0.6541471844938882
13,1212.0,162.0,4.130192493993768,2.7534616626625117,2.178350785672872,4.658700978139767,0.6595123685593519
13,1218.0,156.0,3.9661197633616645,2.64407984224111,1.8834199697341865,5.1057293616661985,0.6641281241289282
13,1224.0,150.0,3.8994957442788203,2.5996638295192134,2.4185127822202364,3.937664845449804,0.6679007055924238
13,1230.0,144.0,4.0981017000426725,2.732067800028448,2.2256669280300967,4.679342022532392,0.674139192213675
13,1236.0,138.0,4.087850945880781,2.725233963920521,2.051199102847029,4.388606054042161,0.678945670641418
13,1242.0,132.0,3.920677525449406,2.6137850169662706,2.0854655431116034,3.9732692939474763,0.6843243061908483
13,1248.0,126.0,4.077222166777551,2.718148111185034,2.148044281653413,4.188119571981964,0.6920399806304217
13,1254.0,120.0,4.028077645462268,2.6853850969748456,1.8769140018590722,4.853980492395085,0.6985311860389539
13,1260.0,114.0,3.9813160345492156,2.654210689699477,1.9121413585623634,4.384730019622774,0.7043814419349783
13,1266.0,108.0,4.066683315070123,2.711122210046749,2.188346757608576,3.684370017821739,0.7095979957864142
13,1272.0,102.0,4.041304698009312,2.694203132006208,2.1718622974717317,4.503857757302979,0.7146227203639575
13,1278.0,96.0,4.082149686712028,2.7214331244746854,1.7869836925358036,3.8860724986000097,0.7185715435451717
13,1284.0,90.0,4.053036570649776,2.702024380433184,1.8716434763789622,3.8699744010195576,0.7232086012845746
13,1290.0,84.0,4.264628270254972,2.843085513503315,2.0293296744120792,5.047252884591444,0.727543268988565
13,1296.0,78.0,4.2548368808589485,2.8365579205726323,2.038949869336326,3.787164521998338,0.7322271102925814
13,1302.0,72.0,4.025908233585177,2.683938822390118,1.7457732625342512,3.683390630290291,0.7364725411181675
13,1308.0,66.0,4.190583344661961,2.793722229774641,2.185994581960006,4.285360851911469,0.7420782761652788
13,1314.0,60.0,4.191960426398623,2.7946402842657485,2.0514743856345916,4.161524987959708,0.7469848519176708
13,1320.0,54.0,4.020569502212039,2.6803796681413594,1.833193990110043,3.903639935577706,0.7524446945925831
13,1326.0,48.0,4.1411003771405035,2.760733584760336,1.9666056187308651,4.426270749063948,0.760123372726781
13,1332.0,42.0,4.173906665711477,2.782604443807651,2.0324290274382704,3.6903015266757846,0.7648138177852993
13,1338.0,36.0,4.149953513844578,2.766635675896385,1.9504207889712681,4.303781494211172,0.7698805608147095
13,1344.0,30.0,4.216131921473708,2.810754614315805,2.0143769775682108,4.516346247256211,0.7746786947868466
13,1350.0,24.0,4.065609300794206,2.7104062005294707,1.6066114765204054,3.0,0.7804502332930976
13,1356.0,18.0,4.274774121594393,2.849849414396262,1.7638638055093125,4.927606582139962,0.7872890677223112
13,1362.0,12.0,4.220273557613176,2.8135157050754507,2.0515486860916594,4.038065932308852,0.7933477333547903
13,1368.0,6.0,4.30584777098839,2.870565180658927,1.6280219747285527,3.3730418126567976,0.7979826253637552
13,1374.0,0.0,4.198114349147775,2.79874289943185,1.909883774774239,3.0,0.8033481563197412
14,0.0,1272.0,2.7176362344141216,1.8117574896094144,1.661688182729843,3.3612579198034824,0.0021703092989410946
14,6.0,1266.0,2.6119097281092283,1.7412731520728189,2.069557407627059,3.1822278995373394,0.005026016740849874
14,12.0,1260.0,2.6657131290638136,1.7771420860425424,1.7898068385064783,3.0,0.008159210603988512
14,18.0,1254.0,2.624449344387862,1.7496328962585748,1.7983427516373989,3.3237612654223962,0.010640582653485102
14,24.0,1248.0,2.789755195108755,1.85983679673917,1.6265338262679572,4.0118025325726565,0.013170339808974084
14,30.0,1242.0,2.5597968029694584,1.706531201979639,2.0396622950684735,4.082326699629137,0.015900760208240165
14,36.0,1236.0,2.7590139418621757,1.839342627908117,2.1313337845987856,3.955480022388656,0.018874059766578473
14,42.0,1230.0,2.8346087431948543,1.889739162129903,2.0716876658462575,3.489714315958516,0.02115538516121152
14,48.0,1224.0,2.775921278859374,1.8506141859062495,2.2317611490149236,4.406768357355935,0.022387174390390577
14,54.0,1218.0,2.8825874553135042,1.921724970209003,2.2800345661335584,4.786302005478563,0.026603643249049257
14,60.0,1212.0,2.8313969753906254,1.8875979835937502,2.3493519397310036,5.150171179926847,0.03060723936331251
14,66.0,1206.0,2.823960795016254,1.8826405300108362,2.1623423550199963,4.0315498364350635,0.03262170610696502
14,72.0,1200.0,2.7563637249709556,1.8375758166473037,2.465590780228625,4.9891394985129285,0.03559169029956279
14,78.0,1194.0,2.6249292436915925,1.7499528291277284,2.2459630003481643,5.091844985701203,0.03841512619134245
14,84.0,1188.0,3.0043196192130948,2.0028797461420633,2.5645235298765336,5.272453066386405,0.041619349804558
14,90.0,1182.0,2.9446147592055354,1.9630765061370237,3.0389000013402017,5.533073978858916,0.04509174399947861
14,96.0,1176.0,2.8421391616585674,1.8947594411057116,2.5180876676076838,6.015974429846114,0.04838428166498736
14,102.0,1170.0,2.7041061814519587,1.8027374543013057,2.809237592585196,5.445045170587962,0.05221979089754908
14,108.0,1164.0,2.613417882622629,1.742278588415086,2.6546346731525934,4.566433006022575,0.05487561331030403
14,114.0,1158.0,2.5732608273653512,1.7155072182435676,2.7506313396641713,5.348810777494846,0.05664181748678997
14,120.0,1152.0,2.986477602303982,1.9909850682026546,2.5368540383057385,4.889197825334919,0.058932472981234295
14,126.0,1146.0,2.7242314017796634,1.8161542678531089,2.616395360226208,5.557482959416908,0.0616084630477203
14,132.0,1140.0,2.849487348249837,1.8996582321665578,2.6561048692398828,5.7400823866992985,0.06377508995397163
14,138.0,1134.0,2.928671799817145,1.9524478665447633,2.542245890611024,5.974853262262109,0.0679427157928889
14,144.0,1128.0,2.744659790877778,1.8297731939185187,2.6703099259436334,5.110911915109391,0.07062328969751551
14,150.0,1122.0,2.7912094948783093,1.8608063299188728,2.670211280188411,6.541760662939289,0.07438642763093611
14,156.0,1116.0,2.6841057784058115,1.789403852270541,2.6398855830885073,5.553998073308609,0.07766884964631277
14,162.0,1110.0,2.8844185511521943,1.9229457007681294,2.9341521074912884,5.789121978657814,0.08059673059925594
14,168.0,1104.0,2.792084573747052,1.8613897158313681,2.793963894605525,6.337826590648348,0.08294764734062823
14,174.0,1098.0,2.8438855892697883,1.895923726179859,2.954357317341774,5.204883363617406,0.0855313988208979
14,180.0,1092.0,2.896339891118524,1.9308932607456828,2.958267250784442,6.6877745093686425,0.0898172895184126
14,186.0,1086.0,2.9559856693173305,1.9706571128782204,2.8457146905100488,6.884229692259063,0.0929210403011225
14,192.0,1080.0,2.7373794687389084,1.824919645825939,3.150209560843721,5.712017319760782,0.0957503270724149
14,198.0,1074.0,2.9340242729591908,1.956016181972794,3.098420072306183,6.129569986375168,0.09805216968385472
14,204.0,1068.0,2.979415953227825,1.9862773021518834,3.120457388386715,6.5990218266233,0.10179426769167108
14,210.0,1062.0,2.9010138060965813,1.9340092040643875,3.1434363488991792,6.7393851535759675,0.10557134018184222
14,216.0,1056.0,2.9970334546258517,1.998022303083901,3.1390256028117713,6.8690257008375255,0.10863985388352076
14,222.0,1050.0,2.669145665996293,1.7794304439975288,2.8994111496623804,6.651052055459959,0.11217983546352865
14,228.0,1044.0,2.8668805589612285,1.9112537059741523,3.195910606674166,7.732170460724658,0.1150342154154193
14,234.0,1038.0,2.774679549247442,1.8497863661649614,3.2933219667055598,6.900827760523184,0.1179840082359422
14,240.0,1032.0,2.7304271692793445,1.820284779519563,3.0528169972410373,7.689822455880381,0.11986832839168371
14,246.0,1026.0,2.9351765215482595,1.9567843476988396,3.3442136172728074,7.176048746794248,0.12197653603985971
14,252.0,1020.0,3.1147588506656585,2.0765059004437725,3.20074318880588,7.1219126555924825,0.1259532952335338
14,258.0,1014.0,2.951419608942978,1.9676130726286518,2.935824449423006,6.561623041760873,0.12963760780103017
14,264.0,1008.0,2.6571612366734394,1.7714408244489597,3.342213083887299,7.055039726660726,0.13121604917547533
14,270.0,1002.0,2.854242324261734,1.9028282161744894,2.9202141093654084,7.899761451038869,0.13406292376468912
14,276.0,996.0,2.8616521366148056,1.907768091076537,3.3041376260922335,5.2946762245893835,0.13629737354816804
14,282.0,990.0,3.0153835809765313,2.010255720651021,3.320792578056067,7.052373526609327,0.1378876006677229
14,288.0,984.0,3.005075327167749,2.003383551445166,3.3486662455109917,7.1686486342506175,0.14163445913543674
14,294.0,978.0,2.891829706557692,1.9278864710384613,3.225978314275758,7.096735072115259,0.1443767487280374
14,300.0,972.0,2.850465724348205,1.9003104828988036,3.595816008774989,6.925971023424119,0.1466819869118773
14,306.0,966.0,2.9981815842354065,1.9987877228236044,3.461300787145783,6.967717765267959,0.15094087817051302
14,312.0,960.0,3.021470012566696,2.0143133417111305,3.5523037827220563,7.587108507309909,0.154175611521857
14,318.0,954.0,2.7740976443173313,1.8493984295448875,3.3742199282786776,7.77748477158421,0.15707041935676494
14,324.0,948.0,2.9878576183545205,1.9919050789030137,3.241558175777669,7.64738729114462,0.1591139235994134
14,330.0,942.0,2.8687074393899703,1.9124716262599801,3.3952508796205323,6.8870684058887806,0.16201607840226492
14,336.0,936.0,2.6900278743686465,1.7933519162457643,2.8943374687731644,7.2223557247884935,0.1652663759684775
14,342.0,930.0,3.0521994478263132,2.034799631884209,3.068164168116178,7.745695619845155,0.16782130917824803
14,348.0,924.0,2.653939299238312,1.7692928661588747,3.412936062657873,7.330082198692255,0.1715889127368874
14,354.0,918.0,2.9752075355524097,1.9834716903682732,3.1990873965271303,7.581506755795271,0.1755761835928832
14,360.0,912.0,2.8882808897897974,1.9255205931931982,3.3198579139705022,7.231473485228938,0.17795094634222075
14,366.0,906.0,3.035262811798724,2.0235085411991496,3.242728717338265,6.910845464200128,0.18167002059479725
14,372.0,900.0,2.8237627933875453,1.8825085289250303,3.350201009011495,7.636418211815757,0.18480896769327387
14,378.0,894.0,2.9550314865480845,1.9700209910320563,3.1354537477252724,7.993915976816966,0.18683174000370698
14,384.0,888.0,2.777631539334545,1.8517543595563632,3.349110590483077,6.751782417971567,0.1893068769676782
14,390.0,882.0,3.0792574184285466,2.0528382789523643,3.4704050114100053,7.4526611726393375,0.19312553513672523
14,396.0,876.0,3.020081956468639,2.013387970979093,3.520005929045757,6.481155009238735,0.19613692216091813
14,402.0,870.0,2.830035029134808,1.8866900194232052,3.457161575363214,7.830548133892127,0.19782446920118696
14,408.0,864.0,2.9461035340415744,1.9640690226943829,3.7461457456602174,7.721981319488998,0.1998274401948626
14,414.0,858.0,3.096191413091763,2.064127608727842,3.0467798140311455,8.047787517298461,0.20219723232242867
14,420.0,852.0,3.191520805715845,2.1276805371438967,3.553245550343589,6.805952172126499,0.2057090718289761
14,426.0,846.0,2.789073523695232,1.8593823491301549,3.7140964698146877,7.107002427256702,0.20967558592560825
14,432.0,840.0,2.9823025946481523,1.9882017297654349,3.766465873368656,7.479886083737392,0.21201897971683592
14,438.0,834.0,2.898725613168396,1.9324837421122638,3.1988492922778553,8.20475499068279,0.21513419060338493
14,444.0,828.0,2.9562625662653916,1.9708417108435945,3.31755620096854,7.664910735958733,0.21747940503576052
14,450.0,822.0,3.0255305567565856,2.017020371171057,3.284045915630025,7.187262941382461,0.2200981489152774
14,456.0,816.0,2.9518303890178186,1.967886926011879,3.7055617453563534,6.9049681440596276,0.2225225954840158
14,462.0,810.0,2.8772576914458305,1.9181717942972203,3.4896782629642193,6.446403206043621,0.22575679422786388
14,468.0,804.0,3.1939996805572717,2.1293331203715145,3.5082094392168837,7.875772821733487,0.22927261780386324
14,474.0,798.0,3.133576633285333,2.089051088856889,3.78402769086988,6.861333662943096,0.23360852996939785
14,480.0,792.0,2.9026877685249004,1.9351251790166002,3.285259445753546,7.266777695827513,0.23554767131831517
14,486.0,786.0,3.1790204632124857,2.1193469754749903,3.2163289202051137,7.568626812570459,0.23948653294004207
14,492.0,780.0,2.983693973466337,1.9891293156442247,3.260524355352821,6.746675948699896,0.24276366198387
14,498.0,774.0,3.3532014867424333,2.235467657828289,3.5467528217842332,7.481665683990522,0.2456269634722752
14,504.0,768.0,2.863898134138279,1.9092654227588526,3.561378216521688,7.546954855638239,0.2486132627046587
14,510.0,762.0,3.126707993960044,2.0844719959733626,3.4003382356625287,7.305881622941933,0.2519360224517776
14,516.0,756.0,3.0864822575593136,2.057654838372876,3.4372531980405596,7.355615702805139,0.2562551507603048
14,522.0,750.0,3.1865678441921808,2.1243785627947873,3.2621474915134763,6.734136422904859,0.2590545776211481
14,528.0,744.0,3.139920365918731,2.0932802439458205,3.1815486911798323,7.688989348869644,0.26105401238223713
14,534.0,738.0,3.171443177979147,2.114295451986098,3.7374283667265304,6.853105639373268,0.2642589564091731
14,540.0,732.0,3.1249800803295797,2.083320053553053,3.2934064281019517,8.234825972302662,0.26849450733050917
14,546.0,726.0,2.9821893384961897,1.9881262256641266,2.997103603288611,6.545243083776213,0.2707046194835056
14,552.0,720.0,3.070751977408038,2.047167984938692,3.056898952943695,7.297320691714659,0.27345421515680124
14,558.0,714.0,3.2355854371336523,2.1570569580891017,2.9231964386585902,7.030968378057679,0.2764169067677526
14,564.0,708.0,3.2674914413536915,2.1783276275691277,3.6379274237523953,7.208120650143226,0.2794445455333907
14,570.0,702.0,3.233693516383696,2.1557956775891305,3.203168768712869,7.492195061901958,0.2834471536865612
14,576.0,696.0,3.344676053094669,2.2297840353964458,3.433109437788345,7.710742362154162,0.2868572167088922
14,582.0,690.0,3.1488390371908364,2.0992260247938908,3.436171570540469,6.878843418612053,0.2897158426464274
14,588.0,684.0,3.1037557697298284,2.0691705131532188,3.3325649702703632,6.450961313198331,0.29286173583884595
14,594.0,678.0,2.866843588348825,1.9112290588992167,3.1524998699615803,7.340927880209352,0.29601478251982705
14,600.0,672.0,3.2062958881151595,2.137530592076773,3.2704171385165326,6.959172855331548,0.3008431659069152
14,606.0,666.0,3.1358641298953884,2.0905760865969256,3.1278979632385857,7.08106501400213,0.30425830467814546
14,612.0,660.0,3.0944248208982996,2.0629498805988664,3.173431598997168,6.670773841552812,0.30845113449746786
14,618.0,654.0,3.0875447911492464,2.0583631940994978,3.0058774157122747,6.407338008527626,0.31132709031040157
14,624.0,648.0,2.959905576359087,1.9732703842393915,3.343540289058053,6.375177022814875,0.3144482328701252
14,630.0,642.0,3.2181174488032456,2.145411632535497,3.1102774847286305,7.855479952393631,0.3162443868228138
14,636.0,636.0,3.245913324574316,2.1639422163828774,2.8367610747501293,7.391018999018211,0.3180880762647962
14,642.0,630.0,3.2575392388305064,2.1716928258870043,3.079343154126756,6.628374307701614,0.3208017282644696
14,648.0,624.0,3.0938784157448733,2.062585610496582,3.3838659754538964,6.517143257570036,0.323707260973543
14,654.0,618.0,3.1842401804016767,2.1228267869344513,3.3979477149868216,6.798365562127881,0.3288577256620607
14,660.0,612.0,3.253408705634384,2.1689391370895894,2.830097460864009,7.015815049264514,0.33245250452255737
14,666.0,606.0,3.272177945312913,2.181451963541942,3.0128035718411685,7.120591376104421,0.3354234262296917
14,672.0,600.0,3.1389262133659215,2.092617475577281,3.101769392287738,7.031357182101598,0.3375965266910008
14,678.0,594.0,3.365408691960751,2.2436057946405006,3.0846993370119944,7.219437741838519,0.3412905899522695
14,684.0,588.0,3.3390391833435165,2.226026122229011,3.252359152628748,7.0946679637639765,0.34417676799897784
14,690.0,582.0,3.167076622780524,2.111384415187016,3.023687388533077,7.0414707415322235,0.346104160873703
14,696.0,576.0,3.0054878327850423,2.0036585551900283,2.9214358783404393,6.931686203372455,0.3486658757249207
14,702.0,570.0,3.23581274857864,2.1572084990524267,3.0561668896946306,6.886777962056223,0.3537471268714846
14,708.0,564.0,3.3011616023056174,2.2007744015370783,2.9689526880614276,6.7533640103379735,0.35812503309311133
14,714.0,558.0,3.234214845763235,2.1561432305088233,2.9140361045229786,6.694164489374831,0.36058317562440395
14,720.0,552.0,3.3340054573784697,2.2226703049189798,2.959613266475863,7.097769234686018,0.36481427953809814
14,726.0,546.0,3.156759341781168,2.104506227854112,2.919909361542817,6.3544358783963455,0.3691200223959458
14,732.0,540.0,3.339637715146177,2.226425143430785,2.84013656874164,5.895225637223268,0.37191815077086265
14,738.0,534.0,3.220855530828551,2.1472370205523674,3.145223004980351,7.047568186077691,0.37609715801250665
14,744.0,528.0,3.1464713585985007,2.0976475723990005,2.7312113420684097,6.323780060802145,0.3796431697095254
14,750.0,522.0,3.229043992735181,2.1526959951567872,2.8274616560991164,6.382589165517654,0.38303914008884277
14,756.0,516.0,3.3326992326599525,2.2217994884399683,2.814192171681713,6.06777941154707,0.38685455887155457
14,762.0,510.0,3.214466767644462,2.142977845096308,3.044729115671349,6.193124760273238,0.38990967881357874
14,768.0,504.0,3.2676770219914477,2.1784513479942986,2.850580149899394,6.353967826821162,0.393360653525898
14,774.0,498.0,3.3384866353350486,2.2256577568900324,2.7166819542780667,6.2462880296604615,0.3956819520218608
14,780.0,492.0,3.239305565306288,2.1595370435375254,2.337969150334382,5.372040402034858,0.3994306975438983
14,786.0,486.0,3.204397089887711,2.1362647265918073,2.9678528310306005,5.594681569828158,0.40426525108160477
14,792.0,480.0,3.220674736896832,2.1471164912645544,2.890168123867117,6.014591593819302,0.40746974148351794
14,798.0,474.0,3.3311720378566863,2.220781358571124,2.825018094305956,6.887496348627159,0.41078792209161025
14,804.0,468.0,3.0769709827348857,2.0513139884899236,3.0327077033707917,6.35436608763427,0.4151166846624128
14,810.0,462.0,3.3552960855179603,2.2368640570119736,2.587911161902231,6.428039138112396,0.4201108817349902
14,816.0,456.0,3.2078283865340835,2.138552257689389,2.899624255991161,6.6718585836252515,0.4240241913758313
14,822.0,450.0,3.241403518571805,2.16093567904787,2.709800067587071,5.38387488186911,0.4273488525394417
14,828.0,444.0,3.3491267595095033,2.2327511730063354,2.7822704778548775,5.490687455062799,0.4296845365352011
14,834.0,438.0,3.3872407749029447,2.258160516601963,2.342232604145194,6.03923923512516,0.4348362014638691
14,840.0,432.0,3.468353848219067,2.312235898812711,2.630015100085001,6.456293872836352,0.438893292066459
14,846.0,426.0,3.5647307187211905,2.376487145814127,2.8546891011928497,5.387720757587471,0.4438140770031616
14,852.0,420.0,3.55284507467456,2.3685633831163733,2.756826374025716,6.266631206338989,0.4483024539759605
14,858.0,414.0,3.202614087761248,2.1350760585074986,2.3904090461721403,6.053274194217296,0.4496589703676425
14,864.0,408.0,3.3013929224321394,2.2009286149547598,2.784446216419557,6.841698184134006,0.45290232607005465
14,870.0,402.0,3.4035038733638188,2.2690025822425457,2.786059278622659,5.1205489892305325,0.4585102267398278
14,876.0,396.0,3.4597276970125406,2.306485131341694,2.8491597926016965,5.143976168817075,0.46235865478183785
14,882.0,390.0,3.5962819415197145,2.3975212943464763,2.907172404175438,5.34055917596371,0.46772543835942987
14,888.0,384.0,3.328126638750037,2.2187510925000247,2.615215291013989,5.249874205677356,0.47256142808265905
14,894.0,378.0,3.506090170678385,2.3373934471189233,2.3471694623610815,5.475659024410197,0.47771530327134964
14,900.0,372.0,3.7061001926885244,2.4707334617923498,2.1651064340757618,4.5016600640118565,0.4831302435029773
14,906.0,366.0,3.78429967275329,2.522866448502193,2.5047215048910667,5.274359299442203,0.48805128102162576
14,912.0,360.0,3.5980825125801412,2.3987216750534275,2.405742221697714,5.737544576514436,0.4914077694392356
14,918.0,354.0,3.371918790860633,2.2479458605737554,2.827635418824847,5.83326361001008,0.4958694905034835
14,924.0,348.0,3.5704662815221853,2.3803108543481235,2.478926955674518,6.073907984075059,0.5005580613002277
14,930.0,342.0,3.7327267171512246,2.4884844781008164,2.4876654207994884,5.1610815775144,0.5054118488521936
14,936.0,336.0,3.3512820378570742,2.2341880252380495,2.5533845943166638,5.669028464336116,0.5106613639330403
14,942.0,330.0,3.491121452227954,2.3274143014853026,2.630053931455911,4.932234729594265,0.5144458252584285
14,948.0,324.0,3.5421196991177073,2.361413132745138,2.6021132974981853,4.409325524811355,0.5200566372545996
14,954.0,318.0,3.6239641638404456,2.4159761092269636,2.5920148055787546,5.524080297174202,0.5245614414036911
14,960.0,312.0,3.7711141310502425,2.514076087366828,2.4638929911884677,4.7781074910884085,0.5298336283758064
14,966.0,306.0,3.5391052202728597,2.3594034801819066,2.3066552542605683,5.283913039377986,0.5344141979572479
14,972.0,300.0,3.5255974418654064,2.3503982945769377,2.552235828175319,5.468757383230365,0.5387164084657777
14,978.0,294.0,3.722469246194543,2.481646164129695,2.615182293477049,4.451991251278303,0.5433958908284522
14,984.0,288.0,3.791799025942802,2.527866017295201,1.997548316309234,5.556576881235487,0.5493470578637198
14,990.0,282.0,3.7057908630608396,2.4705272420405597,2.18459764529329,5.743164185954237,0.5547296362637998
14,996.0,276.0,3.6625489396850788,2.441699293123386,2.2638850374671526,4.7972554231963755,0.5600270231647458
14,1002.0,270.0,3.4595644264522476,2.3063762843014985,2.2768394396151863,5.917812560725759,0.5642435095870435
14,1008.0,264.0,3.816297295688431,2.544198197125621,2.314195145455209,5.778166540634835,0.5686100211804975
14,1014.0,258.0,3.7761936711256623,2.5174624474171083,2.5286000461640388,4.169259845239738,0.5750999609256098
14,1020.0,252.0,3.9373240079182974,2.6248826719455316,2.151458910840101,5.680850316737229,0.5812141191194108
14,1026.0,246.0,3.832864719225918,2.555243146150612,2.5367728533607368,4.855343311314417,0.5862991946498399
14,1032.0,240.0,3.643513941207581,2.4290092941383876,2.422634753851133,4.185514739586993,0.5909941066964882
14,1038.0,234.0,3.7586486381626907,2.505765758775127,1.9905339767987231,5.193577426356963,0.5947004672043081
14,1044.0,228.0,3.8118102294809293,2.541206819653953,2.2666263605053962,4.347040535350407,0.600008542589842
14,1050.0,222.0,3.785866127078302,2.5239107513855346,2.1795996704932445,4.438518509812827,0.6034996352122222
14,1056.0,216.0,4.006216583297086,2.670811055531391,2.054355208441011,4.878576805057869,0.6076350074002815
14,1062.0,210.0,3.900967378079707,2.6006449187198046,2.0961744943908514,5.398192755183387,0.613820127907562
14,1068.0,204.0,3.7669281668785812,2.5112854445857207,2.1922965061658397,3.6855393296812773,0.62053850920753
14,1074.0,198.0,4.043976024810005,2.6959840165400037,2.0854820461526598,3.4996467960842352,0.6266807900349785
14,1080.0,192.0,3.8630203732155524,2.5753469154770348,1.8234517310829408,5.089649003009677,0.6317579760718296
14,1086.0,186.0,3.85073342821297,2.5671556188086466,2.241292746327942,4.376554474116682,0.636132814348443
14,1092.0,180.0,3.932841496003967,2.621894330669311,2.0219739202548004,4.2987694870434865,0.6393057964158538
14,1098.0,174.0,3.852947453341049,2.5686316355606995,2.5445647612231608,4.8180410576237795,0.6423059418343398
14,1104.0,168.0,3.7908345343010366,2.5272230228673576,2.2981820301664055,4.058200635183984,0.645913225467571
14,1110.0,162.0,4.0200497228787455,2.68003314858583,2.344660120310512,4.064118989938055,0.6502997255657569
14,1116.0,156.0,3.8776765181504302,2.5851176787669536,1.9940516032999787,4.18913507378587,0.6534371418244799
14,1122.0,150.0,3.8933818683879577,2.5955879122586385,2.193968409608292,4.178896651339467,0.6576621712960193
14,1128.0,144.0,3.9039272147649196,2.602618143176613,2.1206894160142418,3.9169803769073703,0.6630991105890944
14,1134.0,138.0,4.052857359888493,2.7019049065923286,1.8834827341824143,4.153725091794487,0.6680857366183897
14,1140.0,132.0,4.037125017525163,2.691416678350109,1.9105274548422795,5.147269790405705,0.6737801156175912
14,1146.0,126.0,3.8548416188253842,2.5698944125502563,1.833082873459923,4.31129762910371,0.6790558055886098
14,1152.0,120.0,4.004422604349216,2.669615069566144,2.0108932388751173,5.371201472729705,0.6838937726172334
14,1158.0,114.0,4.065334222308504,2.710222814872336,2.281948750833141,3.275227135266097,0.6883659534199043
14,1164.0,108.0,3.919449663353683,2.6129664422357886,1.9841235158407289,4.181180627909763,0.6939934303259736
14,1170.0,102.0,4.080485758827476,2.720323839218317,2.134592425210609,4.532360998269527,0.700975554789843
14,1176.0,96.0,4.0028969141040225,2.668597942736015,2.0986631977256094,3.750635484978942,0.707055806124506
14,1182.0,90.0,4.058255047574016,2.705503365049344,1.8620945761127603,4.30779610751558,0.7117203793458158
14,1188.0,84.0,4.0545981701754386,2.7030654467836257,2.004643327256467,4.003115487420105,0.7165362125578062
14,1194.0,78.0,4.1154668378042665,2.7436445585361775,2.0920890363996865,4.074364671612023,0.7200842251818108
14,1200.0,72.0,4.126416335891595,2.75094422392773,1.9143685310762326,4.503627508595763,0.727422990588348
14,1206.0,66.0,4.137119589026161,2.758079726017441,1.8509475742184835,4.773894983472346,0.734689865352601
14,1212.0,60.0,4.033426037359375,2.6889506915729164,2.008749605544856,4.2314249034743,0.7413437191472836
14,1218.0,54.0,4.085490133050929,2.723660088700619,2.0371031146270013,4.136606984642589,0.7469712824722816
14,1224.0,48.0,4.0697258418907065,2.713150561260471,1.9782945353437398,4.271316535053876,0.7538532668616859
14,1230.0,42.0,4.237004689489097,2.824669792992731,2.223968744535997,3.818032604166385,0.7578839041861127
14,1236.0,36.0,4.113751773678306,2.742501182452204,1.6655827847663702,4.466003048087538,0.761308369456314
14,1242.0,30.0,4.1295167231842385,2.753011148789492,2.0038858138763973,3.981744900515526,0.7666224880670041
14,1248.0,24.0,4.389779082886663,2.9265193885911085,1.7946403965123516,3.0,0.7746045602366657
14,1254.0,18.0,4.448979102042604,2.965986068028403,1.7167881572011707,4.294836039011871,0.7815828830434027
14,1260.0,12.0,4.275385192315571,2.850256794877047,1.8287560362272983,4.071644400278757,0.790398089685169
14,1266.0,6.0,4.234688058580879,2.8231253723872527,2.0144144277872806,4.448122747733711,0.7966365119429409
14,1272.0,0.0,4.235088630837068,2.8233924205580454,1.9757004806235694,4.00881563187075,0.802466873790054
15,0.0,1086.0,2.7254016900349503,1.8169344600233002,1.4013363722607295,3.143707706321554,0.004150305451893748
15,6.0,1080.0,2.828404118969186,1.8856027459794573,1.6144703739779407,3.517469709881095,0.007074770352380449
15,12.0,1074.0,2.7545726555905374,1.8363817703936915,1.9361629884180356,4.049345086164064,0.010161141924784286
15,18.0,1068.0,2.6178886669624912,1.7452591113083276,1.750170361923766,4.289030547619684,0.012539809458511747
15,24.0,1062.0,2.869517414824199,1.9130116098827994,1.8691284500013168,3.9616444933546076,0.014384345149541539
15,30.0,1056.0,2.7655596657548274,1.8437064438365516,1.796383566207379,4.204257913060648,0.01765939639596248
15,36.0,1050.0,2.6520551665958867,1.7680367777305912,2.4625230251182892,4.086379004794676,0.019762867922389744
15,42.0,1044.0,2.779685903454167,1.8531239356361116,1.8733885183195806,4.845705225303578,0.0230637475161524
15,48.0,1038.0,2.7108840564399563,1.8072560376266376,2.0624524029339306,5.125728698732777,0.027532520624283296
15,54.0,1032.0,2.6871233984579455,1.7914155989719636,1.958766589724142,4.026325829783842,0.02965834344474548
15,60.0,1026.0,2.7199069574259696,1.8132713049506464,1.9666879248021747,3.762339585614518,0.0323013852896015
15,66.0,1020.0,2.822469116732663,1.8816460778217754,2.32153942708938,4.739106887010794,0.036641464510534086
15,72.0,1014.0,2.6555280583152836,1.7703520388768557,2.1533096254569193,4.872616682085579,0.03905627837165103
15,78.0,1008.0,2.6761953428257517,1.7841302285505012,2.3112142057593745,4.93747450018761,0.04204404854935401
15,84.0,1002.0,2.970248252761421,1.9801655018409472,2.4370484814795685,5.625074630871661,0.045326063300579436
15,90.0,996.0,2.9925270846133207,1.9950180564088804,2.2651775177178135,4.99627780910474,0.049737508904590846
15,96.0,990.0,2.880771264855088,1.9205141765700586,2.7457623164419083,6.10812017717184,0.05196452102822908
15,102.0,984.0,2.6888718031555645,1.7925812021037097,2.3323174824889614,6.420128131234202,0.05523927045987022
15,108.0,978.0,2.8103870400000264,1.8735913600000176,2.6095361499357055,5.0660438471066875,0.05809693388362089
15,114.0,972.0,2.9462051476862974,1.9641367651241983,2.922523898768755,5.353334051888362,0.060721241831235145
15,120.0,966.0,2.8392339268854103,1.892822617923607,3.146220000069238,5.130153225262598,0.06406854425926725
15,126.0,960.0,2.605779522390999,1.737186348260666,2.548650685049836,6.082621737936019,0.06553623726467117
15,132.0,954.0,2.8929470367959365,1.9286313578639576,2.658943225133908,5.583117667747638,0.06677219713438282
15,138.0,948.0,2.8853680464528435,1.923578697635229,2.7591618366107062,5.011613714049006,0.06933893936933683
15,144.0,942.0,2.787349936067788,1.8582332907118586,2.7278092489399217,6.840365468077694,0.07285075402188194
15,150.0,936.0,2.765531746625243,1.8436878310834954,3.033061985462085,6.394256898691,0.07545209239110459
15,156.0,930.0,2.757859561239829,1.8385730408265528,3.2091426492507797,6.570838624551853,0.07870545537916808
15,162.0,924.0,2.8451465647670005,1.8967643765113336,2.7869954602247544,5.747922284651223,0.08220570195109846
15,168.0,918.0,2.6394489643864216,1.759632642924281,2.9720644117571373,6.979883871574973,0.08540758775842536
15,174.0,912.0,2.8856712153137436,1.9237808102091625,2.6261976759306975,5.329651769429285,0.08940628868723935
15,180.0,906.0,2.587165106817395,1.7247767378782635,2.7336887594284147,7.215596953404787,0.09237804104791766
15,186.0,900.0,2.7883135815901428,1.8588757210600952,2.9483005374776523,6.7943641733218945,0.09470977706898252
15,192.0,894.0,2.9088838367268908,1.9392558911512605,2.950115966360151,6.528023503622039,0.099519763972102
15,198.0,888.0,2.8161902186662404,1.8774601457774935,3.264895662369103,7.089742743749113,0.10364241652052872
15,204.0,882.0,2.8461865680417486,1.8974577120278324,3.492087904263683,6.114577939749758,0.10673426596443103
15,210.0,876.0,2.794795136498998,1.8631967576659987,3.000729602939422,6.802337139511817,0.1094607822133695
15,216.0,870.0,2.751635437537196,1.8344236250247974,3.1715147900714933,6.904810045164786,0.11313367932825033
15,222.0,864.0,2.719286280725888,1.8128575204839255,3.1498721730798485,7.615924869550109,0.11567522820523886
15,228.0,858.0,2.5552990609119393,1.7035327072746262,2.883770790873,6.791467307441392,0.1184560886168973
15,234.0,852.0,2.8475247920918956,1.898349861394597,2.937895223093929,6.941739681167642,0.12145919577606416
15,240.0,846.0,2.868668817851475,1.91244587856765,2.8815643686769654,6.4792772095886,0.12475276226468762
15,246.0,840.0,2.904222642326755,1.9361484282178367,2.904868936439105,6.447915385762467,0.12678054048318022
15,252.0,834.0,2.781877526423865,1.85458501761591,3.0639890525121283,6.677565503771076,0.12994153761055438
15,258.0,828.0,2.8341271210906194,1.8894180807270795,3.318625636191375,7.4575503200311095,0.13259150528946706
15,264.0,822.0,2.8821032998579157,1.921402199905277,3.332974174414907,7.214803894256588,0.13550782212118115
15,270.0,816.0,2.9941373738508386,1.9960915825672256,3.349479341619625,7.00428184010623,0.13954430120794042
15,276.0,810.0,2.802287284391442,1.868191522927628,3.3030596732356368,8.093384233996229,0.14307110813290183
15,282.0,804.0,2.9684893212499417,1.9789928808332944,3.3446811973178305,7.6636966315070465,0.14899859095330895
15,288.0,798.0,2.9722287314402465,1.9814858209601642,3.1058897485640715,7.006881956920354,0.15108439192020018
15,294.0,792.0,2.740597202232788,1.8270648014885253,3.1471609908099585,7.18311537334417,0.15466726556719385
15,300.0,786.0,2.892630684585675,1.92842045639045,3.134597579663009,6.934072517373614,0.15913556008940488
15,306.0,780.0,2.868482675123523,1.912321783415682,3.034998401709353,7.612528287107537,0.1618658492449272
15,312.0,774.0,2.8619921794462195,1.9079947862974798,3.597075773578217,9.27369629452325,0.16435702300680358
15,318.0,768.0,2.906279255573021,1.9375195037153474,3.2806096544157213,7.552883399156559,0.16888386665090127
15,324.0,762.0,2.8815958116328204,1.9210638744218802,3.4495951941167187,7.323047788665722,0.17186616935918134
15,330.0,756.0,3.1297618744881612,2.086507916325441,3.22029695583264,7.556678451978217,0.1758940752174044
15,336.0,750.0,2.8217378423528867,1.881158561568591,3.2960857032428796,7.431880943272133,0.17827789870728455
15,342.0,744.0,3.0374976004136856,2.0249984002757904,3.028177395509335,8.520159984937946,0.18110156375284636
15,348.0,738.0,3.0698827585492934,2.0465885056995288,3.218455531035764,8.046822671309346,0.18530497517276906
15,354.0,732.0,3.2246355259334534,2.149757017288969,3.7318392488940293,7.6817870590813,0.19059089207957858
15,360.0,726.0,2.9951174390808775,1.9967449593872517,3.225025261732158,6.77596515092746,0.19715727614340403
15,366.0,720.0,2.8849031865490864,1.9232687910327242,3.3673655257947526,6.939439626417471,0.20010995179070343
15,372.0,714.0,2.9076804384211843,1.938453625614123,3.534340401741999,7.277133524597543,0.2028620811583425
15,378.0,708.0,2.9442749545061764,1.9628499696707842,3.7724837616011677,6.682163214474138,0.20786570530094223
15,384.0,702.0,2.946407638925185,1.9642717592834567,3.5695613747833734,8.08158951443858,0.21164266321741917
15,390.0,696.0,3.002242155011859,2.001494770007906,3.4479909973316674,7.783115594171471,0.21547738506540642
15,396.0,690.0,2.904522961288862,1.9363486408592412,3.3703730727851613,7.56328817004563,0.21896907750762
15,402.0,684.0,2.8229101708929174,1.8819401139286116,3.5735956307785637,7.54420039412676,0.22130665008795805
15,408.0,678.0,3.063034773076974,2.042023182051316,3.287836054446061,7.499721981325564,0.2244885241969232
15,414.0,672.0,3.042822595499704,2.0285483969998026,3.242891709214712,6.373658562762269,0.22829508914288943
15,420.0,666.0,3.1699798634286855,2.113319908952457,3.4998815613668914,7.268577515846166,0.2300481634101798
15,426.0,660.0,3.152924599849328,2.1019497332328854,2.8630103350741507,6.883409630638485,0.23486500599898158
15,432.0,654.0,3.0452761605771315,2.030184107051421,3.4764554499695257,7.068127465310183,0.23904940509334618
15,438.0,648.0,3.3223590517348813,2.2149060344899207,3.345427538278785,6.596288903049762,0.24322397796729453
15,444.0,642.0,3.182751382697763,2.121834255131842,3.0771206029060574,7.376024567267612,0.24665272703302363
15,450.0,636.0,3.048224905433843,2.032149936955895,3.0982578649875645,7.067989013252581,0.2510523855721242
15,456.0,630.0,3.073380051785479,2.0489200345236527,3.2540859649078313,7.545024263871405,0.2527235091018369
15,462.0,624.0,3.1450418070514594,2.0966945380343063,2.8373362918076337,6.764230270742263,0.25881538464886894
15,468.0,618.0,3.1167883946026547,2.077858929735103,3.2618574093173662,6.261738197198219,0.26069890544144664
15,474.0,612.0,3.0804344816158946,2.0536229877439296,3.1465893927667348,7.058512284788581,0.2657203397027848
15,480.0,606.0,2.9720918582140605,1.981394572142707,3.258895866924076,7.338884628534143,0.2693455351027014
15,486.0,600.0,3.251018952344828,2.1673459682298852,3.1270753254391543,6.733807266272085,0.27365457718438996
15,492.0,594.0,3.231223908672834,2.154149272448556,3.3632958252920573,6.633951774721311,0.2778757136266362
15,498.0,588.0,3.185979806321492,2.1239865375476614,3.0632099212110453,7.0983269474856465,0.2809760634235017
15,504.0,582.0,3.3008362319518927,2.2005574879679286,3.1173728348692564,7.334570463323943,0.28408563241086654
15,510.0,576.0,2.9923011167143927,1.9948674111429285,3.5156445827011016,7.905852244128327,0.2865963217027675
15,516.0,570.0,3.0238213189213434,2.0158808792808958,3.2696756308163795,6.9835411057227885,0.2896091403205855
15,522.0,564.0,3.2307725002832983,2.1538483335221987,3.4242973860541466,5.827040938885381,0.29376576385466285
15,528.0,558.0,3.1533104038037565,2.102206935869171,3.0985590380067607,7.124432185751397,0.29707430428415077
15,534.0,552.0,3.2297720363176445,2.153181357545096,2.7412017665241812,6.673787861396496,0.3014529441480011
15,540.0,546.0,3.063805360068391,2.0425369067122605,3.3041015654166896,7.228079618055141,0.30392547955591165
15,546.0,540.0,3.2493464768077294,2.1662309845384864,3.1837062824163596,6.914406495659863,0.30845787981257755
15,552.0,534.0,3.369901800676975,2.2466012004513165,2.987441242307784,7.347780755566813,0.3127485468999225
15,558.0,528.0,2.9568128003773073,1.9712085335848715,3.092046860733631,6.4032435529152,0.3174171814842913
15,564.0,522.0,3.255833784449022,2.170555856299348,3.106806793227711,7.73224240009549,0.3227482211760035
15,570.0,516.0,3.317341402797231,2.211560935198154,3.0302033216798083,6.089673662461214,0.32726723520925255
15,576.0,510.0,3.2104666623789377,2.140311108252625,3.126501003272151,6.552291077346395,0.33115518426951424
15,582.0,504.0,3.3392552481249966,2.2261701654166646,2.9787152167619944,6.175323192443138,0.33534994666752005
15,588.0,498.0,3.1093331044165127,2.072888736277675,3.5808450844665627,6.138699435019339,0.339298951493815
15,594.0,492.0,3.1186181250867016,2.079078750057801,3.3044691997511273,6.575245733844476,0.3414585036161737
15,600.0,486.0,3.3182749626837875,2.212183308455858,3.0439200061687557,6.363370322371799,0.34505748958421845
15,606.0,480.0,3.097333993310208,2.064889328873472,2.7898322811977003,6.7927815392501785,0.34686489489416195
15,612.0,474.0,3.248371932105938,2.165581288070625,2.888271700651862,6.7527257547992745,0.35170957125630564
15,618.0,468.0,3.3359323796876983,2.2239549197917987,3.204582185458142,6.5413846440543155,0.35583825385277124
15,624.0,462.0,3.2799678228215283,2.186645215214352,3.077112710221198,6.069082863122035,0.361077954985644
15,630.0,456.0,3.0935757071561962,2.0623838047707976,2.4335549162419787,6.158695420741539,0.3653703734508898
15,636.0,450.0,3.06888276627701,2.0459218441846736,2.987367074248487,6.565498732214717,0.36946336349220504
15,642.0,444.0,3.245597912561974,2.1637319417079826,2.802065933089257,5.9234364116100835,0.3728019233096805
15,648.0,438.0,3.5488019711859757,2.3658679807906506,3.250838579056583,6.331142669076996,0.3794846443003733
15,654.0,432.0,3.3665039434565123,2.2443359623043415,3.0675410131525185,6.349199542757853,0.38225128930864194
15,660.0,426.0,3.23577995350443,2.15718663566962,2.8207332015092215,5.9451450891414375,0.3872550390982523
15,666.0,420.0,3.2632973544709643,2.1755315696473096,2.932319312315615,5.70026558720436,0.39158473872266225
15,672.0,414.0,3.3853604847108483,2.256906989807232,2.7503528525634566,7.150458369903585,0.3962803583039184
15,678.0,408.0,3.392123913094609,2.261415942063073,3.1286329682262086,6.72475212124035,0.4007976270041537
15,684.0,402.0,3.2732123988615993,2.182141599241066,2.9809940489525077,6.5394404797637895,0.40587286090895847
15,690.0,396.0,3.3920626320083658,2.261375088005577,2.7269297628419293,6.177198253453935,0.4087914818814048
15,696.0,390.0,3.095101775499778,2.0634011836665187,3.0564243602121164,6.095175739999927,0.41288335917719626
15,702.0,384.0,3.511625152574465,2.3410834350496432,2.7049869312029418,6.18829061011975,0.41932961148356396
15,708.0,378.0,3.3845125564731777,2.2563417043154517,2.722859583031374,6.335449763189082,0.4241986264555054
15,714.0,372.0,3.516387575630126,2.3442583837534174,2.97582807518316,5.749642188239722,0.4298944241677516
15,720.0,366.0,3.3704568038627567,2.246971202575171,2.4860761470893094,6.456566063712284,0.4342757879176061
15,726.0,360.0,3.458098086445167,2.305398724296778,2.707487443044959,5.813944714731999,0.44072778644923444
15,732.0,354.0,3.39705827649089,2.2647055176605932,2.243153993882572,5.742134952484199,0.445037799459545
15,738.0,348.0,3.3716225451111286,2.247748363407419,3.096013512745854,5.441914365318076,0.44876245100123635
15,744.0,342.0,3.585144199206714,2.390096132804476,2.6252195446760997,5.858199650248466,0.453137125660687
15,750.0,336.0,3.4033097857658547,2.2688731905105697,2.6892143528181456,4.394254887421307,0.45746729809705144
15,756.0,330.0,3.4510736532440833,2.300715768829389,2.562343213353091,6.561885129791905,0.46154614855631815
15,762.0,324.0,3.574143294728378,2.382762196485585,2.475775913852737,5.0515272020944515,0.4664697380310225
15,768.0,318.0,3.463790616573378,2.309193744382252,2.7457666630500177,5.4306889796981395,0.47460622204354325
15,774.0,312.0,3.5755716735580023,2.3837144490386684,2.4562004508477515,6.872062819591737,0.4792904961928773
15,780.0,306.0,3.487132149201689,2.3247547661344594,2.203200679618584,5.48246523352475,0.4842703685915374
15,786.0,300.0,3.661430372710016,2.4409535818066774,2.7538102295405067,6.266104039398989,0.48964584195268873
15,792.0,294.0,3.629706092564731,2.419804061709821,2.518435734392757,5.4131911409483315,0.49512565844597706
15,798.0,288.0,3.5533864956352668,2.368924330423511,2.4076458438370296,4.388374426715068,0.5014233294854474
15,804.0,282.0,3.5830277588294934,2.3886851725529956,2.7018996941072952,5.398891647856155,0.5060417763022561
15,810.0,276.0,3.6800234372962013,2.4533489581974677,2.7316130183868506,4.479528341033776,0.5114323783029426
15,816.0,270.0,3.539506194486888,2.359670796324592,2.6080998625125966,4.813156358549097,0.5173984531485851
15,822.0,264.0,3.7950878928369876,2.5300585952246584,2.6573396873267723,5.397545210959507,0.5226523193499557
15,828.0,258.0,3.380450652396591,2.253633768264394,2.61557401937599,4.960093417765154,0.528094206178851
15,834.0,252.0,3.551761297540583,2.367840865027055,2.333554091331078,5.076590392579711,0.5332636772393765
15,840.0,246.0,3.392196864673471,2.2614645764489807,2.5446923568494197,5.217826894061207,0.538412357293566
15,846.0,240.0,3.5870749768311305,2.39138331788742,2.51165322809076,4.529131720075188,0.5430975284744459
15,852.0,234.0,3.7161690406404224,2.477446027093615,2.305965510009753,5.274771689157339,0.5493141846388518
15,858.0,228.0,3.630718441792598,2.4204789611950654,2.6569325011781815,5.47282025597128,0.5528573429812622
15,864.0,222.0,3.6803441550348275,2.4535627700232183,2.3400376322911,5.228541939091795,0.5605927172729157
15,870.0,216.0,3.58071855265617,2.38714570177078,2.3443953310550607,5.2864065947442445,0.5651181738744435
15,876.0,210.0,3.647496115570659,2.431664077047106,2.5248343885491056,4.175338572037619,0.5718916007899078
15,882.0,204.0,3.847536605204431,2.5650244034696206,2.429513895661523,4.725251736491078,0.5762150610004722
15,888.0,198.0,3.7516392143868043,2.501092809591203,1.8303710337615793,4.7079429527180485,0.5811591576209024
15,894.0,192.0,3.875082929650759,2.5833886197671725,2.4134147374787283,4.661131020796331,0.5870681212284056
15,900.0,186.0,3.7834499779425697,2.5222999852950463,2.024215591251211,4.839501835736992,0.5951404579740955
15,906.0,180.0,3.8303503599471127,2.5535669066314086,2.7493110510058005,3.7577275223391418,0.6017586341405873
15,912.0,174.0,3.843732131718212,2.562488087812141,2.4714385890682005,3.982183675392518,0.6093200811500324
15,918.0,168.0,3.8994376725712114,2.5996251150474743,2.2921218989837504,4.718997114389703,0.6142877313647682
15,924.0,162.0,3.7949252871932644,2.5299501914621763,2.5042541774078373,5.096667689870258,0.6211118369816904
15,930.0,156.0,3.784685817269128,2.5231238781794185,1.9214512505876162,5.977279612418924,0.6268366398423474
15,936.0,150.0,4.141414009831981,2.7609426732213205,2.423858912360551,4.575564107089051,0.632485407262974
15,942.0,144.0,3.999660352692006,2.666440235128004,2.066109363501607,4.645623142030933,0.6375370636081965
15,948.0,138.0,3.9322110790291434,2.6214740526860956,2.3539864726774873,4.812497742226262,0.6446342717440602
15,954.0,132.0,3.8162626408574845,2.5441750939049896,2.2366293512969535,4.534736684721229,0.6479743617362113
15,960.0,126.0,3.8972674896863735,2.598178326457582,2.3653626641438743,4.377048607108643,0.6544050467531742
15,966.0,120.0,4.091420605056608,2.7276137367044053,2.402750171050859,4.1388290741507605,0.6624001232977762
15,972.0,114.0,3.8985157634995087,2.5990105089996725,1.9674860825633012,4.600196362176921,0.67143420865397
15,978.0,108.0,4.1163049487894945,2.7442032991929963,1.8665045749860223,4.3298540974176305,0.6793435962219384
15,984.0,102.0,4.0551968992882435,2.703464599525496,1.6425156657337128,5.0636404777580175,0.6840137232861447
15,990.0,96.0,3.8796052634626963,2.5864035089751307,1.8671476030630423,4.042249335016015,0.6921446663534759
15,996.0,90.0,4.121686660283605,2.7477911068557366,1.934550021124205,4.738489865167471,0.6990870995120589
15,1002.0,84.0,4.102979300338632,2.7353195335590876,1.9418916855620714,3.7032757898526016,0.7067491161389032
15,1008.0,78.0,4.070608663368198,2.7137391089121317,1.9892047691065406,3.894847848385102,0.712992838658007
15,1014.0,72.0,3.9837945617233617,2.655863041148908,2.0847382144442226,3.8321258031487986,0.7189853990518149
15,1020.0,66.0,4.153691189543128,2.7691274596954187,1.9920726383539107,3.264030208299364,0.72933170557632
15,1026.0,60.0,4.1452801189061,2.7635200792707333,1.9344575090710745,3.9519974410589853,0.7372727816121021
15,1032.0,54.0,4.2136278105142,2.809085207009467,2.039733435587544,4.746739777731569,0.7460956014064334
15,1038.0,48.0,4.216285772896663,2.810857181931109,2.273865908176818,4.2106209999751245,0.7511094179445839
15,1044.0,42.0,4.054825869799895,2.7032172465332636,1.6931249187121133,3.65746860957276,0.757215322862851
15,1050.0,36.0,4.152309203071186,2.7682061353807907,2.0348917662451904,3.717190309783598,0.7634731680593023
15,1056.0,30.0,4.11824453114024,2.7454963540934934,1.8674972124801374,3.853177572756065,0.7697010791133825
15,1062.0,24.0,4.260486292946366,2.8403241952975775,1.734471538570277,4.264085112005269,0.7805885624120054
15,1068.0,18.0,4.1573429165829126,2.7715619443886084,2.4311540465051076,4.0222216135193705,0.7882319081136218
15,1074.0,12.0,4.2697705610412315,2.846513707360821,2.084849972116425,4.204733119381039,0.7939901274460874
15,1080.0,6.0,4.207371138491943,2.8049140923279623,1.8875623320552635,4.034391680391584,0.7982005733205038
15,1086.0,0.0,4.382334263312421,2.921556175541614,1.726464068688129,3.781813180324647,0.8076162344530596
16,0.0,930.0,2.7079640981151547,1.8053093987434365,1.4214540913403617,3.082365363506596,0.002128614297064543
16,6.0,924.0,2.8158230822085426,1.8772153881390283,1.3194689644590945,3.3870419620109837,0.005421701703081697
16,12.0,918.0,2.751384748615917,1.834256499077278,1.848296348771845,3.765770514330411,0.008211161521364831
16,18.0,912.0,2.4406789338301045,1.6271192892200697,1.7229078068771604,3.781709476613542,0.011764611030027152
16,24.0,906.0,2.829346277687047,1.8862308517913646,1.7019184573133361,4.981380600584801,0.013997344125327464
16,30.0,900.0,2.733886041427243,1.8225906942848287,2.023178507552977,3.7860194238973097,0.016697828989730358
16,36.0,894.0,2.5405945875203844,1.6937297250135896,1.7531645608931798,4.553513584029513,0.02040673053441148
16,42.0,888.0,2.9056065666005253,1.9370710444003503,1.7844192448294374,4.13741746151167,0.023662651520124534
16,48.0,882.0,2.7512927140506975,1.834195142700465,2.1561827208449946,4.1189832493997445,0.027298306560042382
16,54.0,876.0,2.632788204257287,1.7551921361715248,2.0708099952034154,4.768032851013201,0.03080531015930876
16,60.0,870.0,2.889491653821925,1.9263277692146168,2.310608153667663,4.96800217760356,0.03580519933220735
16,66.0,864.0,2.761130883277189,1.8407539221847926,2.0463093241396195,4.635411467552482,0.039106328552989324
16,72.0,858.0,2.7167817264568885,1.8111878176379257,2.098557902046469,5.026762926677829,0.042777422230800104
16,78.0,852.0,2.8914236180401796,1.9276157453601197,2.496730256603718,5.812406912173105,0.04699748091217703
16,84.0,846.0,3.1263711695562932,2.084247446370862,2.491521652370208,5.732320983916681,0.05192126238276061
16,90.0,840.0,2.959405617140606,1.9729370780937374,2.5715391605448072,4.989673382434896,0.056616250552543795
16,96.0,834.0,2.935566728424772,1.9570444856165148,2.7715735462754223,6.142350798936096,0.06190407144036291
16,102.0,828.0,2.7407282608813195,1.8271521739208796,2.657507030219335,6.8417653115671975,0.0656760264180399
16,108.0,822.0,2.681774346968941,1.7878495646459607,2.1946324361734924,6.0978691350605665,0.06846518715210662
16,114.0,816.0,2.7076659217786387,1.8051106145190925,2.7317240581495135,6.586287881197291,0.07197479295571928
16,120.0,810.0,3.0370935940331947,2.0247290626887966,3.019333760804274,6.214991516635955,0.0759338520651594
16,126.0,804.0,2.9448089909112674,1.9632059939408448,2.74720519065903,5.862638480725117,0.08070148170613922
16,132.0,798.0,2.9751694402173388,1.9834462934782258,2.776509029895669,5.925422726135584,0.08535264477809823
16,138.0,792.0,2.6986915809247125,1.799127720616475,3.1249453217718117,6.344028362607781,0.08925458752042452
16,144.0,786.0,2.9175666438085957,1.9450444292057305,3.1711944924189783,7.632598316311666,0.09525330632861488
16,150.0,780.0,3.017476088119316,2.0116507254128773,3.036309721501767,6.751095078589499,0.0981486803148769
16,156.0,774.0,2.8848347352323422,1.9232231568215614,3.3725111627906816,6.346793296217791,0.1023962169041186
16,162.0,768.0,2.684544682164408,1.789696454776272,2.881441986516197,7.714881862633035,0.10460748559342985
16,168.0,762.0,2.7062481965940437,1.8041654643960292,3.248655583443327,7.147997676939601,0.10892575470254671
16,174.0,756.0,2.862243702257318,1.9081624681715452,3.1652310094313054,6.664454560990763,0.11217720692240582
16,180.0,750.0,2.8702421282791066,1.913494752186071,3.086015945038031,6.952878760996068,0.11682525225371501
16,186.0,744.0,3.015151426925847,2.010100951283898,3.0896595941939884,6.944472996432496,0.12205120071890786
16,192.0,738.0,2.836422748938025,1.8909484992920167,3.041654219566479,7.492802875448354,0.12671671367719559
16,198.0,732.0,2.5818535739281345,1.7212357159520897,2.6052480197023797,7.35445052819967,0.1289675894808275
16,204.0,726.0,2.8392032279292776,1.8928021519528517,2.903904047770395,7.345179996550574,0.13195136658415507
16,210.0,720.0,3.093113817224666,2.0620758781497774,3.3234733270010683,7.534485414044142,0.1363019002114534
16,216.0,714.0,2.860048432785042,1.906698955190028,3.7874128994848237,7.744053106014234,0.14110554335851877
16,222.0,708.0,2.838922840512927,1.892615227008618,3.0684450703238038,7.4246171156138185,0.14390925655392492
16,228.0,702.0,2.781391473886331,1.8542609825908871,3.5878403777298766,7.749217950346502,0.1472748255479466
16,234.0,696.0,2.9641310263563625,1.9760873509042416,3.570318743339098,7.38083113195271,0.1511959726620253
16,240.0,690.0,2.901488653818647,1.9343257692124312,3.492079995962305,7.233248001818701,0.15400690485693855
16,246.0,684.0,2.6501946211232252,1.7667964140821502,3.302724676326155,7.723383846089523,0.1587586193918724
16,252.0,678.0,3.04433438589195,2.0295562572613,3.322459489367605,6.561413502719242,0.1632625174097031
16,258.0,672.0,2.713373003272945,1.8089153355152965,3.573492934673079,7.683035734385968,0.16547773707899358
16,264.0,666.0,2.905999045034804,1.9373326966898692,3.7069407080305563,7.475410411694389,0.17023373544424145
16,270.0,660.0,2.852366235758468,1.9015774905056453,3.0697294387647998,8.28643356111007,0.17330320281534614
16,276.0,654.0,3.044448856680923,2.0296325711206156,3.125178690084066,8.015500621424941,0.1772223293497066
16,282.0,648.0,2.946658933699492,1.9644392891329947,3.312157912205311,6.705626779264825,0.18159000231011
16,288.0,642.0,2.8599501393690403,1.906633426246027,3.3544236027403103,6.961746910245194,0.18552171885064256
16,294.0,636.0,2.795232331714882,1.8634882211432549,3.3078563859317867,7.060116500318751,0.18821003867160058
16,300.0,630.0,2.81253556852839,1.8750237123522602,3.3483881071111266,6.788582217756316,0.19118763253702517
16,306.0,624.0,2.9821423310634185,1.9880948873756124,3.5209865330716568,7.857363981002803,0.19558227613185994
16,312.0,618.0,2.9140591023575886,1.9427060682383923,3.3776773663734043,7.992240543958806,0.19932601894990673
16,318.0,612.0,2.8959917413847003,1.9306611609231334,3.2407353600362794,6.2350498088967345,0.20279293947036603
16,324.0,606.0,2.990156108533901,1.9934374056892672,3.4633008162992196,6.867282989528133,0.20694716960888718
16,330.0,600.0,2.9778036887008015,1.9852024591338677,3.029936849186311,7.870769964063442,0.21078361669158385
16,336.0,594.0,2.832153844249818,1.888102562833212,3.270213941218393,7.326954736911795,0.21506288480004063
16,342.0,588.0,3.0007074311356927,2.0004716207571285,3.293641303599695,7.305218826300878,0.2210864577689131
16,348.0,582.0,2.9923934739510787,1.9949289826340524,3.598367392589528,7.289861713895404,0.2246426269225385
16,354.0,576.0,3.155035300953585,2.10335686730239,3.1897346735536347,7.758108348634612,0.22915417845456526
16,360.0,570.0,2.9734711478469125,1.9823140985646084,3.219003246499736,6.94775296085962,0.23382369008042214
16,366.0,564.0,3.0226594730717147,2.0151063153811433,3.42000778237369,7.72356601548639,0.2386733181187592
16,372.0,558.0,2.8737133925415517,1.9158089283610344,3.3023906456844654,7.457221556241862,0.2407954206563583
16,378.0,552.0,3.0777234966135674,2.051815664409045,3.3299019012254685,7.636802915082633,0.24657724545536305
16,384.0,546.0,3.1180731405940083,2.078715427062672,3.102269084918355,6.839696478576864,0.2513386297400476
16,390.0,540.0,3.340292699269679,2.2268617995131192,3.4402635847367677,6.733309186734089,0.2547464289085971
16,396.0,534.0,3.0050805291891485,2.0033870194594323,3.1095958530319434,7.580837091439722,0.25836793853700857
16,402.0,528.0,2.9566028384652863,1.9710685589768575,3.828914129380648,6.992445494504862,0.26331155785001586
16,408.0,522.0,3.2085030082491572,2.1390020054994383,3.390316887405274,7.978801682660802,0.26847909963007077
16,414.0,516.0,2.965200233682778,1.9768001557885186,3.0368723527379777,6.616529890813646,0.2713173613492641
16,420.0,510.0,3.123770393671646,2.0825135957810974,3.1840036185747547,7.172004670813188,0.27454797863477864
16,426.0,504.0,3.316463192134889,2.2109754614232595,3.0297896502714696,7.019474956755642,0.28011931880198015
16,432.0,498.0,3.1302875105065513,2.086858340337701,3.2446497400481125,6.856322800182076,0.28299378589998475
16,438.0,492.0,3.187417691692894,2.1249451277952627,3.060609530760543,7.157358525150904,0.29023152734317326
16,444.0,486.0,3.012904293366341,2.0086028622442273,3.2479304085354825,8.083305042470553,0.2932333201489283
16,450.0,480.0,3.2078920023757065,2.138594668250471,3.4735943938216742,7.536882911990169,0.3000632796070067
16,456.0,474.0,2.9845624037248757,1.989708269149917,3.115747721171216,7.378654758456062,0.3034724744538862
16,462.0,468.0,3.240256653468876,2.160171102312584,3.490700573792275,7.490875744191346,0.3096007324988678
16,468.0,462.0,3.3532123199279615,2.2354748799519744,3.20759528623121,6.548804104416968,0.3158505118696835
16,474.0,456.0,3.1219904558020812,2.081326970534721,3.116520740485769,6.703202515287891,0.3181386724623938
16,480.0,450.0,2.98274356081147,1.9884957072076466,3.2019899021217832,6.9691593100689495,0.32226189139249384
16,486.0,444.0,3.1757582766249053,2.1171721844166034,3.4057298545910117,6.479918546972925,0.3275620467843535
16,492.0,438.0,3.3652774625929984,2.2435183083953323,2.8065568535893153,5.881084472255283,0.33430698566466976
16,498.0,432.0,3.2206007476499643,2.147067165099976,3.1446500270515694,5.7861114534968925,0.3395661383062181
16,504.0,426.0,3.011953944275556,2.007969296183704,3.17243985141273,6.028903468322019,0.3437804683588942
16,510.0,420.0,3.2097305125280786,2.1398203416853856,2.5709679480796677,6.668452611476708,0.3502848106238292
16,516.0,414.0,3.3172258373524794,2.2114838915683195,3.289861224677172,6.84284331851756,0.35492351198196304
16,522.0,408.0,3.230143309068935,2.1534288727126234,3.061797800575361,6.912945826958455,0.3591285562421124
16,528.0,402.0,3.357746711015645,2.2384978073437636,2.8492039043303636,5.457584705121139,0.36538490323806844
16,534.0,396.0,3.184922496587839,2.1232816643918926,2.9728398075895246,5.882336585901116,0.36957055978221537
16,540.0,390.0,3.2354181587361057,2.1569454391574037,2.6272124419379397,5.637535189175989,0.3761170492648573
16,546.0,384.0,3.3327884533963026,2.2218589689308685,2.9049847306814933,5.9661427382802295,0.3827001644719186
16,552.0,378.0,3.566149182647506,2.3774327884316704,2.5079970533886584,6.401893780695265,0.3880813225801738
16,558.0,372.0,3.220416303900404,2.1469442026002694,2.886299682638071,5.832090828702346,0.39296667082253445
16,564.0,366.0,3.4610416125290824,2.3073610750193883,2.9162229936750466,5.118169801423539,0.39789858257845584
16,570.0,360.0,3.4899618954685794,2.3266412636457194,2.780407893926013,7.17618064876496,0.4033270503676496
16,576.0,354.0,3.3447172704220725,2.229811513614715,3.0936558755328116,5.713981894163511,0.4080229393513462
16,582.0,348.0,3.240456826116269,2.1603045507441796,2.8055943871299083,6.1989387073478674,0.41200066129797897
16,588.0,342.0,3.339219097856067,2.226146065237378,2.963691396531899,6.132124446444553,0.41572427440842663
16,594.0,336.0,3.338794662511991,2.2258631083413274,2.7617216531200133,5.8441612581143145,0.4204627908224437
16,600.0,330.0,3.416230909171773,2.277487272781182,2.432620215551248,5.863920838001629,0.4241943691616399
16,606.0,324.0,3.248320188519273,2.165546792346182,2.6693897182138766,5.600244611604218,0.43150469778191247
16,612.0,318.0,3.2356835206592716,2.157122347106181,2.5916175013778786,7.275510318965241,0.43623201198510436
16,618.0,312.0,3.39980808840415,2.2665387256027665,2.654844794085683,6.212212830868256,0.44146765613725375
16,624.0,306.0,3.5291785464078225,2.352785697605215,2.643093867266362,6.257786638266079,0.44692047353395375
16,630.0,300.0,3.3630843228642058,2.242056215242804,2.645287574529045,5.9711459412530274,0.4521657090952865
16,636.0,294.0,3.4315987220927546,2.2877324813951696,2.6269045735845182,5.4114753999647744,0.46089612594344676
16,642.0,288.0,3.5181104467872113,2.3454069645248077,2.4858163465466068,6.097679534216294,0.46386747659292155
16,648.0,282.0,3.476599403404272,2.317732935602848,2.692137911676698,5.649553572175615,0.4703475970352326
16,654.0,276.0,3.525670001379806,2.3504466675865374,2.6187638692543884,5.842507481850649,0.4770801145610901
16,660.0,270.0,3.543188473578961,2.3621256490526408,2.7997030217089818,6.231050280017618,0.4838751372580054
16,666.0,264.0,3.473814894248347,2.3158765961655647,2.7401072420088957,4.884490845610685,0.4877476613338079
16,672.0,258.0,3.382840121429068,2.255226747619379,2.9125064716918656,4.455947385565932,0.49351172811113303
16,678.0,252.0,3.619054241805786,2.412702827870524,2.9163621015036205,5.708252595447839,0.49902332919894266
16,684.0,246.0,3.5533050200094696,2.3688700133396465,2.337231955178621,5.779643448865662,0.5032748433501901
16,690.0,240.0,3.663565366851964,2.4423769112346427,2.50656493090389,5.310936524062686,0.5092097810666951
16,696.0,234.0,3.5130754600021543,2.342050306668103,2.4936548647826955,5.379619187040759,0.5154800813193692
16,702.0,228.0,3.584972467270405,2.389981644846937,2.3827860972241655,5.691339932391835,0.5219129611661898
16,708.0,222.0,3.4497520598006868,2.299834706533791,2.4362961178532925,4.9689726005703525,0.5280892171017055
16,714.0,216.0,3.643239305344106,2.4288262035627373,2.6017901372869554,5.335410640143279,0.5351697488325889
16,720.0,210.0,3.4556929758859876,2.303795317257325,2.0906870152555235,5.054102240761626,0.5419584696901055
16,726.0,204.0,3.803020202728724,2.5353468018191494,2.367914771211788,5.359292775252236,0.5475397675937371
16,732.0,198.0,3.6387928363797455,2.42586189091983,2.586187608412282,5.28156248542846,0.5530650380178486
16,738.0,192.0,3.6584909294947625,2.4389939529965083,2.4187237608500656,4.68613921091379,0.561130090289848
16,744.0,186.0,3.6852382846700884,2.4568255231133924,2.5527261338888083,5.3812897456492,0.5672879423649418
16,750.0,180.0,3.8873003422321086,2.5915335614880726,2.288433366546687,5.0559294311572005,0.5727744532026979
16,756.0,174.0,3.7290279154816894,2.486018610321126,2.205279942561321,4.220184913280236,0.5809946848798612
16,762.0,168.0,3.7099157859433873,2.473277190628925,2.1456834965711153,5.587846513371768,0.5902393705481082
16,768.0,162.0,3.816786280369163,2.5445241869127755,2.596257239820148,4.5626723342876145,0.598441120724101
16,774.0,156.0,3.8395756251923694,2.5597170834615794,1.9628256498918468,4.591733374829562,0.6046390792306707
16,780.0,150.0,3.8238413768925645,2.549227584595043,2.4197966001182354,4.7015476359525765,0.6093116956592594
16,786.0,144.0,3.815941874795783,2.5439612498638553,2.2696583961390626,5.194887525073846,0.6177855735307083
16,792.0,138.0,3.7494968441491006,2.499664562766067,2.65630249228788,4.45396782513217,0.6219569650683815
16,798.0,132.0,3.904485344380232,2.6029902295868212,2.078390819458913,5.179158125278679,0.6285952442326408
16,804.0,126.0,3.783416350487135,2.5222775669914235,2.1468899525747176,4.891537680731266,0.6366970954260684
16,810.0,120.0,3.8408490474051056,2.5605660316034036,2.334424257437571,4.905249899797352,0.6462185040317195
16,816.0,114.0,3.76653585898089,2.51102390598726,1.7253219319345294,4.092745944772993,0.6511999843219322
16,822.0,108.0,4.05385430592176,2.7025695372811733,2.2308856249360676,4.442559175770669,0.6595795931975837
16,828.0,102.0,3.863471505966785,2.5756476706445235,2.0927721375901203,3.84546161969123,0.6653682714151267
16,834.0,96.0,3.8380127313799344,2.5586751542532897,2.0321695930425356,4.121080906482439,0.6718898338745978
16,840.0,90.0,3.929822538571554,2.619881692381036,2.1013170469284765,3.272869797128373,0.6796335786274277
16,846.0,84.0,4.0280205938014495,2.6853470625342997,2.2451063158726514,4.34796560289362,0.6868976728830163
16,852.0,78.0,3.9981244018072837,2.6654162678715223,2.289183596571279,4.42266637036882,0.6938943086103719
16,858.0,72.0,4.223652390221145,2.8157682601474296,2.553199640725564,4.003262533171816,0.7007458713877455
16,864.0,66.0,4.255126544741408,2.8367510298276053,1.9520210042707125,3.754644651314328,0.7135964237925931
16,870.0,60.0,4.017198178536687,2.678132119024458,2.1266580843586937,4.841275367840907,0.7215854198664243
16,876.0,54.0,4.091988511703757,2.727992341135838,1.9315046026307774,4.737097268459223,0.7280181921316841
16,882.0,48.0,4.057515108943571,2.7050100726290474,2.093003097637581,4.318381327263697,0.7372588753243811
16,888.0,42.0,4.035638415105045,2.69042561007003,1.821656072881182,3.9434417629784826,0.745091562079227
16,894.0,36.0,4.304438461899118,2.869625641266079,1.8166791609257589,4.3769043568633155,0.7540318755457769
16,900.0,30.0,3.9811717425892215,2.654114495059481,2.1096308070967615,4.327727661013043,0.7626623345428762
16,906.0,24.0,4.193909630987368,2.7959397539915787,1.7634445042038418,3.9606223736373227,0.7689989847047218
16,912.0,18.0,4.399576106381018,2.9330507375873456,1.9430310499701235,3.362028716341965,0.7801028979916549
16,918.0,12.0,4.520076141490789,3.013384094327193,1.9054938401574752,4.275102159515612,0.7918258051713852
16,924.0,6.0,4.224661953031001,2.8164413020206673,1.7302845465186734,3.5928200055394486,0.7998495096496345
16,930.0,0.0,4.317725906836378,2.8784839378909184,1.7681085405485066,3.6284911339974077,0.8105896206198593
17,0.0,990.0,2.873242167439236,1.915494778292824,1.4221165266247118,3.432210643145434,0.003922923304220071
17,6.0,984.0,2.9015848735572582,1.9343899157048388,1.4272619740089114,4.02265158115545,0.008064567372418485
17,12.0,978.0,2.8667598186426706,1.911173212428447,1.5106101743017528,3.856176626549626,0.01117319397697979
17,18.0,972.0,2.9954743470907617,1.9969828980605078,1.736350074416121,3.621923436872647,0.014673845358658864
17,24.0,966.0,2.879731200796499,1.9198208005309993,1.721627574277338,4.33663441427617,0.01861721796253435
17,30.0,960.0,2.932111368458503,1.9547409123056687,2.323170596958841,3.2678916126024116,0.022823641892673302
17,36.0,954.0,2.91096969064556,1.9406464604303733,2.166513411094906,4.138475183399695,0.026785558424681756
17,42.0,948.0,2.8220509172591526,1.8813672781727684,2.148768561252363,4.346387734087024,0.031817163735238234
17,48.0,942.0,2.725823677874882,1.8172157852499213,2.1565454463673226,4.036736401132236,0.03624518766066799
17,54.0,936.0,2.625946480860887,1.7506309872405914,2.344362250210479,4.129942902751337,0.04001928831176312
17,60.0,930.0,2.9594313044307863,1.9729542029538576,2.4518503306703634,4.738886150790842,0.043951120247971064
17,66.0,924.0,2.7298963590455836,1.819930906030389,1.8955648938831815,6.0014565035673115,0.04616715399667939
17,72.0,918.0,2.63796340885023,1.75864227256682,2.7939753909463736,5.474896077238154,0.04952210276862861
17,78.0,912.0,2.7878938846121795,1.8585959230747864,2.4151819010123807,5.3864898122854745,0.05437951751510017
17,84.0,906.0,2.770179594521919,1.846786396347946,2.6312604556853363,6.4285196493655405,0.05831753349787759
17,90.0,900.0,2.9466514590838124,1.9644343060558749,2.77610233638443,5.303410844498165,0.06398008429374602
17,96.0,894.0,2.9516984927260417,1.9677989951506945,2.7615935150779514,5.834472789451265,0.0687280190037333
17,102.0,888.0,2.89879913926247,1.9325327595083133,3.110116002815352,6.641528678821543,0.07272871588806751
17,108.0,882.0,2.8881583859706033,1.9254389239804022,2.5417946749831253,6.603077829618207,0.07618022627032371
17,114.0,876.0,2.6634180632593853,1.7756120421729236,3.123607862615363,6.574079088470342,0.07789230368624656
17,120.0,870.0,2.8782927067557127,1.9188618045038084,2.5589115985286868,6.216232416592017,0.08297020861515063
17,126.0,864.0,2.8555711665156096,1.9037141110104063,3.2270966314359897,6.784296876084654,0.08476678827709011
17,132.0,858.0,3.0137293745510725,2.009152916367382,3.0585459953822327,5.930854924870832,0.08826361700496006
17,138.0,852.0,2.7802240932295113,1.8534827288196742,2.882232543516556,6.475039024707747,0.09185468139422442
17,144.0,846.0,2.7036381921237704,1.802425461415847,2.8550161647446224,7.534744838530045,0.09192734809771937
17,150.0,840.0,2.642486599447862,1.7616577329652412,2.9211378370495633,6.77574979266969,0.09539364811200979
17,156.0,834.0,2.802786825817222,1.8685245505448147,2.8871998730295276,6.8379563864032145,0.10037468924798977
17,162.0,828.0,2.980035403715126,1.9866902691434174,2.9664873166468477,5.855938581735588,0.1039035532869616
17,168.0,822.0,2.899101642874583,1.9327344285830552,3.0479594331388395,6.580087419552374,0.10759240288587818
17,174.0,816.0,2.885189533822958,1.9234596892153053,3.2140555923633247,7.155170546637102,0.11074877782032304
17,180.0,810.0,2.8719681945991145,1.9146454630660763,3.31992188281449,5.95486539272338,0.11296840755804312
17,186.0,804.0,2.857217709260314,1.9048118061735426,3.3837782962447043,6.222398965839865,0.11550140083143857
17,192.0,798.0,3.02743593823875,2.0182906254925,3.072553148048668,7.2408441910036485,0.1194841644162793
17,198.0,792.0,2.8746535351633398,1.9164356901088933,3.4356572246330885,7.6821481995767105,0.12416872042066046
17,204.0,786.0,3.0299338156113973,2.0199558770742647,3.4500123055841247,7.196720179045529,0.12982756704717388
17,210.0,780.0,3.0777415671274015,2.0518277114182677,3.23924389990997,7.544632676922187,0.13463486042030204
17,216.0,774.0,2.977810602824026,1.9852070685493508,2.859741123441325,7.502754350234078,0.13859239047652783
17,222.0,768.0,2.8168404175119353,1.8778936116746234,3.01082598397299,8.028869488034395,0.14144179605064067
17,228.0,762.0,2.778232258727069,1.8521548391513794,3.237461280457113,6.907129932375326,0.14385466451509793
17,234.0,756.0,2.925509058256982,1.9503393721713211,3.662456820551898,6.983291195651074,0.1485986058489021
17,240.0,750.0,2.8872870358864584,1.9248580239243056,3.2431207125653865,8.004650297745476,0.15109661783794018
17,246.0,744.0,2.9020408097509116,1.9346938731672745,3.461357908001753,6.78185276777722,0.15379924211386273
17,252.0,738.0,2.7800944912273478,1.8533963274848986,3.4344089034648557,8.236756222776227,0.15867533480629095
17,258.0,732.0,2.701848144672771,1.801232096448514,3.6411227933535613,7.322878505292401,0.16222121380701396
17,264.0,726.0,2.7352689855340713,1.8235126570227143,3.6169180451733003,7.079144278948682,0.16640626353176974
17,270.0,720.0,2.97601225742091,1.98400817161394,3.592664192921438,6.838779280553698,0.16933008475353187
17,276.0,714.0,2.9058686461962018,1.9372457641308012,3.2116985663477875,7.349854387679623,0.17291313624413085
17,282.0,708.0,3.1166606726678783,2.0777737817785855,3.354521815130227,7.012632690387191,0.17781294133518843
17,288.0,702.0,3.1725507558132824,2.115033837208855,3.3166243209439275,7.2163007490837225,0.18170893344368927
17,294.0,696.0,3.0957175234691676,2.0638116823127786,3.415335404519477,7.732390672906262,0.18615960775611973
17,300.0,690.0,2.9825518374139457,1.988367891609297,2.927240329918596,6.768502178039893,0.19101675879562818
17,306.0,684.0,2.9721577137066633,1.981438475804442,3.1136659699877223,7.206638588890159,0.19460062701937664
17,312.0,678.0,3.021617086830645,2.01441139122043,3.4145821541578636,6.63847073334773,0.19670754252139933
17,318.0,672.0,2.953687207184148,1.969124804789432,3.445765149503981,7.380109265840508,0.19959091256555833
17,324.0,666.0,2.953201219793786,1.9688008131958572,3.3212903408441456,7.329970131738244,0.20404211225840857
17,330.0,660.0,2.962079197433157,1.974719464955438,3.3075342393651117,7.95551415152647,0.20862298686378652
17,336.0,654.0,3.06436102258689,2.04290734839126,3.3465735525340308,7.308109158087365,0.21353140620097885
17,342.0,648.0,3.126966289021055,2.0846441926807033,2.9713911935763027,7.206333285068928,0.21619188959241092
17,348.0,642.0,3.0430104366837094,2.028673624455806,3.4004605436702366,8.01171646292064,0.22036947632032722
17,354.0,636.0,2.784810356982577,1.8565402379883846,3.6929185736572814,7.334125910629158,0.22397026694053493
17,360.0,630.0,2.966615905404202,1.9777439369361345,3.1755751394374934,7.8842282693943,0.22791121285965393
17,366.0,624.0,2.9816179246413546,1.9877452830942364,3.263076337551659,7.799107498834306,0.2320571838244475
17,372.0,618.0,2.7563373405808655,1.8375582270539104,3.273122562267482,7.021885766182973,0.23606040850263912
17,378.0,612.0,2.9007323024725085,1.9338215349816723,3.207132488748768,6.907872198344716,0.24012090137452963
17,384.0,606.0,2.798219863196204,1.8654799087974692,2.782441269598305,7.034681784146858,0.24332880202198734
17,390.0,600.0,3.118963060928317,2.0793087072855445,3.3028110480028428,7.076758080595836,0.24642543219634466
17,396.0,594.0,3.0779492460262974,2.0519661640175317,3.275959955769694,7.043953252798157,0.2502491037058017
17,402.0,588.0,3.0830868095200326,2.0553912063466884,3.2219422372608433,7.584430268201982,0.25552542391517646
17,408.0,582.0,2.945596556580932,1.9637310377206214,3.3255269009211017,7.074927750680727,0.2577715546606687
17,414.0,576.0,3.058785872100278,2.0391905814001854,3.5182456667156554,6.755147956873411,0.2613245847796708
17,420.0,570.0,3.0484542439984983,2.032302829332332,3.0150712733367575,7.1079182688758635,0.26389393020002705
17,426.0,564.0,3.1349710434977256,2.0899806956651505,3.4932289317299343,7.130107865393596,0.2690771747680256
17,432.0,558.0,3.0563368352562237,2.037557890170816,3.77063399796607,7.45795199419904,0.27277799663415564
17,438.0,552.0,3.2369478979934856,2.1579652653289902,3.1339475518387414,7.770570049485407,0.27732708774656706
17,444.0,546.0,3.188952698386167,2.1259684655907782,3.2605054400717286,7.7776690487711155,0.281301018062701
17,450.0,540.0,3.101167969712252,2.0674453131415014,2.9973331541723307,7.288858047854312,0.2838911858753723
17,456.0,534.0,3.144857869835438,2.096571913223625,3.035786245967263,6.90312766922916,0.28787483671950337
17,462.0,528.0,3.0028037564300734,2.0018691709533822,3.140533746216475,6.457861676411245,0.29248570922032
17,468.0,522.0,3.1183445065047812,2.078896337669854,3.183529764444203,6.504690329232119,0.2971358434486762
17,474.0,516.0,3.190340012549832,2.126893341699888,3.230263934026753,7.086631599387229,0.30181510662429534
17,480.0,510.0,3.007746855978219,2.005164570652146,3.099545547866678,7.499363285931001,0.3060615130768467
17,486.0,504.0,2.974906061344873,1.9832707075632487,3.0521031846735895,6.903530469585221,0.3125971931350968
17,492.0,498.0,3.304077293099584,2.2027181953997226,2.9509034610293896,6.202987369288938,0.31448287488359455
17,498.0,492.0,3.042465723795105,2.02831048253007,3.0866831922612072,7.836490029234344,0.31748631195163196
17,504.0,486.0,3.166683206797992,2.111122137865328,2.7707177438914217,7.633606603174008,0.3212541270393986
17,510.0,480.0,3.0306211940216783,2.0204141293477855,2.787493853594755,7.061717054104768,0.32706396064480003
17,516.0,474.0,3.21809216029459,2.1453947735297265,3.4739169596938373,5.493481983614581,0.33075544584276306
17,522.0,468.0,3.223550495513062,2.149033663675375,3.1324559596226504,7.467068903209331,0.33378818203077404
17,528.0,462.0,3.17515847950078,2.1167723196671866,2.9776415550071786,7.216383046228005,0.3408993524608685
17,534.0,456.0,3.0747122336649,2.0498081557766,3.305423673330632,5.9043502039572004,0.34691471748910296
17,540.0,450.0,3.333191046099241,2.2221273640661607,3.2002474642505723,6.979250889765637,0.3522842910487022
17,546.0,444.0,3.3254283262482676,2.216952217498845,2.979392901800314,6.122839371921425,0.3584836220977498
17,552.0,438.0,3.155970649236062,2.1039804328240415,2.6977245257607163,6.281643887617572,0.3629312978445683
17,558.0,432.0,3.1703261133064427,2.113550742204295,2.486791158673604,6.593914419339539,0.3694696741766643
17,564.0,426.0,3.2908141637390473,2.193876109159365,3.1999085184287965,6.816825342074468,0.3740807768550387
17,570.0,420.0,3.393576059661316,2.2623840397742105,3.5237410422300486,6.93644439608827,0.3803754846228681
17,576.0,414.0,3.2505409953125723,2.1670273302083816,3.0241450687587657,6.553884003520705,0.38592414593032776
17,582.0,408.0,3.3372437795983285,2.224829186398886,3.051229876001292,5.687943883955426,0.3902422425717695
17,588.0,402.0,3.19610125820578,2.1307341721371866,2.566665082957102,6.951733668073903,0.39536671658770417
17,594.0,396.0,3.388081162646431,2.2587207750976206,2.6228175871542336,6.976993956236142,0.39943417132912273
17,600.0,390.0,3.4132961946730713,2.2755307964487144,3.4790322612492584,5.057144042746665,0.40310061436890926
17,606.0,384.0,3.257978296309959,2.171985530873306,2.92701327386537,6.122852505105992,0.4075442878657691
17,612.0,378.0,3.359533584553259,2.239689056368839,2.9871390976171384,6.1791441798038536,0.412943765915266
17,618.0,372.0,3.417681575068168,2.278454383378779,3.035590639648997,5.586143743863237,0.41960555003766753
17,624.0,366.0,3.26909573477307,2.17939715651538,3.3053072118811317,4.866109962019392,0.4235048618170801
17,630.0,360.0,3.4407796917502846,2.2938531278335232,2.86096318695704,6.715781700228347,0.4272428281405257
17,636.0,354.0,3.5915375879532423,2.394358391968828,2.699869554454374,5.887713639989413,0.43432071366938213
17,642.0,348.0,3.2783785837511936,2.1855857225007957,2.52782295438113,6.046173668043802,0.4391365859882615
17,648.0,342.0,3.5060364789632543,2.3373576526421695,2.4692052652600336,6.3005065504241955,0.44546524998363307
17,654.0,336.0,3.497213209382204,2.3314754729214693,2.5937080479723065,5.533880901306184,0.4486153248589484
17,660.0,330.0,3.4494208028608098,2.299613868573873,2.4364013125080355,5.211030699265799,0.45494603824383684
17,666.0,324.0,3.4321848387741936,2.2881232258494624,2.4538043043625746,5.370094867948555,0.4607640977269216
17,672.0,318.0,3.4018413443448945,2.267894229563263,2.3610708056585374,5.653843018462328,0.4632712487984654
17,678.0,312.0,3.356735141704157,2.237823427802771,2.612277147170801,5.733391636593199,0.47032980794605805
17,684.0,306.0,3.540791447612052,2.360527631741368,2.641471198997637,5.752959811884173,0.474686461609982
17,690.0,300.0,3.3630436214785795,2.2420290809857195,2.7104957725497343,5.81528364506536,0.4799749860244872
17,696.0,294.0,3.50940773253027,2.33960515502018,2.591905348530197,5.574209401979831,0.4878362080409109
17,702.0,288.0,3.471544985205441,2.314363323470294,2.3826729874886725,6.296750583095047,0.4943952259030548
17,708.0,282.0,3.546934048643797,2.3646226990958645,2.333695895166515,5.282076973353787,0.5028104492584881
17,714.0,276.0,3.644566855407192,2.429711236938128,2.2490518381204923,4.966115343900394,0.5084123137096916
17,720.0,270.0,3.503346684623773,2.3355644564158484,2.6854978620285563,5.183072337928332,0.5129374629501626
17,726.0,264.0,3.8366037864380957,2.557735857625397,2.4347055946981433,4.9823750735556755,0.5164599445464674
17,732.0,258.0,3.5593842563956644,2.3729228375971094,2.3524546064587084,5.322973734600617,0.5219236763402876
17,738.0,252.0,3.5934803719610184,2.3956535813073456,2.4534668004576172,4.8138502774038505,0.5277146146431381
17,744.0,246.0,3.680158724330108,2.453439149553405,2.2461030649838083,5.5835809075420535,0.5356241658194276
17,750.0,240.0,3.593695792531163,2.395797195020775,2.327245740205092,5.022309812355438,0.5431072521785196
17,756.0,234.0,3.6671037512532867,2.4447358341688576,2.2263466816730952,4.829362184973191,0.5489085658059789
17,762.0,228.0,3.74398955375401,2.495993035836007,2.58535481522106,5.357062815692164,0.5569766488393851
17,768.0,222.0,3.7509860395234718,2.5006573596823145,2.328292361924307,4.625785717029749,0.5634305599287514
17,774.0,216.0,3.6736751933148506,2.4491167955432336,2.377614893130517,4.636793862941938,0.5689173368743596
17,780.0,210.0,3.7608918689778594,2.5072612459852395,2.551449930736203,4.462431557617732,0.5754799447516381
17,786.0,204.0,3.614748715938931,2.4098324772926207,2.2808037289942202,4.9694327045041256,0.5817154234789733
17,792.0,198.0,3.740327624106948,2.493551749404632,2.108081229271815,4.288609680526431,0.5846678073604856
17,798.0,192.0,3.9855463632304677,2.6570309088203117,2.3246996078834288,4.488255157725038,0.5922083727410298
17,804.0,186.0,3.7931552141938125,2.528770142795875,2.470757827480482,4.370020980312399,0.5995539277858329
17,810.0,180.0,3.7896075918365124,2.5264050612243416,2.1023682284037144,4.586267186982917,0.6043091395591204
17,816.0,174.0,3.621175755475033,2.4141171703166884,2.3022081007773187,4.265204018218393,0.6101853358352344
17,822.0,168.0,3.7776132200654304,2.5184088133769538,2.170275990840961,4.456409620107682,0.6148709238830459
17,828.0,162.0,3.769972570232673,2.513315046821782,2.084811446222539,4.7232528233867175,0.6208689050197946
17,834.0,156.0,3.922410739420912,2.6149404929472744,2.2107441631711153,4.736913901058014,0.6289381565993692
17,840.0,150.0,3.829914385841764,2.5532762572278425,2.102799909490126,4.430062816764348,0.6335690927412572
17,846.0,144.0,3.933283789195606,2.622189192797071,2.249461085149139,3.7362776270350064,0.6412616654882389
17,852.0,138.0,3.8306537848864597,2.5537691899243065,2.422243827732619,4.248543473705997,0.646310448110043
17,858.0,132.0,3.855678653561627,2.5704524357077516,2.339133887318762,3.840923938388023,0.6512281287253902
17,864.0,126.0,3.968937548174958,2.645958365449972,1.942438330405027,4.670051861947579,0.6559195216836029
17,870.0,120.0,3.8490398357751645,2.566026557183443,2.250995527611431,4.3106462112263735,0.6608388335944735
17,876.0,114.0,3.9255877671489516,2.6170585114326346,2.309384923271161,4.733697967205652,0.6672677277481637
17,882.0,108.0,3.9645338109636437,2.6430225406424293,1.967866492186487,3.1264114785944255,0.6763454545296405
17,888.0,102.0,3.8423292774522038,2.5615528516348025,2.1667475452111478,3.7537893552615924,0.6813441452915893
17,894.0,96.0,3.9843571151623847,2.656238076774923,1.9021296100685308,4.1261374984048516,0.6878343737263223
17,900.0,90.0,4.046608900959979,2.6977392673066523,1.7937663856999666,3.765177548818749,0.6976652328030194
17,906.0,84.0,4.127959413336734,2.7519729422244894,1.7699792710192708,3.698356869355573,0.7051317764529158
17,912.0,78.0,4.019277150802444,2.679518100534963,1.9930972897268826,4.073313594707713,0.7113196455556963
17,918.0,72.0,4.025881130681564,2.6839207537877097,2.2510659837098936,4.549667290119236,0.7169089168636614
17,924.0,66.0,4.11300800954349,2.7420053396956603,2.33954844169621,4.947435394404545,0.7206140120105383
17,930.0,60.0,4.095495324340357,2.7303302162269047,1.9256973010441483,3.693737739157726,0.7277588252187049
17,936.0,54.0,4.149018344573719,2.7660122297158125,2.4344940668684667,3.995409995628475,0.7366841414520198
17,942.0,48.0,3.895808243971036,2.5972054959806905,2.1686815780251467,4.047573628776799,0.745276015161226
17,948.0,42.0,4.163343086832001,2.775562057888001,2.2897663112810784,4.354206138040053,0.7534107671598056
17,954.0,36.0,4.081693392848202,2.7211289285654683,2.2123726998299835,3.1009504621455624,0.7625596814307121
17,960.0,30.0,4.007693690156903,2.6717957934379353,1.8738361641840016,4.280948164416731,0.7725674178992815
17,966.0,24.0,4.125789845792958,2.7505265638619716,2.117832045790081,3.6913496984836254,0.7745950801817529
17,972.0,18.0,4.180126429553,2.7867509530353334,1.7228196481499685,4.238541178410415,0.7823554307470537
17,978.0,12.0,4.215394284332007,2.8102628562213376,1.614115500931484,3.038378548886658,0.7858202201236328
17,984.0,6.0,4.151176220503639,2.7674508136690927,1.7826486388229938,4.0560967694700265,0.7936438877661387
17,990.0,0.0,4.24518610644889,2.8301240709659266,1.442260502656459,4.625958381503392,0.8026794313864688
18,0.0,1086.0,2.747305069390391,1.8315367129269273,1.4574706162498148,3.0,0.002512046382985426
18,6.0,1080.0,2.870007964633018,1.9133386430886787,1.8019637116456977,3.005894240903563,0.00551812512031087
18,12.0,1074.0,2.6010206913657434,1.734013794243829,1.442433878669523,3.136383925827081,0.007268331164666491
18,18.0,1068.0,2.543464329171358,1.6956428861142385,1.5643355712651728,3.505670117912059,0.010040749612892762
18,24.0,1062.0,3.1111448756054503,2.0740965837369667,1.6738408775212683,4.4328523280930145,0.014107889308246399
18,30.0,1056.0,2.8978502390640286,1.931900159376019,1.7194034216068332,4.80383111127753,0.018112489216773577
18,36.0,1050.0,2.7145392424268464,1.8096928282845643,2.014771887758538,4.530332939522169,0.021840060962395807
18,42.0,1044.0,2.805177587032513,1.8701183913550086,1.7563500463201904,4.902687968499413,0.026531975997223203
18,48.0,1038.0,2.9078164860573255,1.938544324038217,2.124484856665758,4.6049112792909765,0.030127570502665582
18,54.0,1032.0,2.723617615287244,1.8157450768581629,2.113426473434452,4.859305398959588,0.032716219763761906
18,60.0,1026.0,2.760043788435812,1.8400291922905414,1.9662433066898297,4.594326365811374,0.036487927557586224
18,66.0,1020.0,2.715343076462401,1.8102287176416008,2.29511720258245,5.3102467617598945,0.04007211019344489
18,72.0,1014.0,2.854823238297012,1.903215492198008,2.5689388840291882,5.347719312892911,0.042486303545093744
18,78.0,1008.0,2.3464886881709717,1.564325792113981,2.5407022711472083,4.779201776597137,0.04527749505625543
18,84.0,1002.0,2.966726862862286,1.9778179085748573,2.545672462585065,5.852377399320929,0.048667311639316826
18,90.0,996.0,2.9885479354162077,1.9923652902774718,2.660556693088698,4.909223715414688,0.05276512682764385
18,96.0,990.0,2.9945262302348095,1.9963508201565396,2.629250655369642,5.379789143086414,0.05801417014788454
18,102.0,984.0,3.1478365419597543,2.0985576946398363,2.7615086450581385,5.225396140663784,0.0625354669821887
18,108.0,978.0,2.877492341923162,1.9183282279487746,2.5407201400115085,5.911520384462427,0.06595206512496367
18,114.0,972.0,2.4135919194259894,1.6090612796173263,2.781165504007542,5.793010040815153,0.06873691584319785
18,120.0,966.0,2.6879856177473562,1.7919904118315708,2.904614592060864,6.130234921900304,0.07113881169059286
18,126.0,960.0,2.8137706220794336,1.875847081386289,2.7542488655417467,6.47967189972605,0.07392754071852703
18,132.0,954.0,2.80888035070857,1.87258690047238,2.9624391766743075,5.49905083135837,0.0768279233547627
18,138.0,948.0,2.7109941710804977,1.8073294473869985,2.7062414756565967,6.315592095501088,0.08000390594309072
18,144.0,942.0,2.955330202976792,1.9702201353178612,2.5163041553082888,5.8991034130659346,0.0824013299085129
18,150.0,936.0,3.054010773640654,2.036007182427103,2.704219952713192,6.564271038728723,0.08579893639923686
18,156.0,930.0,2.848558649100396,1.899039099400264,3.0074921070457483,5.984802089200204,0.0893424121815181
18,162.0,924.0,2.8500947416968394,1.9000631611312262,3.09266684648615,7.280361048668643,0.09397366511566338
18,168.0,918.0,2.848295240332154,1.8988634935547692,3.157760952250969,6.376279955133999,0.09676189282922562
18,174.0,912.0,2.8183393299251716,1.878892886616781,2.814288178851385,6.555202742343815,0.10071213834058527
18,180.0,906.0,2.816320894093755,1.87754726272917,3.1995298302958424,6.726887280574643,0.10351387821122894
18,186.0,900.0,2.9505477425029465,1.9670318283352977,2.988156596372611,6.772770527861677,0.10704502748085247
18,192.0,894.0,3.0315302643964275,2.021020176264285,3.2944678281356925,6.674704152704986,0.11155397994165339
18,198.0,888.0,2.82470971518086,1.8831398101205732,3.3564960385512395,6.803635340993045,0.115917052250261
18,204.0,882.0,2.812726096669712,1.8751507311131412,2.9595465379131753,6.728018671441955,0.11708862221988695
18,210.0,876.0,2.8433290424824946,1.8955526949883297,2.9706598428435873,6.668635142202938,0.12046407543797295
18,216.0,870.0,2.9616329938054147,1.9744219958702764,2.6302421476412126,6.539413976127105,0.12447389700080594
18,222.0,864.0,2.9518765622229632,1.967917708148642,3.3725412306761076,7.378863802303972,0.1276977563774729
18,228.0,858.0,2.7860107953462325,1.8573405302308217,3.177494148542654,6.897163910891387,0.13100097871855665
18,234.0,852.0,2.7418387420496617,1.8278924946997746,3.323623652484403,7.700461597469128,0.13457365237798566
18,240.0,846.0,2.826523472524869,1.884348981683246,3.3964800394459562,7.525868048595744,0.1383978975406679
18,246.0,840.0,2.7944873402914703,1.8629915601943134,3.227706912146673,6.72083992772042,0.14074861846116332
18,252.0,834.0,2.8588610991087076,1.9059073994058051,3.26207037935353,6.772433457260097,0.14373727333310315
18,258.0,828.0,2.9246066832141864,1.9497377888094576,3.1447246813760947,7.724704119792323,0.14570741951642724
18,264.0,822.0,2.8508234487113513,1.9005489658075676,3.423443911204827,6.935026833053686,0.14933883194945688
18,270.0,816.0,2.829153302531256,1.886102201687504,2.9367358115053914,6.25799305251516,0.1527546817403539
18,276.0,810.0,2.8296148366733243,1.8864098911155496,3.3973978028053944,7.282882300450151,0.15691493211839788
18,282.0,804.0,3.035686776085399,2.023791184056933,3.229965947514276,8.543706698276193,0.16076648826201717
18,288.0,798.0,2.949094842257213,1.9660632281714754,3.7581861568527084,7.280778259514881,0.16463997549618312
18,294.0,792.0,2.9517127418911846,1.967808494594123,3.2280909737008785,6.521105104368331,0.16825393564834773
18,300.0,786.0,2.9396605300687475,1.9597736867124984,2.871101168123467,7.108302738213595,0.17089580409452648
18,306.0,780.0,3.124078498804578,2.082718999203052,3.2529280925345634,7.436745968526025,0.1756028088171865
18,312.0,774.0,2.9591997116539663,1.972799807769311,3.360585481889814,7.328924203148063,0.17879753619731076
18,318.0,768.0,2.7599591836201802,1.83997278908012,3.1681303004606924,7.661134694361832,0.18236822078877932
18,324.0,762.0,2.8324962406348333,1.8883308270898889,3.1865201130580436,7.168785142462543,0.1847667367330911
18,330.0,756.0,3.006609902056587,2.0044066013710578,3.3111665416968292,7.696339933099516,0.18804479497730664
18,336.0,750.0,3.101839008392896,2.0678926722619306,3.057513732429255,7.17763652871417,0.19143425538424283
18,342.0,744.0,3.134383698536855,2.0895891323579034,3.390504372106113,8.039325109041458,0.19521768701091774
18,348.0,738.0,2.9584679404623886,1.972311960308259,3.1533681718326507,8.1233304656178,0.19809263579781525
18,354.0,732.0,3.023864377429406,2.0159095849529374,3.032165664931622,6.798048516935772,0.2042203949011152
18,360.0,726.0,3.064112958341461,2.0427419722276405,3.2178982763471655,6.6116420753700345,0.2081692996425682
18,366.0,720.0,3.0134938185789615,2.008995879052641,3.2768352359680417,7.535403803479592,0.2117443012607803
18,372.0,714.0,2.8216084024869104,1.8810722683246068,3.3661653026668708,6.707681663462284,0.21501629677982248
18,378.0,708.0,3.109163894449481,2.072775929632987,3.006952315334233,7.012484181389713,0.21861673101692902
18,384.0,702.0,2.936464305630785,1.9576428704205233,3.4381270570100955,6.997262221100578,0.22075516889327396
18,390.0,696.0,3.2547743069372754,2.1698495379581835,3.5766498800735986,7.680221523212867,0.22607635619898486
18,396.0,690.0,2.7630116232344544,1.8420077488229696,3.6556310717139264,7.046035363458495,0.22938572393507817
18,402.0,684.0,3.170576276685627,2.113717517790418,2.906059979350869,6.971783724344114,0.2332290970886277
18,408.0,678.0,2.904521341383303,1.9363475609222018,3.5163742187156903,6.677442954511445,0.2360883577231358
18,414.0,672.0,3.1699922425882776,2.1133281617255184,3.157368566917594,7.218202631410127,0.24025485131594196
18,420.0,666.0,3.0728838234751414,2.0485892156500944,3.340685694248523,7.212059480185946,0.24378317969490773
18,426.0,660.0,3.141740648293169,2.0944937655287794,3.339753508612158,6.43376710039586,0.24666412342141236
18,432.0,654.0,3.2203969766167067,2.146931317744471,3.221485215460749,8.222962456763925,0.2516596093064755
18,438.0,648.0,3.03401983536028,2.0226798902401866,3.3442595301858,7.341954565612758,0.25537535691080837
18,444.0,642.0,3.106685927056541,2.0711239513710273,3.3706005421849987,7.689569247145873,0.25914952963505467
18,450.0,636.0,3.23344178433464,2.1556278562230933,3.4458337050053247,7.832049354689267,0.26200569301531057
18,456.0,630.0,3.1164277508436555,2.077618500562437,3.059157920244646,7.124937819077225,0.26863956129983363
18,462.0,624.0,2.8586558788290497,1.9057705858860332,3.2885718232735224,7.076753157154769,0.27203449537923485
18,468.0,618.0,3.1793011688128012,2.1195341125418676,3.20102361763138,6.9367821494753255,0.27593053056023653
18,474.0,612.0,3.0857723305441036,2.057181553696069,3.1978088236226014,6.967202882932255,0.27839932076497903
18,480.0,606.0,3.028165679922084,2.018777119948056,3.163928274276792,6.015195868147764,0.28379848261174195
18,486.0,600.0,3.0029930793559436,2.001995386237296,3.0925940542608816,7.582218189380367,0.2872519272797994
18,492.0,594.0,3.000518396936285,2.0003455979575233,3.2941847787545853,6.925171065478349,0.29079958795920857
18,498.0,588.0,3.396817993634626,2.2645453290897506,3.4216758208602958,6.629473597986307,0.2955557424300037
18,504.0,582.0,3.166183850796772,2.1107892338645144,3.5695326216330243,7.022406188880576,0.2995054245184167
18,510.0,576.0,3.0992566598527946,2.0661711065685298,3.128789185776891,7.533748622393239,0.3028615657663219
18,516.0,570.0,3.3001507715145535,2.2001005143430357,2.9603761419704644,6.741792575652263,0.3060034411935235
18,522.0,564.0,2.88291621036661,1.9219441402444069,3.125877178949162,6.4655603049432795,0.3071957903607912
18,528.0,558.0,3.0772243448773215,2.051482896584881,2.8886235120226282,6.15151961750658,0.31043629957254854
18,534.0,552.0,3.083276264366225,2.0555175095774834,3.2097528493005574,6.463216816647919,0.31226014866141705
18,540.0,546.0,2.9686767607106024,1.9791178404737348,2.877312543902164,7.718970222448823,0.3159667946401083
18,546.0,540.0,3.161355408406233,2.1075702722708223,3.271974609306836,6.810166170316599,0.3192648064360167
18,552.0,534.0,3.3226828142108737,2.2151218761405826,3.0800360543937906,7.149080940379341,0.3234277381577272
18,558.0,528.0,3.000941287839223,2.000627525226149,2.901165912806376,7.336057037689386,0.32709112290344083
18,564.0,522.0,3.181933148600016,2.121288765733344,2.7661865312883123,7.561736043946175,0.33070637094644
18,570.0,516.0,3.315306309864178,2.2102042065761185,3.364644713917987,7.5960439446789,0.33432070379133416
18,576.0,510.0,3.1342596062861876,2.0895064041907916,3.1894527869827147,6.823098900682655,0.3387735443855275
18,582.0,504.0,3.0412885030698362,2.027525668713224,3.4467466532641406,7.185511967913955,0.3409518965458061
18,588.0,498.0,3.2336156432621186,2.1557437621747457,3.13357630795153,6.316524393139241,0.34637153993887154
18,594.0,492.0,3.2614718251210273,2.174314550080685,2.8123376226606025,6.860088480944522,0.35077679442399023
18,600.0,486.0,3.115345675542798,2.076897117028532,3.1373708101797178,6.967352952442336,0.3549546775497763
18,606.0,480.0,3.1570377726748755,2.104691848449917,2.9177148176358636,5.701081778190114,0.3593034606333054
18,612.0,474.0,3.3135449361640577,2.2090299574427052,2.7460547047050454,6.038697141138104,0.3643636281265883
18,618.0,468.0,3.246781685848608,2.164521123899072,2.525645495263337,6.297589707806924,0.3690584566649055
18,624.0,462.0,3.214454773317808,2.1429698488785385,3.2434937459105377,6.424165052251988,0.37528696379018217
18,630.0,456.0,3.3339627186422196,2.2226418124281464,3.0044121389330027,6.797542016479971,0.37883768642212057
18,636.0,450.0,3.2260609686268134,2.1507073124178757,2.848255774767408,6.084346609192159,0.38249814449352076
18,642.0,444.0,3.313876818319201,2.2092512122128007,2.786557541980106,6.133382869239331,0.3891590188253137
18,648.0,438.0,3.2784132742692296,2.18560884951282,3.158752787800855,6.478153632145765,0.3920874002011779
18,654.0,432.0,3.2802792001714107,2.186852800114274,2.6399705583390873,7.000219388104636,0.395982820484145
18,660.0,426.0,3.432891398413274,2.2885942656088494,2.4632801657975607,6.094142512355059,0.40161078599662314
18,666.0,420.0,3.215393655367131,2.143595770244754,2.8899118280330724,6.607476642998258,0.40708245763830947
18,672.0,414.0,3.5279291009855727,2.3519527339903816,2.9683217746120047,7.436320065655599,0.4114641323653385
18,678.0,408.0,3.258355599082559,2.172237066055039,2.448848053658131,6.590611868852821,0.41602189191140987
18,684.0,402.0,3.487923880067982,2.325282586711988,2.6567129521773776,5.578618511317006,0.4221276217184126
18,690.0,396.0,3.2029041839615293,2.135269455974353,2.736388501277851,5.732944778157019,0.4272081568305472
18,696.0,390.0,3.5050258839760966,2.336683922650731,2.5426877047274368,5.285266493944669,0.4345598781344711
18,702.0,384.0,3.436537685248317,2.291025123498878,2.7459646710660377,6.119939981961258,0.4372037957155244
18,708.0,378.0,3.326448216171508,2.2176321441143387,2.8626080769042415,6.481405524091272,0.445065398759623
18,714.0,372.0,3.5666089021373617,2.3777392680915743,2.6398649930544997,6.354958910750021,0.44882529366677976
18,720.0,366.0,3.12574445324599,2.083829635497327,2.7441501041061733,5.763042503966053,0.4530200164732465
18,726.0,360.0,3.548731273586471,2.365820849057647,2.8358799850107292,6.053622293161242,0.45578515763911004
18,732.0,354.0,3.353963266433794,2.2359755109558628,2.677402678728654,5.996975695963256,0.4588702309494739
18,738.0,348.0,3.3756981010716163,2.2504654007144107,2.756043963379204,5.487490156555733,0.4626872905108373
18,744.0,342.0,3.749861683981343,2.499907789320895,2.4680599874035,5.942870790080564,0.46960021828372256
18,750.0,336.0,3.4949699528404374,2.3299799685602918,2.7142232790611716,4.717368581070834,0.4755350396092603
18,756.0,330.0,3.3644394322296454,2.2429596214864302,2.909170507757261,5.472607193183878,0.4794405005377434
18,762.0,324.0,3.490270969463823,2.326847312975882,2.6297937250479047,5.646144787273313,0.4834331388237889
18,768.0,318.0,3.800895001313087,2.5339300008753916,2.5007054108317286,6.424088650993071,0.4887668700846912
18,774.0,312.0,3.6775391595956024,2.451692773063735,2.111625562620779,6.482442722476487,0.49518798577285955
18,780.0,306.0,3.659813818846112,2.4398758792307413,2.329581407330738,5.097781877098137,0.4986092514888561
18,786.0,300.0,3.505210095977226,2.336806730651484,2.382026468264293,5.981255313205304,0.5028369936158161
18,792.0,294.0,3.5672502839627045,2.3781668559751363,2.337649120359723,5.607209133922513,0.5080970504493815
18,798.0,288.0,3.481717016084022,2.321144677389348,2.542834212985849,5.739273743229356,0.5138698454403116
18,804.0,282.0,3.679578465636293,2.4530523104241952,2.3076187493756417,5.804907327251778,0.518704735352492
18,810.0,276.0,3.5785853279285793,2.385723551952386,2.3512483345405077,4.594049120517741,0.5241956975878185
18,816.0,270.0,3.6599453612044823,2.4399635741363217,2.8055872309953616,4.813583598855362,0.5299756546530593
18,822.0,264.0,3.5715796724109565,2.3810531149406375,2.425586129731962,5.042553893860548,0.5341182486081194
18,828.0,258.0,3.6539088977291296,2.435939265152753,2.2076587512589745,4.924124851458461,0.5398121455064105
18,834.0,252.0,3.7283201946147853,2.485546796409857,2.447338879036603,4.790591461380715,0.54785998446926
18,840.0,246.0,3.685281716271287,2.456854477514191,2.481979265012459,5.092005842874457,0.5528456385713145
18,846.0,240.0,3.668121573856604,2.4454143825710695,2.2458488730978208,5.622027741688038,0.5572101511819062
18,852.0,234.0,3.793871651990279,2.5292477679935192,2.4937192688839103,4.854974663075976,0.5636795750488895
18,858.0,228.0,3.650487731227119,2.433658487484746,2.1993555137377423,4.738885786944988,0.5660493819353073
18,864.0,222.0,3.6160865257230146,2.4107243504820097,2.269956525253216,5.467233728608999,0.5738135044372756
18,870.0,216.0,3.913377389099518,2.6089182593996787,2.2516628568057655,5.169559177360694,0.5810705647806749
18,876.0,210.0,4.04277064906353,2.69518043270902,2.425291336938072,5.301042277320251,0.5867256088852469
18,882.0,204.0,3.7107364134447667,2.4738242756298443,2.619505502624425,4.788389200851725,0.591004940527356
18,888.0,198.0,3.9095135458506167,2.6063423639004113,2.352167844645612,4.81674809128928,0.5970492279895827
18,894.0,192.0,3.861479018822724,2.574319345881816,2.557648035037234,5.618245097148018,0.6037761720287627
18,900.0,186.0,3.7430797019387465,2.495386467959164,2.295422208615022,4.6323129674684775,0.6102714969740208
18,906.0,180.0,3.6555030933974297,2.4370020622649533,2.452612738716622,5.2661135730396404,0.6135210723993696
18,912.0,174.0,3.9203313189828837,2.613554212655256,1.998977108815185,4.147491439107935,0.6185683410549462
18,918.0,168.0,3.9116984656713236,2.6077989771142156,2.057102729568691,4.904737747211826,0.6247912934672328
18,924.0,162.0,3.811559421686724,2.5410396144578162,2.2542861303764035,5.053163548359439,0.6299747972093652
18,930.0,156.0,3.8171533531772446,2.544768902118163,1.913322162502208,3.486069938409162,0.633645376660288
18,936.0,150.0,3.922753896309588,2.615169264206392,2.2337509238500437,4.8856871494111695,0.640870044309408
18,942.0,144.0,3.7332174764384143,2.488811650958943,1.973640979642897,4.105098442046819,0.6485554576131529
18,948.0,138.0,3.8206600720507984,2.5471067147005324,2.1444260111809643,4.745687763781739,0.6532652189823859
18,954.0,132.0,3.94693362556104,2.63128908370736,1.918485342821033,5.004823472617316,0.6592948743336585
18,960.0,126.0,3.7217717483005406,2.4811811655336937,2.217581893867511,4.860056038321702,0.6632161162991896
18,966.0,120.0,3.8541702491075713,2.569446832738381,2.226263920851792,4.4643594477459105,0.6686218404345925
18,972.0,114.0,4.020777456342257,2.6805183042281713,2.0107595300843837,4.738622111760796,0.6732735826058008
18,978.0,108.0,3.967286493921925,2.6448576626146165,2.0755675402025413,4.817850938049517,0.6769759104208506
18,984.0,102.0,3.982626366338636,2.6550842442257574,2.179991535838324,4.266286730876755,0.6862398825020329
18,990.0,96.0,4.204281363620383,2.8028542424135883,1.7447700942214663,4.282835900096364,0.6935112538737864
18,996.0,90.0,4.090851524555616,2.727234349703744,2.3656260096782114,4.111439737667771,0.7013370343152381
18,1002.0,84.0,3.9670839981947306,2.6447226654631537,1.6856939098848607,4.563494053987429,0.7058936931276998
18,1008.0,78.0,4.164005595267604,2.7760037301784024,2.1512285594963103,4.403774668887824,0.7146886064351253
18,1014.0,72.0,4.078620789241916,2.7190805261612776,1.9005376637890654,3.573403331378039,0.7221324216684988
18,1020.0,66.0,3.8975593211610335,2.5983728807740225,2.3138356029242373,4.028767344900273,0.7275099344479163
18,1026.0,60.0,3.989671754947358,2.6597811699649054,2.400836776834139,4.003083294481193,0.7336553500320908
18,1032.0,54.0,4.14450834722096,2.763005564813973,2.1174695053939105,3.756226489243663,0.7395845425012381
18,1038.0,48.0,4.1553639035550685,2.7702426023700455,2.2779457605522775,3.868247204736076,0.7499996408699555
18,1044.0,42.0,4.056573259230965,2.7043821728206434,1.9405707115771313,4.015668658965773,0.7575252477500494
18,1050.0,36.0,4.231815944335717,2.821210629557145,1.9615504209096433,4.095038167611086,0.7640264385634358
18,1056.0,30.0,4.136231875139991,2.757487916759994,2.116469040819329,3.0,0.7686419375830698
18,1062.0,24.0,4.209550297697261,2.806366865131507,1.8675688094670024,4.184893374252024,0.7756726199667444
18,1068.0,18.0,4.278284727107978,2.852189818071985,1.7968231439554347,4.4035091376102695,0.7800637916293498
18,1074.0,12.0,4.227519687084618,2.818346458056412,2.0096144594981444,3.7887659900807114,0.7907898772914564
18,1080.0,6.0,4.293896531783783,2.8625976878558554,1.756143605538313,4.260631911860269,0.7971707320006478
18,1086.0,0.0,4.48473521490059,2.9898234766003937,1.938139853520178,3.6617600848606786,0.8032126709431172
19,0.0,810.0,2.8195704582120995,1.8797136388080664,1.7135655708544162,3.0,0.003839269262885862
19,6.0,804.0,2.901470314259317,1.9343135428395446,1.7357803546307773,4.255724096344477,0.009361292748140406
19,12.0,798.0,2.888281449143439,1.925520966095626,2.0109171249581674,3.260712402267545,0.014786096811624575
19,18.0,792.0,2.60431738014312,1.73621158676208,2.328771925892358,3.873843851296038,0.01826188629432327
19,24.0,786.0,2.9699095312374353,1.9799396874916235,2.061948163158452,4.436869038825841,0.023373738669792612
19,30.0,780.0,2.867278381701441,1.911518921134294,1.6580995227706992,4.33390918757556,0.02803992784140625
19,36.0,774.0,2.9251465674382415,1.9500977116254943,2.5078082946315843,4.287033131948205,0.035232895415022086
19,42.0,768.0,2.5229473826047064,1.681964921736471,2.532873979201595,5.790745231271869,0.03941715993332928
19,48.0,762.0,2.718609449882148,1.8124062999214319,2.5705578838625716,5.016783984433553,0.04280959493533563
19,54.0,756.0,2.7451443780952562,1.8300962520635042,2.3366996119162224,5.167998270725841,0.04647134198668673
19,60.0,750.0,2.5629600474692067,1.7086400316461379,2.2050880074115904,5.3599198412681615,0.04972423913696785
19,66.0,744.0,2.969920887662939,1.9799472584419593,2.3639551890714103,6.2593429318118385,0.05640763653923823
19,72.0,738.0,2.679034396412065,1.7860229309413767,2.553545746541596,5.124848028240775,0.05962614169483026
19,78.0,732.0,2.9224509923417394,1.9483006615611596,2.434157833101831,6.040043586038057,0.06529892254140753
19,84.0,726.0,2.866483242045595,1.9109888280303966,2.705547209925766,6.167479116644405,0.07054077447183851
19,90.0,720.0,2.77117125120514,1.8474475008034268,2.5929793137351567,6.660291105279725,0.07400570761258371
19,96.0,714.0,2.9872378772348016,1.9914919181565345,3.119303200358832,6.971197102275697,0.0786098035413512
19,102.0,708.0,3.100373549023718,2.066915699349145,3.1540026372957723,6.192271204151325,0.08361067899225355
19,108.0,702.0,2.8029603417846136,1.8686402278564092,2.8621549306590697,5.785589522332352,0.08924125229300958
19,114.0,696.0,2.9810700902018215,1.9873800601345477,3.07921842522932,5.671027512829891,0.0936528275942253
19,120.0,690.0,3.0440252779934953,2.029350185328997,3.1095623578929112,6.4111058270319825,0.09809485529001112
19,126.0,684.0,2.7248667116096854,1.8165778077397903,3.1575966147711743,6.6914673970525325,0.10249087534165618
19,132.0,678.0,2.679065047243131,1.7860433648287541,2.907653117959115,6.381011717144856,0.10425999782855136
19,138.0,672.0,2.8224745161069444,1.8816496774046296,2.8736147871941937,7.493202018180799,0.10883158233854406
19,144.0,666.0,2.6437767036273416,1.7625178024182278,2.986778707968387,6.751047508802497,0.11209927358355645
19,150.0,660.0,2.8461615166590484,1.8974410111060322,2.9761248078963614,7.165493524919537,0.11624437987445109
19,156.0,654.0,2.981819320675323,1.987879547116882,3.0206551484563633,6.570236550585814,0.12080617910688679
19,162.0,648.0,2.9018067892018653,1.9345378594679101,3.4359430972395595,6.811956783979751,0.12463334591568684
19,168.0,642.0,3.008281612811969,2.0055210752079793,3.2264200420452798,6.564389508213367,0.12764475440477188
19,174.0,636.0,2.810264168487526,1.8735094456583505,3.0175855126809012,7.327263902492344,0.13245638073239216
19,180.0,630.0,2.9078420825415656,1.9385613883610437,3.028252296996618,7.615295214771054,0.13628914375646067
19,186.0,624.0,2.91679308939323,1.9445287262621533,3.2474105820066113,7.156511933682165,0.1398645594951961
19,192.0,618.0,3.0217083622030723,2.014472241468715,3.3630883659358894,7.016305105656926,0.14475804436838366
19,198.0,612.0,2.974551452335004,1.9830343015566694,3.1074535236161838,7.359284539472971,0.15011595908183187
19,204.0,606.0,3.0751432030391563,2.050095468692771,3.0349342044960186,6.65287304699668,0.15524186708455695
19,210.0,600.0,2.908683806696918,1.9391225377979453,3.161254920537358,6.62836207511992,0.15996047607653652
19,216.0,594.0,2.884107514316786,1.9227383428778573,3.141425376781816,8.183703079959567,0.16617559201489218
19,222.0,588.0,2.9910001008967853,1.9940000672645235,3.4130684203045893,7.104489136772646,0.16925865403959664
19,228.0,582.0,2.803133978633798,1.8687559857558653,3.676676791978714,7.3798852603706395,0.1744505597474732
19,234.0,576.0,3.0577682547101084,2.0385121698067388,3.335378001983843,8.37063009228705,0.1787920142160306
19,240.0,570.0,3.2712980712762905,2.1808653808508605,3.1913754373222947,6.704858945228838,0.18416357343926196
19,246.0,564.0,2.9523267945293368,1.968217863019558,3.538332017837769,8.035126922987336,0.18807472629459393
19,252.0,558.0,2.890762120385171,1.9271747469234475,3.450075006533501,8.117417076895924,0.19471919108795163
19,258.0,552.0,3.007072548179983,2.004715032119989,3.7028291969667095,6.41807204562848,0.1968349082429002
19,264.0,546.0,2.8738833033453135,1.915922202230209,3.6270431220839368,8.239773545506926,0.20197102628892064
19,270.0,540.0,3.0084504128182252,2.0056336085454833,3.4956762765328975,6.871424241704988,0.20620879564537514
19,276.0,534.0,3.163395920118223,2.1089306134121486,3.2781961457334097,6.6592561238107395,0.21197536672856443
19,282.0,528.0,2.8478917059703917,1.8985944706469278,3.3007333335086773,6.750152323106941,0.21546792738135728
19,288.0,522.0,3.3712078644917884,2.247471909661192,3.369366159478637,7.545735669796623,0.222380185413337
19,294.0,516.0,2.7581223166509456,1.8387482111006304,3.151221868812009,6.943057998720108,0.22542357186935638
19,300.0,510.0,2.8114016620832083,1.8742677747221388,3.8191051927096105,7.190915693360816,0.22845468834134267
19,306.0,504.0,3.049524797256511,2.0330165315043405,3.463461772838247,8.1047551783697,0.23184819155989098
19,312.0,498.0,3.2179283499109976,2.1452855666073316,3.2376062299908517,6.938992497394511,0.235791708781789
19,318.0,492.0,3.0655858577974096,2.043723905198273,3.1490712585393252,6.884144573067202,0.24041898809746742
19,324.0,486.0,3.0136921024135424,2.009128068275695,3.3006448156835386,7.18567316016894,0.24443764852844174
19,330.0,480.0,3.2740736322682924,2.1827157548455283,3.209438471243912,7.435582843956716,0.250931711106479
19,336.0,474.0,3.3690738379957623,2.246049225330508,3.3704745364790223,6.568099121046535,0.25927761953921363
19,342.0,468.0,2.999123550255771,1.9994157001705142,3.18561929785206,6.196600571484598,0.2648968136949508
19,348.0,462.0,2.856138580640099,1.9040923870933995,3.5531273305604767,7.265028862929412,0.270844779552823
19,354.0,456.0,3.0377749557070017,2.025183303804668,3.143204483206018,7.494941193758377,0.2759303673985609
19,360.0,450.0,2.910350965227732,1.9402339768184882,3.178303699118782,7.05885118241563,0.28184436249217304
19,366.0,444.0,3.0531656961229015,2.0354437974152675,3.391718734115438,7.859297869110584,0.2863665063520671
19,372.0,438.0,2.8315731755847033,1.8877154503898022,3.667595504378234,7.252094938942498,0.29028311428992937
19,378.0,432.0,2.9867365892080375,1.9911577261386917,3.1955034027402434,7.086509196665049,0.29392068217649675
19,384.0,426.0,3.0503827170957334,2.0335884780638223,3.090102783133258,7.42943772408128,0.29963880228080186
19,390.0,420.0,3.0733175797686565,2.048878386512438,2.817824186209133,6.80435903057174,0.3049571199271226
19,396.0,414.0,3.101987758071515,2.0679918387143434,3.1211148234011112,7.198822558158641,0.3069264287212418
19,402.0,408.0,3.2822847590093702,2.18818983933958,2.9395712773805998,6.719058443231178,0.3107634073722388
19,408.0,402.0,3.150780497928543,2.100520331952362,3.4326215620339533,6.5251872544618355,0.3168834404979867
19,414.0,396.0,3.1256359176166093,2.0837572784110727,2.952530281035501,6.656920875496178,0.321966375144741
19,420.0,390.0,3.2269814612096974,2.1513209741397983,2.921592266035109,7.581655394103337,0.32750118792488014
19,426.0,384.0,3.310163691907082,2.2067757946047215,3.121667925875965,7.119026693444987,0.3328810870136398
19,432.0,378.0,3.404929755650346,2.269953170433564,3.13952201816947,7.396822729312576,0.3373738580535758
19,438.0,372.0,3.08621439676823,2.0574762645121534,2.6971098318445503,6.818775651962772,0.3406773110055611
19,444.0,366.0,3.13497335339174,2.0899822355944933,2.805234427829994,6.2092174780756775,0.3446729790669102
19,450.0,360.0,3.1767685913477877,2.1178457275651916,3.290332363527712,6.6350883067113156,0.34948511980406144
19,456.0,354.0,3.32076139929623,2.2138409328641533,3.056620984874644,6.883144344613484,0.3551467315284895
19,462.0,348.0,3.3028772687712196,2.201918179180813,3.190743709571011,6.136234057755202,0.36118702645315326
19,468.0,342.0,2.9370806893669297,1.9580537929112865,3.1477635455121633,7.591066812524726,0.3654281267823764
19,474.0,336.0,3.3103828149716197,2.2069218766477463,3.0602602795408584,6.274515423738086,0.36972197663222095
19,480.0,330.0,3.341872609721355,2.22791507314757,2.932121413509337,6.66486565924356,0.3723091975946777
19,486.0,324.0,3.33753071912703,2.22502047941802,2.783322239377301,6.410580673348475,0.3770230257458544
19,492.0,318.0,3.353658161232929,2.235772107488619,2.783361968339097,5.753311470171754,0.3842503211842667
19,498.0,312.0,3.2402966210874617,2.160197747391641,3.0061254573540706,5.680011108105152,0.39057592638443145
19,504.0,306.0,3.3667585828041315,2.244505721869421,2.8899102291477816,6.458531777861154,0.397004734935578
19,510.0,300.0,3.3677441981278697,2.245162798751913,2.8755216888650312,6.231330143027054,0.40610252622624454
19,516.0,294.0,3.410013518679941,2.2733423457866273,2.6912485546130047,5.915978941662537,0.41440689327164615
19,522.0,288.0,3.486123428930464,2.3240822859536427,2.9598115373735356,5.849084951594274,0.41978049010397533
19,528.0,282.0,3.564545510717973,2.376363673811982,2.8969687338071752,6.275641616618818,0.42372918485575034
19,534.0,276.0,3.2831956871132095,2.18879712474214,2.7006124870096984,6.284421832534355,0.42819806768820834
19,540.0,270.0,3.3197776383780413,2.2131850922520275,2.7688784755462734,6.514154477515635,0.43278625256185344
19,546.0,264.0,3.407322537707483,2.2715483584716556,2.7614393896259735,7.031173420223419,0.4389383692240302
19,552.0,258.0,3.3923932464212423,2.2615954976141617,2.8646274787552324,5.963621958157132,0.44378703387370794
19,558.0,252.0,3.651769680766073,2.4345131205107156,2.623926147150957,6.367969645433347,0.45105130559228457
19,564.0,246.0,3.659013683248335,2.43934245549889,2.6864239817261524,5.781131935525058,0.45987860360317395
19,570.0,240.0,3.3684256934118197,2.245617128941213,2.523228013107195,5.521485101978792,0.46683228567165913
19,576.0,234.0,3.3187557028182604,2.21250380187884,2.731414296775222,5.518386167089185,0.47539959583354335
19,582.0,228.0,3.5778870880009515,2.385258058667301,2.3216225384458173,5.9103992838868935,0.48419578457289264
19,588.0,222.0,3.4531864198987634,2.302124279932509,2.3083964765209903,5.456042977748826,0.48961920763805955
19,594.0,216.0,3.573170222192831,2.382113481461887,2.7424705175797763,4.999502777664625,0.49770245230579435
19,600.0,210.0,3.548216890232989,2.3654779268219928,2.6919358684951384,5.779701184907064,0.5038327230489481
19,606.0,204.0,3.6256136421151743,2.4170757614101164,2.2122475546604514,5.34684049705575,0.5100127626527906
19,612.0,198.0,3.8810879903616016,2.587391993574401,2.392123845882913,4.97194017614994,0.5168575229767572
19,618.0,192.0,3.64012545093187,2.4267503006212467,2.2702567466964987,5.947979382941157,0.5276122941379429
19,624.0,186.0,3.855437700677528,2.570291800451685,2.399356855999441,5.177881700978134,0.5339927521666947
19,630.0,180.0,3.7449355180836004,2.4966236787224,2.713668813322458,5.116457408523134,0.541532376572024
19,636.0,174.0,3.5918325293512243,2.3945550195674827,2.003720874518972,6.250328543346509,0.5493485279681826
19,642.0,168.0,3.6948596886718827,2.4632397924479217,2.069261191240424,5.171105433189106,0.5571993536309622
19,648.0,162.0,3.6110936001128486,2.4073957334085656,2.4493537176660958,5.91927349810487,0.5628282863879963
19,654.0,156.0,3.678460149828374,2.4523067665522493,2.1882335098751886,4.821126327397465,0.571879894200791
19,660.0,150.0,3.749780734975003,2.4998538233166685,2.052142324862275,4.563483370471213,0.5809166637928699
19,666.0,144.0,3.6450648544047097,2.4300432362698063,2.468188000321411,4.917780954092333,0.5881785007673416
19,672.0,138.0,3.7204992030156125,2.4803328020104085,2.2696569777817617,5.638144811226809,0.5956309891962728
19,678.0,132.0,3.831648415148849,2.5544322767658993,2.443388822809229,5.055363734531924,0.6050744805367297
19,684.0,126.0,3.918807399744228,2.612538266496152,2.2766755737891424,4.690949678838753,0.6169047218789993
19,690.0,120.0,3.7272772643143623,2.4848515095429082,2.270798918110961,4.72822945433088,0.6182337776241237
19,696.0,114.0,3.924859634236601,2.6165730894910673,1.9604218228446904,4.087708754422563,0.6281197548169405
19,702.0,108.0,3.867427251905711,2.5782848346038074,2.1117866129021876,4.2473099897829,0.6346329395926302
19,708.0,102.0,4.0388951048220525,2.692596736548035,2.0360921471889113,4.688293987643953,0.6493021361230259
19,714.0,96.0,3.934695035620775,2.623130023747183,2.500369699061113,3.0,0.6554068447353307
19,720.0,90.0,3.80542475615739,2.53694983743826,2.0523487160844445,4.939961408499622,0.6647041777153595
19,726.0,84.0,4.035455456742832,2.6903036378285545,1.989931866386451,4.423121855990574,0.6755805628539513
19,732.0,78.0,3.903718954505201,2.6024793030034674,1.5032675710372128,3.3902286455844846,0.6847249051658344
19,738.0,72.0,4.191503635755499,2.7943357571703324,2.135944747975617,3.7165496741390247,0.6964878734656066
19,744.0,66.0,4.083196594547657,2.7221310630317714,2.303666922010106,4.271390181249221,0.7066379365571503
19,750.0,60.0,4.0892363339738536,2.726157555982569,1.7785966576944925,3.820530374952842,0.715621682480834
19,756.0,54.0,4.183918850360398,2.7892792335735987,1.7344417889010577,4.348728527540384,0.7283416606278407
19,762.0,48.0,4.217354958531081,2.811569972354054,1.9600362337803983,4.737910750609059,0.7392610456018617
19,768.0,42.0,4.148366766927255,2.76557784461817,1.9891727037705116,3.556765304158749,0.7449884311898723
19,774.0,36.0,4.106415611054107,2.7376104073694045,1.9682836468101894,3.803928265439722,0.7538446996363025
19,780.0,30.0,4.029441241476852,2.686294160984568,1.8945254695325402,4.285089622681726,0.7615888484510669
19,786.0,24.0,4.17302147254478,2.782014315029853,1.8183079103099422,4.208064349332065,0.7718820318323059
19,792.0,18.0,4.172602237039725,2.78173482469315,1.3250840398592034,4.201591974063548,0.7789798719503824
19,798.0,12.0,4.21951530066153,2.81301020044102,1.8312484890639031,3.0,0.7870547111454113
19,804.0,6.0,4.294904894876296,2.8632699299175304,1.7333367210050457,4.065928305030487,0.7968771012742855
19,810.0,0.0,4.255665504678767,2.837110336452511,1.84810889543069,3.536751851178787,0.8018686406563642
20,0.0,1332.0,2.73950967507019,1.8263397833801267,1.4176086926453584,3.0,0.0020887507877806405
20,6.0,1326.0,2.918760898238649,1.945840598825766,1.5405078307698024,3.8664909491707817,0.005906604557363477
20,12.0,1320.0,2.8151744397171425,1.8767829598114283,1.7313780246045105,4.403068747087778,0.010232240239913286
20,18.0,1314.0,2.9818699522620915,1.987913301508061,1.916898457994607,4.624818057943807,0.013700802186037461
20,24.0,1308.0,2.825539759139326,1.8836931727595507,1.5276431177457495,3.7190313010815723,0.015650941612728612
20,30.0,1302.0,2.804285335304461,1.8695235568696404,1.902273427009213,3.9628030101515668,0.017175195820122793
20,36.0,1296.0,2.778637446095333,1.8524249640635553,2.0660228267152725,3.6269093885188757,0.020279986977778615
20,42.0,1290.0,2.9622221308263184,1.9748147538842122,2.344344147745348,5.171765195403009,0.023602750360969996
20,48.0,1284.0,2.788629525218842,1.8590863501458947,1.885221504089049,4.596931539823771,0.02576444949774283
20,54.0,1278.0,2.6622347632625907,1.7748231755083939,1.8449124097785505,4.41011961024017,0.027942687012602385
20,60.0,1272.0,2.707945919853799,1.8052972799025326,1.9587426527701568,4.4027467851446,0.03077292178560546
20,66.0,1266.0,2.638744627589332,1.7591630850595548,1.883722963566714,4.8294468557520425,0.032618788632404104
20,72.0,1260.0,2.768973338920596,1.845982225947064,2.1936228623090983,4.35999257589066,0.03500227052128458
20,78.0,1254.0,2.697432206752782,1.798288137835188,2.4150866030507694,5.260380796604295,0.03647552127397188
20,84.0,1248.0,2.8609057034961194,1.907270468997413,2.175153714949635,4.890704096089538,0.039961702938919014
20,90.0,1242.0,2.9250798663655693,1.9500532442437128,2.2667824538907486,6.105552769367888,0.04350346110812181
20,96.0,1236.0,2.6251733735616507,1.7501155823744339,2.5875167994748303,5.106994777603201,0.04519153463997761
20,102.0,1230.0,2.834952495300241,1.8899683302001609,2.298319019332449,5.205847008238039,0.04902094232329396
20,108.0,1224.0,3.1056247935661694,2.0704165290441128,2.5038515566142427,5.372889113929483,0.05306239814376861
20,114.0,1218.0,2.7226175051136523,1.8150783367424348,2.7203960081491596,6.329882558703617,0.054173135558391525
20,120.0,1212.0,2.818024527037921,1.8786830180252807,1.9765321067469477,6.594110599267308,0.057066822853224085
20,126.0,1206.0,2.906385136088221,1.9375900907254806,2.5040604109436835,5.882928080704672,0.059713113317730375
20,132.0,1200.0,2.892209223897073,1.9281394825980487,2.6741336019446855,5.6690395378937515,0.06241452839121417
20,138.0,1194.0,2.704324162332781,1.8028827748885208,2.378694795823005,5.891400388188277,0.06554393632739597
20,144.0,1188.0,2.800244482817524,1.8668296552116825,2.798948709230082,6.0499927483718725,0.06798274341646975
20,150.0,1182.0,2.7743533946260914,1.8495689297507276,2.672405503141461,6.049207365671059,0.07065539003959156
20,156.0,1176.0,2.854070136036084,1.902713424024056,2.8571168141487533,5.631308139828376,0.07316030559357195
20,162.0,1170.0,2.7708942627508044,1.8472628418338697,2.865444145206729,6.342383147458805,0.0748189405601058
20,168.0,1164.0,2.941716878212219,1.9611445854748126,2.815879538529187,7.334658592689186,0.07753399311261576
20,174.0,1158.0,2.843143342533932,1.8954288950226212,2.7856229178263257,6.663303157610648,0.08090991359639514
20,180.0,1152.0,3.0017176372426575,2.001145091495105,2.7912623005834494,6.114762288680826,0.08448690944847517
20,186.0,1146.0,2.690403191574029,1.7936021277160192,2.744099788225366,5.835913446841081,0.08664851748280925
20,192.0,1140.0,2.832554856243407,1.8883699041622712,3.2874044774759357,5.4876572958131025,0.08887234578501277
20,198.0,1134.0,2.6432409359973192,1.7621606239982128,2.94824042235799,6.83900147256709,0.09113610187187787
20,204.0,1128.0,2.944598027899147,1.9630653519327648,3.1343182829205327,6.7690050859316635,0.09484239959260106
20,210.0,1122.0,3.153464580670799,2.102309720447199,3.009747025139456,7.156780569273385,0.09814515599438348
20,216.0,1116.0,2.9762232130247246,1.9841488086831498,3.0036998698952235,7.1360900922302735,0.10007050836238558
20,222.0,1110.0,2.833541542064752,1.8890276947098348,3.017938654685754,6.375092627976094,0.1040823152055449
20,228.0,1104.0,2.8051346817861407,1.8700897878574272,2.626357269027393,5.615404017414328,0.10603671293659693
20,234.0,1098.0,2.7205051007745285,1.813670067183019,3.006539487771947,6.572721904222365,0.10843058043357998
20,240.0,1092.0,3.1991346666466596,2.1327564444311062,2.8382702527615935,6.710868646914678,0.11185590273006264
20,246.0,1086.0,2.7828676801218255,1.855245120081217,3.4439726938617365,6.827934239013146,0.11375033072351268
20,252.0,1080.0,2.8468038723185387,1.8978692482123591,3.2357582278080557,6.867563991371973,0.11609366992005594
20,258.0,1074.0,2.738803825896695,1.8258692172644633,3.2499784975790784,7.1068162873395675,0.1184429110635981
20,264.0,1068.0,2.868669841760678,1.9124465611737855,3.2269878298596524,6.797657358918289,0.12122695108046583
20,270.0,1062.0,2.7907929820815793,1.8605286547210529,3.1738110313250774,6.760229580092565,0.12442033233807379
20,276.0,1056.0,3.0388525211433564,2.0259016807622374,2.9288395640816103,6.694097442450534,0.1283011808866284
20,282.0,1050.0,2.9027515674333686,1.9351677116222457,3.3165369283592945,7.7986799299542575,0.13278547952076936
20,288.0,1044.0,2.6238002525128055,1.7492001683418703,3.271953835770971,7.317061534964086,0.13506608233287995
20,294.0,1038.0,2.857857036335497,1.9052380242236646,3.2405421376110137,7.2359175679729235,0.13722593347371762
20,300.0,1032.0,2.8694318741871263,1.9129545827914176,3.3309488943651036,7.102969774319216,0.13946893544831485
20,306.0,1026.0,2.8653319541458826,1.9102213027639217,3.445526522437074,7.495281042775528,0.14286164833526235
20,312.0,1020.0,2.850129577998543,1.9000863853323622,3.0628796565814262,7.307332838199036,0.14635446856951978
20,318.0,1014.0,2.804161985125288,1.8694413234168588,3.3635820700137646,7.723883690978799,0.14907179976996515
20,324.0,1008.0,2.6373041439084726,1.7582027626056485,3.0216643876707265,7.0762902310445615,0.1521892717884149
20,330.0,1002.0,3.0627993582857,2.0418662388571334,3.0659606414448004,7.4968482433834795,0.1562197741507783
20,336.0,996.0,2.8321964580071595,1.888130972004773,3.5049767382605452,7.205480581642096,0.15972539805796598
20,342.0,990.0,3.037149872510946,2.024766581673964,3.6369851741100767,7.626295857123402,0.16257443723615075
20,348.0,984.0,3.0144301598112784,2.009620106540852,3.240321690353588,7.974411012038212,0.16413018280897074
20,354.0,978.0,2.9032119106088623,1.9354746070725748,3.2839183503142464,7.70891503156491,0.16711921014691541
20,360.0,972.0,3.076278387108463,2.0508522580723088,3.4833949785798843,7.2908080786894125,0.170173011435745
20,366.0,966.0,2.9317482048883194,1.9544988032588797,3.552727598856198,7.589615275662444,0.1717247258096067
20,372.0,960.0,2.9224516784970067,1.9483011189980044,3.1386006287459756,6.923052388545458,0.17495856849877583
20,378.0,954.0,3.101058595615622,2.067372397077081,3.097941974369501,7.777235909641243,0.1798707667586297
20,384.0,948.0,2.833883763197755,1.8892558421318366,3.2613076256115825,7.422103139765816,0.18344992263619306
20,390.0,942.0,3.097932982862465,2.0652886552416434,2.9718712825980953,7.782399396697692,0.18750548580348306
20,396.0,936.0,2.7570396778948627,1.8380264519299085,3.402400540596148,7.35410053902192,0.1904144229468119
20,402.0,930.0,2.8381611070369543,1.892107404691303,3.403404817597096,7.656775395107914,0.19257982661146264
20,408.0,924.0,3.124943993107181,2.083295995404787,3.649062882599939,7.075551377188562,0.19706771656339223
20,414.0,918.0,2.9364524665664744,1.957634977710983,3.4814343247067017,8.944157546717486,0.20011140500954336
20,420.0,912.0,3.261628289733311,2.1744188598222074,3.414318994570662,7.3974503504415265,0.204550475404244
20,426.0,906.0,2.8114421388906,1.8742947592604,3.3647139448213976,7.607001996487045,0.20796376528458346
20,432.0,900.0,2.8108255996176634,1.8738837330784424,3.2258188573665283,6.737972206867658,0.20916485126392073
20,438.0,894.0,2.95206518207263,1.9680434547150867,3.4210367326089726,7.088736509572805,0.2117536304441207
20,444.0,888.0,2.9557596711642593,1.9705064474428395,3.549143444973588,7.258113510273589,0.21467817001953216
20,450.0,882.0,2.82427212503492,1.8828480833566132,4.010090039012295,7.068195508952966,0.21859569358153066
20,456.0,876.0,2.9148706392921957,1.9432470928614638,3.4356669427349904,7.346830176828911,0.2211452041167351
20,462.0,870.0,2.9831829502106433,1.9887886334737621,3.7881718105945774,7.530513359726259,0.22491500563217956
20,468.0,864.0,2.918538860035795,1.9456925733571966,3.422554155943973,7.229810061054971,0.2271568261827056
20,474.0,858.0,3.060177247414317,2.040118164942878,3.5631403762339904,7.191427432263509,0.23064765425004122
20,480.0,852.0,2.9979929599015653,1.9986619732677102,3.4921895390730455,6.9861536189061395,0.23405055922953177
20,486.0,846.0,3.096435620070505,2.064290413380337,3.088079309727985,7.088416727274184,0.23783534832631112
20,492.0,840.0,3.053809585856206,2.035873057237471,3.262779865574362,7.94853980923313,0.24096510603774318
20,498.0,834.0,3.0747051691614646,2.049803446107643,3.3732856674380765,7.11117778343541,0.2421298402402825
20,504.0,828.0,2.8875841994405063,1.9250561329603375,3.117601852229191,6.749306174586345,0.24411181297622123
20,510.0,822.0,3.103093132821833,2.0687287552145555,3.6263121316518774,6.663623962718256,0.2467086386992673
20,516.0,816.0,3.138343490974904,2.0922289939832694,3.329529492028444,7.053946325668932,0.25027005462921376
20,522.0,810.0,3.1669310040268837,2.1112873360179223,3.277619953431802,7.319162298685103,0.2547443019502583
20,528.0,804.0,3.0676453702980564,2.0450969135320376,3.3687950019296706,7.445007441141565,0.25716100795124175
20,534.0,798.0,3.0382389720561234,2.0254926480374156,3.0024893336041867,7.4130710977474,0.25921104359007213
20,540.0,792.0,2.8946507418289853,1.9297671612193235,2.8495745559098946,7.243258826058682,0.26276542777319095
20,546.0,786.0,3.038299082796432,2.025532721864288,3.2356205837880143,7.143074711834534,0.2644902142529869
20,552.0,780.0,3.1412055548082694,2.094137036538846,3.487954175530739,8.178994807039393,0.26861441332909575
20,558.0,774.0,2.9989242918796584,1.9992828612531055,3.655309085433974,6.482895021534267,0.27091185721363353
20,564.0,768.0,3.068157816911477,2.0454385446076513,3.548153271246708,7.80830269113794,0.2745377355459743
20,570.0,762.0,3.0984750578136033,2.0656500385424024,3.3551465965138845,6.969737307952599,0.27829985191360057
20,576.0,756.0,3.0888862679568536,2.0592575119712357,2.976286729972928,7.8329582258903026,0.28170889428484175
20,582.0,750.0,3.0536199335652423,2.0357466223768284,3.279459917300196,6.541097230728714,0.2851138669625256
20,588.0,744.0,3.0294367684389765,2.019624512292651,2.9503033387621733,7.215549460724611,0.2875967859858902
20,594.0,738.0,3.215157520692976,2.1434383471286504,3.273273660913602,5.824101612271828,0.2902074580983873
20,600.0,732.0,3.071356426341754,2.0475709508945026,3.187442522177697,7.150898950374024,0.29324230475103047
20,606.0,726.0,2.9112152445075115,1.9408101630050076,3.0766049980079497,7.590502874939419,0.29602257411746263
20,612.0,720.0,3.184111269803634,2.122740846535756,3.234932895988102,6.636792868455762,0.2983316907268656
20,618.0,714.0,3.2059284189538797,2.1372856126359197,3.0132487316060366,7.139572579642884,0.30182395537088247
20,624.0,708.0,2.912094425621589,1.9413962837477259,3.238472523042366,7.290380323265626,0.3056913926360971
20,630.0,702.0,3.059040989999266,2.039360659999511,3.139691620253667,6.821087040650302,0.3086113025772427
20,636.0,696.0,3.0371899669384015,2.024793311292268,3.175570468206349,7.120258059075299,0.3122358241675759
20,642.0,690.0,3.1642529628393326,2.109501975226222,3.3462546961481525,7.042411061850514,0.3153523463000463
20,648.0,684.0,3.254660307583908,2.169773538389272,3.4679330554524705,7.4319652864423045,0.31901529710242965
20,654.0,678.0,3.0470453434170306,2.0313635622780204,2.896052843608647,6.130014757504254,0.32239257151095935
20,660.0,672.0,3.2346613040781524,2.156440869385435,2.9294650924307963,5.813637561839024,0.3263462950771931
20,666.0,666.0,2.9518867740081216,1.9679245160054144,2.862939790894801,6.657375199251776,0.33001736149018046
20,672.0,660.0,3.0194231374069647,2.01294875827131,3.0442985930998034,5.451563847553343,0.333956438143407
20,678.0,654.0,3.165296758909639,2.1101978392730927,3.3889669040894197,6.972114768876746,0.33694705944837067
20,684.0,648.0,3.1532922052558914,2.1021948035039277,2.9664587761520846,6.2269662238255306,0.3394142638355042
20,690.0,642.0,3.227928049536671,2.1519520330244473,3.4069197754933764,6.424542254754928,0.3420801660398113
20,696.0,636.0,3.295610078667492,2.197073385778328,2.766776651187055,6.6469321576552245,0.3456555289794086
20,702.0,630.0,3.29712917770096,2.1980861184673066,3.057508950098766,6.238313695195122,0.3489914584957534
20,708.0,624.0,2.9576473768899754,1.9717649179266503,2.427425103595951,6.919909506475549,0.35179732096948846
20,714.0,618.0,3.289650402203635,2.1931002681357565,3.137975576340528,7.076319265476328,0.35513956465164376
20,720.0,612.0,3.2896460288619433,2.193097352574629,3.148059036234199,5.659746591092156,0.3590764454377709
20,726.0,606.0,3.3037695205560613,2.2025130137040407,2.8837344335464854,6.67788799498408,0.36230657988846793
20,732.0,600.0,3.322628685873052,2.2150857905820347,3.0523618963730748,7.151328428202505,0.3660958844233716
20,738.0,594.0,3.223834195356486,2.1492227969043243,2.719016503917434,6.455604015217982,0.3684352681203645
20,744.0,588.0,3.267931884216195,2.17862125614413,2.8477656499822928,6.969170170153201,0.3720773709036794
20,750.0,582.0,3.209957232944082,2.139971488629388,2.882478937231773,6.731720662451739,0.37525377976102714
20,756.0,576.0,3.3441197425456197,2.22941316169708,2.7741587080314973,5.5086242796795215,0.3777435575494621
20,762.0,570.0,3.2241450529874247,2.14943003532495,2.9063141077954504,5.679452874034545,0.3808307995193258
20,768.0,564.0,3.4276154660076457,2.2850769773384303,2.5759131755015536,5.573842033952143,0.3851634148478046
20,774.0,558.0,3.2141378503700677,2.1427585669133786,2.99248699033068,5.3634834051155265,0.38785001487701853
20,780.0,552.0,3.3505242750151356,2.2336828500100903,2.7858322367790898,5.92992552046045,0.3913899848325382
20,786.0,546.0,3.326832276620538,2.217888184413692,2.252838695325395,6.723086420520215,0.3958012110146243
20,792.0,540.0,3.457021557488468,2.3046810383256453,3.0411327794151575,6.131991443739749,0.40057038084473906
20,798.0,534.0,3.205887355657421,2.1372582371049473,3.0203190555897192,5.522416027619451,0.404327097586408
20,804.0,528.0,3.3755764841048226,2.2503843227365485,3.1227182473357327,5.9559962474677075,0.4086962817924214
20,810.0,522.0,3.4283249117096477,2.2855499411397653,2.7203854744819096,5.315875948080493,0.4129319705101901
20,816.0,516.0,3.2684390894175666,2.1789593929450444,2.5218615981133983,6.520255463620605,0.4150106269194224
20,822.0,510.0,3.3138945387976637,2.209263025865109,2.9468869187483677,5.428267591855643,0.41898629701591933
20,828.0,504.0,3.32214597773124,2.21476398515416,2.6676727524580737,4.96586295005065,0.4213735291755198
20,834.0,498.0,3.2407053373628987,2.160470224908599,2.6573734200448165,6.13012388178349,0.42483651422450924
20,840.0,492.0,3.4621982739626587,2.3081321826417724,3.0190523036572348,5.457406885749928,0.4302900655754124
20,846.0,486.0,3.315431699362321,2.2102877995748806,2.9147639946982906,6.876758669761562,0.43068530063757837
20,852.0,480.0,3.3622790017193265,2.241519334479551,2.6523792765623018,6.319534856388794,0.4348702720828059
20,858.0,474.0,3.3729055050997983,2.248603670066532,2.9456302973595068,6.588501727869079,0.43994841754683256
20,864.0,468.0,3.349518845734417,2.2330125638229448,2.574071024532783,5.210723206318563,0.4430683797396453
20,870.0,462.0,3.502652151045481,2.3351014340303204,2.734660669323978,6.185997963774356,0.4475360744348911
20,876.0,456.0,3.4933916515279426,2.328927767685295,2.5807903771628222,4.797482400753665,0.45094833735767653
20,882.0,450.0,3.4642455615050713,2.309497041003381,2.249228009059419,5.973545632964227,0.4543061744869551
20,888.0,444.0,3.5633854326020993,2.3755902884013995,2.7751839240191583,5.014662328409352,0.45662914721497583
20,894.0,438.0,3.672886585423549,2.4485910569490326,2.6520300464384654,4.749550836415101,0.4609688100562176
20,900.0,432.0,3.438923178542401,2.2926154523616007,2.943539293496851,5.229872712619384,0.46607108586138013
20,906.0,426.0,3.3781742424965144,2.252116161664343,2.5474772783175164,5.338760793456451,0.469223947248847
20,912.0,420.0,3.442092564463912,2.294728376309275,2.3963587463328997,5.188769597364317,0.47204966262934267
20,918.0,414.0,3.3814428682402227,2.254295245493482,2.4826752232464666,5.611168385195896,0.47542478340797645
20,924.0,408.0,3.477340183759553,2.318226789173035,2.403491323142617,5.750555140091708,0.47878745632941094
20,930.0,402.0,3.531516501406058,2.354344334270705,2.527834042403229,5.333421377120696,0.4820883684695426
20,936.0,396.0,3.4587304516885986,2.3058203011257326,2.9788912162956036,5.896345536012335,0.4856865775189755
20,942.0,390.0,3.5758019313495337,2.3838679542330223,2.9589427776884434,4.9541603214675245,0.49000529682436494
20,948.0,384.0,3.454679649501149,2.3031197663340994,2.4925885126042133,6.03424310213914,0.49403310118952687
20,954.0,378.0,3.4386328431943336,2.292421895462889,2.2634741903427464,5.708100113133258,0.4979800348605166
20,960.0,372.0,3.3137313171210296,2.20915421141402,1.9916997490294066,5.8946167517494885,0.5004792405754767
20,966.0,366.0,3.4887294439256284,2.3258196292837523,2.7080273187377504,5.272132054906347,0.5045542880901401
20,972.0,360.0,3.5999060415094237,2.3999373610062826,2.256508819543888,4.80263209386918,0.5088786370360747
20,978.0,354.0,3.51603247935608,2.3440216529040536,2.3511075973697126,5.850420315120918,0.511236369789497
20,984.0,348.0,3.4834270869006887,2.322284724600459,2.4814322066755747,5.917039564625466,0.5160815071815701
20,990.0,342.0,3.501946373344399,2.334630915562933,2.462000335507552,6.549571078986245,0.5193569309403399
20,996.0,336.0,3.567853593912755,2.3785690626085034,2.2747998572193926,5.4195640704720764,0.5244134764912131
20,1002.0,330.0,3.6808714047750457,2.4539142698500305,2.7151338776097993,5.2424668982675815,0.5300464321115094
20,1008.0,324.0,3.613037286810644,2.4086915245404295,2.712521448984766,4.205565152379546,0.5335675243808299
20,1014.0,318.0,3.67262659033028,2.4484177268868534,2.321375717201739,5.83034871744648,0.5381541778601078
20,1020.0,312.0,3.689044040570773,2.4593626937138486,2.5669236452037523,6.021698534480446,0.5442991656573387
20,1026.0,306.0,3.706517215011878,2.4710114766745854,2.1345712340821135,5.552101113552768,0.546853740419114
20,1032.0,300.0,3.675969074756573,2.4506460498377156,2.1443636096517547,5.141789039925296,0.551388885206829
20,1038.0,294.0,3.482879169266087,2.3219194461773913,2.388598355526905,5.723189312176729,0.5552228145598272
20,1044.0,288.0,3.662947268826923,2.4419648458846153,2.2817350302233192,5.145287338091282,0.559439325721354
20,1050.0,282.0,3.6398536162858455,2.426569077523897,2.4382811160493736,5.185039363880512,0.5638433910498809
20,1056.0,276.0,3.8552605965146545,2.5701737310097696,2.5234512480923077,5.240621544788878,0.5683755117810471
20,1062.0,270.0,3.6978087043642303,2.465205802909487,2.0598760287223192,4.350920779333024,0.5713531212364696
20,1068.0,264.0,3.87906432739369,2.586042884929127,2.5991949893767616,4.741018650275144,0.576332529117123
20,1074.0,258.0,3.685075037367422,2.4567166915782814,2.4133023162229037,4.845688712593666,0.5796781639242446
20,1080.0,252.0,4.011804336547522,2.674536224365015,2.0152977635742344,4.755126709442509,0.5852855579601033
20,1086.0,246.0,3.768401651148842,2.512267767432561,2.2628474681296002,4.609487678080268,0.5896958078721073
20,1092.0,240.0,3.9325184204060184,2.6216789469373456,2.3303078087101308,4.314569503597952,0.592958951466649
20,1098.0,234.0,4.021242065980967,2.6808280439873116,2.226134747457634,4.864089174323379,0.5984465090575272
20,1104.0,228.0,4.006139288871271,2.6707595259141805,2.0495451877793682,4.851946077991531,0.603734885214984
20,1110.0,222.0,3.8300301215829666,2.5533534143886443,2.165908269379331,4.066059932120226,0.6099867527846525
20,1116.0,216.0,3.871476501574917,2.580984334383278,2.138659697670019,4.6054503710029735,0.6135212475933045
20,1122.0,210.0,3.7821428143509825,2.521428542900655,1.920378575466743,5.282560978832741,0.6194684728649051
20,1128.0,204.0,3.856779039958881,2.571186026639254,1.8841241844785217,4.3266205982079935,0.6239550843345689
20,1134.0,198.0,4.008860228255109,2.6725734855034062,1.9644329865223384,5.5085458944814345,0.6325111539714251
20,1140.0,192.0,3.938662814696884,2.6257752097979226,2.526128506661638,5.161914188277556,0.6382298520508628
20,1146.0,186.0,3.8310928680938225,2.5540619120625485,1.4536941609646803,4.443011606336111,0.6430375148070233
20,1152.0,180.0,3.9224538177845596,2.614969211856373,1.7791404126112251,3.8277674749869557,0.6487770119927585
20,1158.0,174.0,3.9373041743936192,2.6248694495957463,2.1151034495606553,5.171794833359111,0.6547935672551197
20,1164.0,168.0,3.995869233193934,2.6639128221292894,2.0640398333561683,4.833919190890598,0.658617139402675
20,1170.0,162.0,4.032909599926563,2.6886063999510417,1.7071832773071327,4.420985510514238,0.6628581709812478
20,1176.0,156.0,3.7956026066459057,2.530401737763937,2.2357125359092045,4.33755327960483,0.6677453222856764
20,1182.0,150.0,3.8970087729112985,2.5980058486075324,2.1648707954239,3.8496879971504825,0.6738145379783615
20,1188.0,144.0,3.9772568762715794,2.651504584181053,2.0491665907814425,3.5807861112449952,0.6801471946050623
20,1194.0,138.0,3.9301816353282226,2.6201210902188152,2.0993638193349087,4.336754374945889,0.6852375629486793
20,1200.0,132.0,3.993572537291122,2.6623816915274148,2.1838696807231837,3.982478781459308,0.6911971355717033
20,1206.0,126.0,4.065708803803136,2.710472535868757,1.9314959939153542,4.154152853898505,0.6959536049374523
20,1212.0,120.0,3.8522033752038647,2.568135583469243,2.3292645893090578,4.257339546731521,0.700542529444888
20,1218.0,114.0,3.9819569681346274,2.6546379787564183,2.1281337139370224,5.168002732998904,0.7062593430179883
20,1224.0,108.0,3.9885565043011204,2.6590376695340803,1.9019878494713627,4.064262236194749,0.7125487747288601
20,1230.0,102.0,4.085646341083102,2.7237642273887346,1.6977710500808145,4.542135908012447,0.7197220283806625
20,1236.0,96.0,4.216067172348338,2.8107114482322255,1.6213048456929506,3.873703456432678,0.724592022772354
20,1242.0,90.0,4.059426627362016,2.706284418241344,2.067031289392693,4.003195860823719,0.7307148977231237
20,1248.0,84.0,4.061394580371392,2.707596386914261,2.1253297001847873,4.554779590623106,0.7335920751409694
20,1254.0,78.0,4.022501820123051,2.6816678800820344,1.7994526427974789,4.167575374491497,0.7403952285615593
20,1260.0,72.0,4.27739515248281,2.851596768321873,1.7660652633881215,4.655250186975961,0.7471181448553241
20,1266.0,66.0,4.016003222959161,2.677335481972774,1.8513329940158865,4.800676871071497,0.7514794554055009
20,1272.0,60.0,4.249531724315112,2.833021149543408,1.3863342243706962,4.094135275851345,0.7540668597022927
20,1278.0,54.0,4.29384201160847,2.8625613410723134,2.247475429985381,3.372252926744213,0.7590143387366517
20,1284.0,48.0,4.281321060149422,2.8542140400996145,1.716535243397682,3.464213483714534,0.7620651285910115
20,1290.0,42.0,4.1892983803960755,2.792865586930717,1.8094604166198596,3.6531111684290027,0.7690401007772828
20,1296.0,36.0,4.112992248154814,2.7419948321032095,1.6837949492865985,3.7801145724112786,0.7716772377112187
20,1302.0,30.0,4.174475440988146,2.7829836273254305,2.2084567539483846,4.6911405017964976,0.777916040601373
20,1308.0,24.0,4.4441552665601955,2.962770177706797,2.0668921874311383,4.192029508732116,0.7833578429305565
20,1314.0,18.0,4.090930474549007,2.7272869830326716,2.0134881428282587,4.038297996921194,0.789076799583733
20,1320.0,12.0,4.274803788320573,2.849869192213715,1.6930598707539142,3.3542328418919856,0.7935156016773446
20,1326.0,6.0,4.354739599913758,2.9031597332758388,1.721755302994562,4.38999654902759,0.7973280289987678
20,1332.0,0.0,4.2159643448646795,2.810642896576453,1.7885304208630375,4.166959972234069,0.8036116084156277
21,0.0,798.0,2.658801457297266,1.7725343048648439,1.5595555527069644,3.002105007601755,0.0038251336411768873
21,6.0,792.0,2.7873039801044492,1.858202653402966,1.4477340769898506,3.304444996732171,0.00878911048217756
21,12.0,786.0,2.7217305885159395,1.8144870590106263,1.598977178347495,4.245153846100508,0.012871167602681225
21,18.0,780.0,2.763658628378995,1.8424390855859967,2.044706263555249,3.1630427240210612,0.017224126695145472
21,24.0,774.0,2.8474689955206274,1.8983126636804182,2.0044708677903644,4.321282400417258,0.021736208846345213
21,30.0,768.0,2.7649631819600966,1.8433087879733978,2.2087687767010658,4.333773175152175,0.024859034858568635
21,36.0,762.0,2.7683532738535392,1.8455688492356928,2.2360036073117713,4.167389948709002,0.02795523836904937
21,42.0,756.0,2.9208130427340175,1.9472086951560117,2.135600361059325,4.212890199609619,0.03344912024128654
21,48.0,750.0,2.7736782364189216,1.849118824279281,2.4684720756635192,4.976058796316241,0.03585341712884115
21,54.0,744.0,2.769767921616905,1.8465119477446033,2.3027410730743183,5.253701441294634,0.03827123259408365
21,60.0,738.0,2.6888134531576533,1.7925423021051021,2.174298717128566,4.563154690900421,0.04137103124773873
21,66.0,732.0,2.7806249741844224,1.853749982789615,2.5386153818782216,5.903481605922089,0.04671370629828941
21,72.0,726.0,2.8092050306347427,1.8728033537564952,2.5019305098439033,5.389532349727413,0.05231012776979439
21,78.0,720.0,2.7477571490318504,1.8318380993545669,2.558437557572899,6.1608256971395825,0.05808979721941507
21,84.0,714.0,2.7911951270726387,1.8607967513817592,2.439114753191711,5.379350535772838,0.06255826677185958
21,90.0,708.0,2.925729830659752,1.9504865537731682,2.591357721651484,6.150488835931738,0.0680746012490044
21,96.0,702.0,2.998893140798813,1.9992620938658752,2.993514477360351,6.910606895750884,0.07494436862250484
21,102.0,696.0,2.862289526617954,1.9081930177453028,2.353197297314318,6.269870778788695,0.07990820621761643
21,108.0,690.0,2.6354901429711344,1.756993428647423,2.5412155986538676,7.278907155502008,0.08262166407402381
21,114.0,684.0,2.8492539558999956,1.8995026372666637,2.8776602642850446,6.21812907438318,0.0879736155437886
21,120.0,678.0,2.790612147080395,1.8604080980535966,3.1223856134076082,5.9890810328263635,0.09243687232938497
21,126.0,672.0,2.8584420525440213,1.9056280350293475,3.212554671551074,6.455180036289954,0.09684036788964315
21,132.0,666.0,2.8372290334376515,1.8914860222917678,3.046376182023078,5.889519748252208,0.10070746720701268
21,138.0,660.0,3.0159488877923235,2.010632591861549,3.0636233315705486,7.15074741075333,0.10414943451320957
21,144.0,654.0,2.8161503259816993,1.8774335506544662,3.1289220074354964,6.587092458547853,0.10780116729609762
21,150.0,648.0,2.852930822524863,1.901953881683242,3.0048322683333177,6.525628677371196,0.1114146229841019
21,156.0,642.0,3.0517500756391382,2.034500050426092,3.444991862001597,7.183105566132815,0.11612121374251694
21,162.0,636.0,2.5873813864461606,1.7249209242974404,2.9388381476949603,7.315837269717017,0.12031684854564614
21,168.0,630.0,3.0122195920981123,2.008146394732075,3.3583307170512398,7.054205667330413,0.12649009345659223
21,174.0,624.0,2.9811398718441953,1.9874265812294636,3.262274696226603,6.756791343513049,0.12909260442571396
21,180.0,618.0,3.0311349862513377,2.020756657500892,3.458164047771763,8.00932098427305,0.13641656393209367
21,186.0,612.0,2.98394794561808,1.9892986304120532,3.107359418077312,6.192820409732284,0.14191677938718428
21,192.0,606.0,2.977926970010633,1.9852846466737553,3.098909657237444,7.420616028360682,0.145683196130596
21,198.0,600.0,2.7906446256968245,1.8604297504645497,3.1624335029694883,6.757141994802096,0.1489104143893732
21,204.0,594.0,2.9911727914645216,1.994115194309681,3.553434395703621,7.33422199722759,0.15420793656179088
21,210.0,588.0,2.808198512356452,1.8721323415709679,3.0871833156125708,8.10240116912013,0.15874846685810584
21,216.0,582.0,2.736096569264684,1.8240643795097895,3.552586049409576,6.640402347593149,0.16243434854171224
21,222.0,576.0,3.1438266650852436,2.095884443390162,3.382854770748373,6.937965709240311,0.16853633534419632
21,228.0,570.0,3.178307819787443,2.1188718798582955,3.348701164198229,8.253025184015756,0.17368884511511717
21,234.0,564.0,3.002262622012107,2.001508414674738,3.291915331973782,6.976410791762092,0.17883034267504588
21,240.0,558.0,2.992024055613318,1.9946827037422121,3.0693205705598183,8.017721108238005,0.18448234497818805
21,246.0,552.0,3.0076810133211795,2.005120675547453,3.132459682177457,6.992668191932009,0.187816656506179
21,252.0,546.0,3.154213793854078,2.1028091959027186,3.3887973082542437,7.556871838362079,0.19409694436057698
21,258.0,540.0,3.079566518735345,2.0530443458235634,3.425271279857468,7.000384223301929,0.19916273577150337
21,264.0,534.0,2.991450803512006,1.9943005356746708,2.940382425140883,7.728815806328235,0.20305315702711244
21,270.0,528.0,3.181550023829268,2.121033349219512,3.291999103843079,7.521030749220928,0.2089689913266029
21,276.0,522.0,2.9669300044165627,1.9779533362777084,2.9705787667667933,7.82241016128713,0.21504439600472433
21,282.0,516.0,2.8074964011018735,1.871664267401249,3.2263035950113412,8.566361724808207,0.22060837657833302
21,288.0,510.0,2.8192510593448796,1.8795007062299198,3.1886685353456072,7.246348297728188,0.2256051647452665
21,294.0,504.0,3.1318902864106013,2.0879268576070675,3.1508067221316316,7.975380000936971,0.23183320177672906
21,300.0,498.0,3.059893608253989,2.039929072169326,3.264577784099082,7.0979474134888765,0.23667137610364647
21,306.0,492.0,3.270051469917439,2.1800343132782927,3.146191192141082,7.2172373450750165,0.24257736801132881
21,312.0,486.0,2.89187797624787,1.9279186508319135,3.4325547451488223,6.992855225174559,0.24737950548166782
21,318.0,480.0,3.0231721577680624,2.015448105178708,3.306002273287371,7.219178865713298,0.25453927519983205
21,324.0,474.0,3.121137584459282,2.0807583896395214,3.057999481929315,6.36004847697238,0.2597062399327631
21,330.0,468.0,2.7606730073630543,1.8404486715753696,3.066690072336796,7.170136393402618,0.2647001079176954
21,336.0,462.0,3.1395048209416925,2.0930032139611283,3.2833457922202873,7.192198674104831,0.2686853394861179
21,342.0,456.0,3.1262694351883913,2.0841796234589274,2.8024770308041753,7.211499053721282,0.27325804863036973
21,348.0,450.0,3.0341343392772426,2.0227562261848284,3.2372031218584807,6.213334307920822,0.27734688670444196
21,354.0,444.0,3.1800635566755315,2.120042371117021,3.2387486686992255,6.672558168423144,0.283660070725473
21,360.0,438.0,3.0776016717641905,2.0517344478427937,3.2420686130180587,7.184039340983581,0.28809226306712354
21,366.0,432.0,3.1029997097167654,2.06866647314451,3.250576993341141,7.21084905549917,0.29546777945182834
21,372.0,426.0,3.1599913955778125,2.106660930385208,3.3479884618025952,7.0937641791004555,0.30192180316000605
21,378.0,420.0,3.054773473188471,2.036515648792314,2.8476392139513926,6.205602276828268,0.3058953376701621
21,384.0,414.0,3.2912676231103055,2.19417841540687,3.17315468764484,6.835994279946142,0.3110052217310456
21,390.0,408.0,3.0786271284699303,2.0524180856466203,3.10927701244056,7.1075695691201055,0.31757459358898465
21,396.0,402.0,3.125250061082157,2.083500040721438,3.24258972318575,6.303277199383109,0.32357899164161247
21,402.0,396.0,3.310137152169446,2.2067581014462974,2.9934390547867573,7.519936178299214,0.32943362945777416
21,408.0,390.0,3.2476543551841877,2.165102903456125,3.03739389325322,7.023873306336205,0.33538618834866724
21,414.0,384.0,3.0126215009218673,2.0084143339479117,3.0227421930224123,6.61742800026088,0.3377402377124259
21,420.0,378.0,3.2206473010884413,2.1470982007256274,3.061931804752984,7.033568728091639,0.34372888035563676
21,426.0,372.0,3.283829690527985,2.1892197936853233,3.2367502550501235,7.058771186209093,0.3492388552041439
21,432.0,366.0,3.218927611229355,2.14595174081957,2.738446420916274,6.280933671808565,0.3561397476620642
21,438.0,360.0,3.3079409220624787,2.2052939480416525,2.897950852832295,6.407539173072622,0.3632549334048119
21,444.0,354.0,3.202440568407769,2.1349603789385125,2.964695071176287,6.06617342991923,0.3702008084859758
21,450.0,348.0,3.3089981711375076,2.2059987807583386,3.096344157492552,6.521230643996427,0.37578738215200347
21,456.0,342.0,3.4990280215905383,2.3326853477270255,3.1276801642044183,6.35455009439574,0.38110978003176177
21,462.0,336.0,3.1313061517499365,2.0875374344999575,3.0758706948720036,6.774700089690949,0.3874057722634986
21,468.0,330.0,3.3183838341509717,2.212255889433981,2.971454857548605,6.299620461473308,0.39353322002367724
21,474.0,324.0,3.3268949738004516,2.2179299825336343,2.9701217213335394,5.880602217776165,0.3999107904515104
21,480.0,318.0,3.281088344556423,2.187392229704282,3.099464731077778,6.358434585014761,0.4046124954345898
21,486.0,312.0,3.2746576699256416,2.183105113283761,3.028717977408366,7.102162819839606,0.4090797969816426
21,492.0,306.0,3.434397046676731,2.2895980311178206,2.907225396625955,6.349788700387146,0.4165297472909641
21,498.0,300.0,3.201056988990686,2.1340379926604576,2.681248579541363,6.190906302890142,0.42372753588804
21,504.0,294.0,3.2966005328666976,2.1977336885777983,2.4164619886385132,5.831445151245083,0.42986360532531676
21,510.0,288.0,3.42392397823142,2.2826159854876136,2.9519364427988832,5.875125767754552,0.4361735546109517
21,516.0,282.0,3.651335145313164,2.434223430208776,2.801384723910413,5.617038511756351,0.4438357205833782
21,522.0,276.0,3.4448391325848418,2.2965594217232277,2.6288407581985798,5.4326949495279395,0.4511680666116002
21,528.0,270.0,3.3388795924677788,2.2259197283118524,2.789556459332955,5.398540266395532,0.45839377283470534
21,534.0,264.0,3.7280489093880997,2.4853659395920666,2.3517102223809845,5.380663957146411,0.4639222446855499
21,540.0,258.0,3.524868367832181,2.349912245221454,2.618691106661176,6.23085682940391,0.46786210382799226
21,546.0,252.0,3.5802937392181864,2.3868624928121243,2.6880076192219557,5.736908077796415,0.47415567390973695
21,552.0,246.0,3.299775155854622,2.1998501039030813,2.9477183695385802,6.436261315164358,0.4792595526002707
21,558.0,240.0,3.43641182827936,2.2909412188529066,2.3341297329920536,5.663726457881243,0.4871581823540857
21,564.0,234.0,3.614598763791372,2.409732509194248,2.877155489172362,4.603537403439592,0.4953892152077896
21,570.0,228.0,3.6225835433693434,2.415055695579562,2.525151602921765,4.534429365690524,0.5035062568673536
21,576.0,222.0,3.6142421807174046,2.4094947871449364,2.3448919610363324,5.403861480158976,0.5110053204469339
21,582.0,216.0,3.733670787082653,2.4891138580551018,2.7375393132404,6.10777457432216,0.5172948469118659
21,588.0,210.0,3.60909866464819,2.406065776432127,2.162250034844675,5.41980634022968,0.5221210393570885
21,594.0,204.0,3.676974217089942,2.451316144726628,2.337110072189412,5.6373415505853615,0.5270498564250673
21,600.0,198.0,3.595326033877285,2.3968840225848567,2.5130662291800925,6.048720304595269,0.5356832290992051
21,606.0,192.0,3.7063605047499975,2.470907003166665,2.512182410529569,5.996136972283965,0.544237112997113
21,612.0,186.0,3.5465339264622346,2.364355950974823,2.5266254699102775,4.928615143066674,0.5494700260562188
21,618.0,180.0,3.537364135421003,2.358242756947335,2.0363147452198516,5.248760345974015,0.559130430242106
21,624.0,174.0,3.750241427525666,2.5001609516837773,2.3624128508424853,5.559775729538387,0.564774108043821
21,630.0,168.0,3.9032638698062105,2.60217591320414,1.9319605767408965,5.985206642643044,0.5730168487703917
21,636.0,162.0,3.8466007497441144,2.5644004998294094,2.23835529926152,5.279575030117335,0.5793917507707532
21,642.0,156.0,3.9084153277514524,2.6056102185009684,2.0006311456427284,4.699990809471654,0.5889681180949177
21,648.0,150.0,3.697170078562844,2.4647800523752292,2.312279220193987,5.123152020337962,0.5949543187591311
21,654.0,144.0,3.7491912177034408,2.499460811802294,2.265020610828433,5.156434499621279,0.6044443097064965
21,660.0,138.0,3.7605850606777285,2.5070567071184855,1.9197689207533468,4.657411407614828,0.6110419052792906
21,666.0,132.0,3.9952762118014835,2.663517474534322,2.4153228459865304,3.449974665496775,0.6216941985255249
21,672.0,126.0,3.6239904293080714,2.4159936195387144,2.0108074049647198,4.76759044326416,0.6289483818736903
21,678.0,120.0,3.9689570744898015,2.645971382993201,2.187906544465574,4.526974962533121,0.6357620802904655
21,684.0,114.0,3.9170783376162195,2.611385558410813,1.995784901713444,4.642704705146507,0.6413913508974202
21,690.0,108.0,3.74773710640178,2.4984914042678534,2.0531535952731743,4.956763393719417,0.6462508603985224
21,696.0,102.0,3.948893482823546,2.6325956552156975,2.3108705504722544,3.976852033337533,0.6546975558861385
21,702.0,96.0,3.8783671242952287,2.585578082863486,2.2416321965224277,4.893456657399612,0.667607054344754
21,708.0,90.0,4.113488380085238,2.742325586723492,1.7426929445931623,4.725503285924871,0.6726075128783486
21,714.0,84.0,3.9458627640106343,2.6305751760070897,1.9264819401149085,5.012710006008254,0.6837645097913941
21,720.0,78.0,3.9848616906620076,2.6565744604413384,2.290566880882753,3.713644319187164,0.6908732179108475
21,726.0,72.0,4.009547274546481,2.6730315163643206,2.1453334994203956,4.808256687797368,0.6987953767268641
21,732.0,66.0,4.192294820071888,2.7948632133812588,1.682622011402787,3.6974475437138006,0.7106425907010656
21,738.0,60.0,4.117594390304695,2.7450629268697964,1.968981125540399,4.280604295276472,0.7200522874151685
21,744.0,54.0,4.277600386637207,2.8517335910914716,1.8259422434014423,3.5967709190326103,0.7278935331808283
21,750.0,48.0,4.021996735421242,2.6813311569474947,1.844949298834034,4.872105043388383,0.736524798104903
21,756.0,42.0,4.0441069155458305,2.6960712770305535,1.8570776119343904,3.378315790113045,0.74182807968166
21,762.0,36.0,4.0084117127363195,2.6722744751575465,2.0266784399994244,3.7240400444295463,0.7502849614802442
21,768.0,30.0,4.184978794478105,2.7899858629854033,1.7797218241329327,4.335482561557763,0.7596082688040996
21,774.0,24.0,4.205722776174433,2.8038151841162886,2.0104564209794025,4.208727735911383,0.7656231113814856
21,780.0,18.0,4.188000272638911,2.792000181759274,1.7538689389978994,4.230748894304611,0.7755155445520905
21,786.0,12.0,4.2469483801625865,2.831298920108391,1.8565161209428713,4.5329891243162095,0.7882215715466749
21,792.0,6.0,4.131034365827753,2.7540229105518352,1.588874419222641,3.7251483863717327,0.7930487988112449
21,798.0,0.0,4.117942902329606,2.745295268219737,2.2764552347019005,4.677798246473684,0.8006511514861836
22,0.0,852.0,2.803992245622012,1.8693281637480081,1.159134265579218,3.356357233036204,0.004687309584270187
22,6.0,846.0,2.6400776094189684,1.7600517396126456,1.262482697775633,3.3763129812760915,0.007594053703722067
22,12.0,840.0,2.969673847730958,1.979782565153972,1.6513014227189087,3.418277845708653,0.01333886065446117
22,18.0,834.0,3.0725195851450646,2.0483463900967096,1.8091790613404144,4.133286058488038,0.020198663831037737
22,24.0,828.0,2.6810487895552186,1.7873658597034792,1.875362568293154,4.05691091682807,0.02284460165278088
22,30.0,822.0,2.672293327032103,1.7815288846880686,2.099809309139996,4.210516141197501,0.02669795183716329
22,36.0,816.0,2.8716519893210544,1.9144346595473696,2.2010144576924198,4.999289135088661,0.03175985649802378
22,42.0,810.0,2.691585563012504,1.7943903753416695,2.0407196969719896,5.512242271507058,0.034920287869580215
22,48.0,804.0,2.8348386432905253,1.8898924288603502,2.2080266669262656,5.681570551137039,0.04117649283808254
22,54.0,798.0,2.828605947405671,1.8857372982704472,2.157109382688869,4.489280059328992,0.04475150034245315
22,60.0,792.0,2.931157305610808,1.9541048704072053,2.369871410285987,5.062084530463966,0.049852174161752694
22,66.0,786.0,2.7060541914057037,1.8040361276038024,2.3758708236740973,5.838382124026301,0.05497770947868738
22,72.0,780.0,2.718950676047838,1.812633784031892,2.6078346723333325,6.0718662347344745,0.05974640695937474
22,78.0,774.0,2.616565265399923,1.7443768435999487,2.5529675258188087,6.287440171493136,0.06288519766612981
22,84.0,768.0,2.814365936899103,1.8762439579327355,2.1730966223460135,6.330842001830551,0.06654826539853358
22,90.0,762.0,2.809376001364808,1.8729173342432055,2.778667529160738,5.791325309132311,0.07032028005056691
22,96.0,756.0,2.8392451021259584,1.8928300680839723,2.825415778246715,6.229609981741577,0.07453444378528283
22,102.0,750.0,2.6919649644595607,1.7946433096397072,3.1080598404343553,5.214208272937463,0.07783078289559986
22,108.0,744.0,2.9382303582083376,1.9588202388055584,3.007765155410391,6.560350444680399,0.08271586818565126
22,114.0,738.0,3.094217912494426,2.0628119416629507,3.2506368753303545,4.53101217124464,0.0881110920706034
22,120.0,732.0,2.7201342404081954,1.8134228269387969,2.82826066878655,6.856505801757308,0.09192804429133059
22,126.0,726.0,2.4663077133448503,1.6442051422299002,3.2258718805239432,6.155842826938193,0.0955348876587594
22,132.0,720.0,3.1044131346711126,2.0696087564474084,2.4927700044745733,6.045938363937258,0.10136184995124223
22,138.0,714.0,2.7381111528351165,1.825407435223411,2.9970135143860666,6.993465912325861,0.10391331587850526
22,144.0,708.0,2.7935027680858413,1.8623351787238942,3.3018476081490196,7.222790532071214,0.10708818687884643
22,150.0,702.0,2.8097810140725277,1.8731873427150185,3.0155291184985025,6.6451574935573765,0.11063432960260404
22,156.0,696.0,2.7878190745776363,1.8585460497184243,2.9007022188671616,6.980166106498831,0.11431491270909236
22,162.0,690.0,2.667595617201099,1.7783970781340661,3.3350010659597356,7.612630122911398,0.1179310752720027
22,168.0,684.0,3.0254046853666434,2.0169364569110955,3.39617861520419,7.540116640792135,0.12153037707190219
22,174.0,678.0,2.8110494847223144,1.8740329898148762,3.3380420104064985,7.098611584115479,0.1252126276600892
22,180.0,672.0,2.8696294672803027,1.9130863115202017,3.1511565128077375,7.790783228426507,0.13001134044799798
22,186.0,666.0,2.7071554419268105,1.8047702946178736,2.986982776064991,6.928123916429382,0.13377752905372242
22,192.0,660.0,2.8449277890139197,1.8966185260092798,3.2310334760952077,7.352838081302403,0.13740346365038641
22,198.0,654.0,3.202590727170894,2.135060484780596,3.0775779983550016,6.960863009980741,0.14162327059484753
22,204.0,648.0,2.9485558442447166,1.9657038961631443,3.016327004360707,7.3995141283595585,0.14845978242073507
22,210.0,642.0,3.051183299750134,2.0341221998334227,3.0411915497346396,7.260410432384895,0.15301172516179146
22,216.0,636.0,3.125706422014551,2.083804281343034,3.681666703820015,7.595641040625034,0.15939196474008716
22,222.0,630.0,2.6864047119389656,1.790936474625977,3.5093357456969425,8.02511673442163,0.16341748815152354
22,228.0,624.0,2.832261093461859,1.888174062307906,3.1415790722004346,7.282658950759673,0.16601594481186782
22,234.0,618.0,2.971853271552116,1.9812355143680775,3.017895839667775,7.025534397998508,0.1678767908065414
22,240.0,612.0,3.095064800676689,2.0633765337844596,3.5116776951214494,8.249368763712978,0.17216339298880876
22,246.0,606.0,2.8615062602206653,1.9076708401471103,3.145567651128797,6.956323709694607,0.17638777420089297
22,252.0,600.0,2.8774144040083005,1.918276269338867,3.3029645613292953,6.6472692558955515,0.1789159560433664
22,258.0,594.0,3.1005597660688977,2.0670398440459317,3.3067300542924043,6.493395645181068,0.18386653103586345
22,264.0,588.0,2.848497263701695,1.89899817580113,3.6396548879177955,6.850480544396221,0.18783790471658487
22,270.0,582.0,2.7549487095105616,1.8366324730070411,3.4980353135700146,7.316850720120187,0.19143684051042015
22,276.0,576.0,2.761929553512236,1.8412863690081573,3.497969513905956,7.526312169176071,0.19508652601336657
22,282.0,570.0,2.8390171782449114,1.8926781188299409,3.7607419821414387,7.573582809076792,0.1996850416654731
22,288.0,564.0,3.152278286882934,2.101518857921956,3.393832897060274,6.7340573021355645,0.20514512678642
22,294.0,558.0,2.8929647515656547,1.9286431677104365,3.3197116150103434,7.239699567423412,0.20837807309848985
22,300.0,552.0,2.8104699475742345,1.8736466317161564,3.5834117887498196,7.003501229083995,0.21136324067351725
22,306.0,546.0,3.0561881407240574,2.037458760482705,3.267899428408292,7.184662996622588,0.21553961972651664
22,312.0,540.0,3.0205650605511827,2.0137100403674553,3.026119555254857,7.938531112985962,0.22135694710334342
22,318.0,534.0,2.9603380281450615,1.973558685430041,3.610289511026193,7.872906231419871,0.22483719206684455
22,324.0,528.0,2.9577495866816186,1.9718330577877456,3.244566260913322,7.836551498048815,0.2291836903973884
22,330.0,522.0,3.295573336512565,2.1970488910083765,3.3424999544102385,7.221488450084378,0.2371230086129764
22,336.0,516.0,2.9099954517819864,1.9399969678546576,3.455212385895323,6.264341781607824,0.24038554436773377
22,342.0,510.0,3.2087952950639815,2.1391968633759877,3.221008691373763,7.625666678554206,0.24697613901373627
22,348.0,504.0,3.087084889583218,2.0580565930554786,3.5378723900375117,7.683871307547033,0.25268801541790725
22,354.0,498.0,2.895529031963547,1.930352687975698,3.2358126695683653,7.686892061475567,0.25786640299074465
22,360.0,492.0,3.02584157851804,2.0172277190120265,3.012649150719257,7.0372601216669795,0.26177582067202415
22,366.0,486.0,3.0853738368916552,2.0569158912611036,2.8575063556882356,6.36801260334046,0.26686979058077936
22,372.0,480.0,3.0413256706244667,2.027550447082978,3.3117681825255922,7.286425020170189,0.27267146857275293
22,378.0,474.0,3.0173740936073563,2.011582729071571,3.1775516884404635,6.919992520422209,0.2783802132392039
22,384.0,468.0,3.2775920651501433,2.1850613767667624,3.166589293819069,6.653883664385232,0.28393628060657294
22,390.0,462.0,3.072183332305294,2.0481222215368624,3.4706693629191427,7.283459117154415,0.28923437741276903
22,396.0,456.0,3.058651520583542,2.039101013722361,2.7968412040653257,5.990713990452965,0.29381809815696985
22,402.0,450.0,3.0999553296600757,2.0666368864400506,2.9493393493845477,7.569241357163651,0.2993087765755288
22,408.0,444.0,2.9833937879072585,1.9889291919381724,3.2247129609747085,8.372673156389562,0.30532725475931555
22,414.0,438.0,3.1678585153233443,2.1119056768822295,3.713183819011679,6.22087239187433,0.31022554008269354
22,420.0,432.0,3.3138881151454167,2.209258743430278,3.2112350821510094,6.402677340110084,0.31338252750166706
22,426.0,426.0,2.96468219191298,1.9764547946086533,2.8495082133843592,6.796593144957643,0.3177390660795103
22,432.0,420.0,3.320060293626455,2.2133735290843033,3.0008260385199694,5.38791094905507,0.32516265887367796
22,438.0,414.0,3.310125996691849,2.2067506644612327,3.513967984906032,6.455116875934449,0.3280261196483926
22,444.0,408.0,2.916581169697108,1.9443874464647386,3.1181874984825133,6.132474769130843,0.3321815670135905
22,450.0,402.0,3.1132599011930266,2.075506600795351,3.1243320223383186,6.271721566094512,0.3388917004561982
22,456.0,396.0,3.0999013536716675,2.0666009024477785,3.072148052736152,6.730439985863086,0.3435525288365277
22,462.0,390.0,3.314872880894843,2.2099152539298954,3.0048974356393727,6.9001920705507205,0.3474760894322868
22,468.0,384.0,3.3342938760616816,2.222862584041121,3.0144330522599603,6.936232807252303,0.3529403446344062
22,474.0,378.0,3.269033341452293,2.179355560968195,3.1729340235370156,6.67666512783518,0.35818159917915754
22,480.0,372.0,3.46504997307659,2.3100333153843935,3.0380922837774453,6.209489717481661,0.3640351670096577
22,486.0,366.0,3.3506894818240367,2.233792987882691,2.717960549169292,7.050912470471915,0.3671216639628599
22,492.0,360.0,3.2895785134544098,2.19305234230294,3.0058936352129453,6.3053777930264525,0.3727368217004009
22,498.0,354.0,3.3227514713418715,2.215167647561248,2.8764048147380374,6.691728786626831,0.37635030895999844
22,504.0,348.0,3.267554635856979,2.178369757237986,2.788366512744252,6.8548061305807355,0.38323388249424506
22,510.0,342.0,3.314742923647039,2.209828615764693,2.9126915513734724,6.500404687032753,0.3899292333608176
22,516.0,336.0,3.4235523323192685,2.282368221546179,3.1188164856597265,6.66281545853714,0.3960116335784338
22,522.0,330.0,3.3697322225117508,2.246488148341167,2.990203512867783,6.720098694520223,0.4013032262420369
22,528.0,324.0,3.3713913964836375,2.247594264322425,2.8826894056737373,5.642601852609188,0.40975888261988236
22,534.0,318.0,3.074635799374893,2.049757199583262,2.7765138230724706,5.703539665017383,0.41659977399918074
22,540.0,312.0,3.3552401146129656,2.2368267430753104,2.820216472884895,5.588458185927599,0.42227415570396587
22,546.0,306.0,3.423155834140627,2.2821038894270846,2.663837781845018,6.3032939633117335,0.4295374873106617
22,552.0,300.0,3.427069733467027,2.2847131556446847,3.0105628240796407,6.101605544962323,0.43187375871251177
22,558.0,294.0,3.466527124851464,2.3110180832343095,2.946187852032831,6.402504818699834,0.43865702119827793
22,564.0,288.0,3.6330160235717726,2.4220106823811816,2.6087317733378033,4.974073412969594,0.44447468969145615
22,570.0,282.0,3.5411266824056997,2.3607511216038,3.017649337625663,5.5691796815222885,0.45140402133362434
22,576.0,276.0,3.5518894017058393,2.367926267803893,2.5999799436802524,5.173041776002752,0.4588715669363288
22,582.0,270.0,3.485883309119115,2.32392220607941,2.7688702182923026,6.781392156514076,0.4629613963445842
22,588.0,264.0,3.6022208648765544,2.4014805765843694,2.3875694639089358,6.085847908838821,0.4669896670640291
22,594.0,258.0,3.569475287651055,2.3796501917673702,2.502710224597681,6.487076013504201,0.4722290376998453
22,600.0,252.0,3.5165199187669485,2.344346612511299,2.6366622320137743,5.620441458452246,0.47914618905405343
22,606.0,246.0,3.6522048874262207,2.434803258284147,2.917385550190478,5.552389947044583,0.48308032496817177
22,612.0,240.0,3.388367733856346,2.2589118225708975,2.9199563591556648,6.2879585267757205,0.4904813219942683
22,618.0,234.0,3.723432471134973,2.482288314089982,2.7017925211973486,5.260829760235472,0.4996401267421271
22,624.0,228.0,3.5365055345239775,2.357670356349318,2.4585722555092877,5.188623058906966,0.5070431834461958
22,630.0,222.0,3.605752419983085,2.40383494665539,2.3461074157023933,4.985609889162822,0.5152538918166075
22,636.0,216.0,3.7899989746273546,2.526665983084903,2.332658994029497,6.143606391889455,0.5205683708865747
22,642.0,210.0,3.6734616252539527,2.4489744168359686,2.3947012788753517,5.624492217390471,0.5243849748056179
22,648.0,204.0,3.591289618230185,2.3941930788201233,2.330074790943248,4.666932975463208,0.5335535671053466
22,654.0,198.0,3.6124572411356954,2.408304827423797,2.8652311324168065,5.697234095677562,0.5406502434792994
22,660.0,192.0,3.6233229394135886,2.4155486262757258,2.330551238573601,4.513114497320059,0.5472530653406655
22,666.0,186.0,3.6882097315039015,2.4588064876692677,2.375361690006259,4.800742142524252,0.5516689296181306
22,672.0,180.0,3.792104650557333,2.528069767038222,2.4067568752223334,5.262389533409633,0.5631342758955232
22,678.0,174.0,3.69076038736931,2.4605069249128735,2.25946852165281,5.12282524618042,0.5712664279827863
22,684.0,168.0,3.831635003035564,2.554423335357043,2.2446631729556734,5.020015832806323,0.5799929303590856
22,690.0,162.0,3.772470280454797,2.5149801869698645,2.3421683119715393,4.480099039627433,0.5868597895121935
22,696.0,156.0,3.6849992264026303,2.456666150935087,2.4490659021072876,5.349765886344679,0.5903457969625516
22,702.0,150.0,3.666953674312506,2.4446357828750043,1.8520689296602093,4.675247960553572,0.5967204383794488
22,708.0,144.0,3.6757911038448383,2.4505274025632255,2.3104172150769555,3.6442957053288163,0.6037927219912624
22,714.0,138.0,3.8262820343245862,2.550854689549724,2.269812103479946,5.675113081167495,0.6108695883446567
22,720.0,132.0,3.7523674651899586,2.501578310126639,2.026341674438767,4.586208487237667,0.6192616271175359
22,726.0,126.0,3.910756031287334,2.6071706875248895,2.6078503696024904,5.37332400053017,0.6259782146440271
22,732.0,120.0,3.931490139388397,2.620993426258931,1.7900692924497286,4.317828642842843,0.6365783521608976
22,738.0,114.0,3.866976860483521,2.5779845736556806,2.5102157936777476,4.80652795889778,0.6424777749651679
22,744.0,108.0,4.016979980686648,2.677986653791099,1.8274144792694111,4.685279815718003,0.6456937664050625
22,750.0,102.0,3.9387778346692075,2.625851889779472,2.1219088028527753,4.515681802853449,0.6558840937408668
22,756.0,96.0,3.763809138425045,2.5092060922833634,2.3717590979676713,3.996734536920614,0.6626520840012494
22,762.0,90.0,3.8866241679190656,2.5910827786127104,2.4269226548804634,4.15183196413714,0.6703108226933365
22,768.0,84.0,3.782797807761652,2.521865205174435,2.0531560773665674,4.1735879431119125,0.680975566739199
22,774.0,78.0,3.932641498735135,2.6217609991567565,1.9389637009446254,4.585218942602537,0.6876418671936421
22,780.0,72.0,3.8532590059989578,2.5688393373326384,2.0281274551249795,3.3005921866697645,0.6987518680095829
22,786.0,66.0,4.088254492108284,2.725502994738856,1.9280413308054816,4.372798282946168,0.7044593113111508
22,792.0,60.0,4.111756022788409,2.7411706818589394,1.938296574674043,3.6148512315042476,0.7131493740539169
22,798.0,54.0,4.194979391726191,2.7966529278174606,1.9650890086073907,3.7438982078719687,0.7223788769365161
22,804.0,48.0,4.204982887744358,2.8033219251629053,2.35557051646956,3.702995055026044,0.7292645935609858
22,810.0,42.0,4.114968403809164,2.7433122692061094,1.7440099774125035,3.9987151504625404,0.7383167904549855
22,816.0,36.0,4.194853799869607,2.7965691999130713,1.837338117040003,3.306498676500931,0.7463632338307453
22,822.0,30.0,4.338228040123532,2.8921520267490215,2.051202148916489,4.382102467250619,0.7630500037905567
22,828.0,24.0,4.158595777153234,2.7723971847688227,1.5738189368690563,3.6713187887919743,0.769839161424707
22,834.0,18.0,4.063689093025444,2.709126062016963,1.7625973113739077,4.7410153786856615,0.7770179333941692
22,840.0,12.0,4.333856736087487,2.8892378240583247,1.6374810526216632,4.534827606904548,0.7835224745279417
22,846.0,6.0,4.334122810559989,2.8894152070399923,2.1946080283019826,4.288314120058448,0.7947942363496052
22,852.0,0.0,4.301217096101203,2.8674780640674684,2.179855803796368,3.0,0.8080631068179883
23,0.0,1356.0,2.7199650456727316,1.8133100304484877,1.5702080191167906,3.0,0.002032565984789697
23,6.0,1350.0,2.6767878976926958,1.7845252651284638,1.730390422363309,3.0,0.00463084056794774
23,12.0,1344.0,2.6803716895491982,1.7869144596994655,2.4520439597795907,3.635817381781339,0.007941976974738252
23,18.0,1338.0,2.768332398334675,1.8455549322231166,1.8372372216276693,3.765404557416949,0.00940673885070171
23,24.0,1332.0,2.744506982021972,1.8296713213479814,1.2525108793126423,3.5814502291385444,0.011830468412163526
23,30.0,1326.0,2.8833645459891644,1.922243030659443,1.6768151846354207,3.8070741470813583,0.014051296877457984
23,36.0,1320.0,2.8185610137709163,1.8790406758472775,2.096970919495881,3.9845135357902843,0.015531428178292226
23,42.0,1314.0,2.9460262133311628,1.9640174755541084,1.9704226393458835,4.3624642426792954,0.01775667564620175
23,48.0,1308.0,2.84091247150493,1.8939416476699533,1.8036091478721517,4.297663192729728,0.0189887134976113
23,54.0,1302.0,2.844795414139739,1.8965302760931593,1.9285236606317604,3.9744376353687456,0.02114221539395647
23,60.0,1296.0,2.6914949079067174,1.7943299386044782,2.056637078132937,3.9618121991959785,0.023712288938877432
23,66.0,1290.0,2.6478904632121765,1.7652603088081176,1.7671390097422026,4.4189870483676215,0.025879271960890685
23,72.0,1284.0,2.7992992835136254,1.866199522342417,2.231262367562077,4.584370832018625,0.02854734430718576
23,78.0,1278.0,2.709513892329537,1.806342594886358,1.8427578200735808,4.569886122758606,0.03147753092021751
23,84.0,1272.0,2.989678270320357,1.9931188468802379,2.362347305021233,5.075341236748532,0.03372562997917654
23,90.0,1266.0,2.8584018749708773,1.9056012499805848,1.9645860955006444,5.5156401594084965,0.03645755637818318
23,96.0,1260.0,2.802948897060892,1.8686325980405947,2.203497981413518,5.253774531976821,0.04008118763526258
23,102.0,1254.0,2.607699709490125,1.7384664729934167,2.2788254089416244,4.915258010523348,0.04286676187646596
23,108.0,1248.0,2.848323858713824,1.8988825724758829,2.1940441036354192,4.731170212939818,0.044888155399707474
23,114.0,1242.0,2.8104937490427977,1.8736624993618651,2.5575946443663438,5.446156491371229,0.047233740476488977
23,120.0,1236.0,2.7146451008259453,1.8097634005506302,2.6039620687836833,6.263392641129193,0.04930291141935977
23,126.0,1230.0,3.11652971076712,2.077686473844747,2.2863816592541473,5.7177947685359625,0.05229666723902885
23,132.0,1224.0,2.8054899114855427,1.8703266076570284,2.353633396354807,6.137756369016437,0.054493932403197304
23,138.0,1218.0,2.7690556921883425,1.8460371281255616,2.4825710275907586,6.3284065752062935,0.05625610252017101
23,144.0,1212.0,2.7865626247978508,1.8577084165319004,2.8205674636204536,5.037113679514393,0.05887793032457042
23,150.0,1206.0,2.900321924203027,1.9335479494686847,2.506081990171466,5.7171524818287764,0.06179823545458428
23,156.0,1200.0,3.003137757060697,2.0020918380404646,2.5113548121305365,6.141059613735364,0.0659543895803716
23,162.0,1194.0,2.7390924365907257,1.826061624393817,3.1289018946948652,5.094427298822536,0.06852452143719344
23,168.0,1188.0,2.9378701293498186,1.9585800862332123,2.630131412236695,5.755237481444076,0.07145756727811431
23,174.0,1182.0,2.786353672064607,1.8575691147097382,2.4063143951814876,5.733673317152789,0.07415989225482311
23,180.0,1176.0,2.850573622550094,1.9003824150333959,2.64355439322999,5.67216451449551,0.07675255576574117
23,186.0,1170.0,2.885225516469217,1.9234836776461446,2.865949758670083,5.841311232602686,0.08008237953538364
23,192.0,1164.0,2.7264291335958735,1.817619422397249,2.825296375319954,5.975426218134054,0.08196117049098053
23,198.0,1158.0,2.821227228687712,1.8808181524584746,2.9065380855510052,7.000909445626207,0.08447969054327302
23,204.0,1152.0,3.0034808466125287,2.0023205644083526,2.6100182636281617,6.308271560183209,0.08796216822682122
23,210.0,1146.0,2.791199218006213,1.8607994786708086,2.9011966934790436,7.139604091364497,0.09063753802439131
23,216.0,1140.0,2.739346873666058,1.8262312491107053,2.8395557409505274,7.138513750603155,0.09267089393406869
23,222.0,1134.0,2.7786469356360004,1.8524312904240003,2.970605410879277,6.617749585270951,0.09511034513057631
23,228.0,1128.0,2.9454219857079043,1.9636146571386028,2.9857357332940415,6.354065834575574,0.09896704490617388
23,234.0,1122.0,2.7257280802097146,1.8171520534731431,3.0190826300086555,6.051577736811554,0.10052746318564519
23,240.0,1116.0,3.014575361888748,2.009716907925832,3.2303203283613895,6.885070191829173,0.10277029795049726
23,246.0,1110.0,3.0394797296990674,2.026319819799378,3.2698759398694497,6.521607073360092,0.10583520446774859
23,252.0,1104.0,2.7874417260172795,1.8582944840115196,3.481438815025983,7.720432217533272,0.10719588526788983
23,258.0,1098.0,2.8624802651893977,1.9083201767929319,3.05470153002573,6.111012969234406,0.11001898100659584
23,264.0,1092.0,2.9474672649833646,1.9649781766555765,2.9449890297759205,7.156723969325285,0.11350311665947047
23,270.0,1086.0,3.115080802616763,2.076720535077842,3.259482697062994,6.462967985355734,0.11644483679406718
23,276.0,1080.0,2.9826789221963863,1.988452614797591,3.261211211731955,6.2980437619130125,0.11873636812847725
23,282.0,1074.0,2.8090377697124014,1.8726918464749343,3.119512625379732,6.217464388730621,0.11989413214174087
23,288.0,1068.0,2.8376672602197397,1.8917781734798265,3.3452173035278565,6.496412308482668,0.12261902014890344
23,294.0,1062.0,2.8259627608557945,1.883975173903863,2.9365234105323843,6.692251901624355,0.12504231112354894
23,300.0,1056.0,2.837804782616538,1.891869855077692,3.3049310141952257,6.987824193475517,0.12691902900078403
23,306.0,1050.0,2.9632149005908364,1.9754766003938908,2.779997607186982,7.131103199493662,0.13058567685347533
23,312.0,1044.0,2.8995414508463355,1.933027633897557,2.8613794018930263,6.915163015556256,0.13271301316165118
23,318.0,1038.0,2.7909590077702173,1.8606393385134783,2.6507758674749997,7.036154539310228,0.13538324561652965
23,324.0,1032.0,3.1181578384481035,2.0787718922987355,3.2027547290145275,7.085483898559313,0.13892965846157232
23,330.0,1026.0,3.0143396395196165,2.0095597596797443,3.5545298815973174,7.221917465237827,0.1421356149539579
23,336.0,1020.0,3.015530272210946,2.010353514807297,3.859002256413351,7.108467125346468,0.14669916385138587
23,342.0,1014.0,2.878705267262997,1.919136844841998,3.321898880331341,8.24296943106378,0.1491271020808882
23,348.0,1008.0,3.28349371533023,2.1889958102201534,3.6409174190484443,7.194566259890701,0.15229961379149362
23,354.0,1002.0,2.9910293862862822,1.9940195908575216,3.4540454125287003,7.221159504873492,0.15616549156977164
23,360.0,996.0,2.9301226345890736,1.9534150897260492,3.283892153816274,7.375451738226902,0.15874638963656315
23,366.0,990.0,2.963415680777784,1.975610453851856,3.347419471408941,7.205753723613339,0.16028365559156374
23,372.0,984.0,2.7747113221435336,1.849807548095689,2.964505181927496,6.701109948895775,0.1619444826404063
23,378.0,978.0,2.8509008622914935,1.9006005748609958,3.0668096901445803,6.3553859298882935,0.16622622017152386
23,384.0,972.0,3.085509589253745,2.05700639283583,3.3501556321919725,8.295581754192241,0.16901454149963027
23,390.0,966.0,2.986521954853215,1.99101463656881,3.572817071354027,7.931100805866908,0.17043959786066654
23,396.0,960.0,3.042988488077573,2.028658992051715,3.317211771403779,7.386492344476744,0.17336887180865285
23,402.0,954.0,2.791884525164631,1.8612563501097539,3.4720298596468426,7.438128459275959,0.17667519096762707
23,408.0,948.0,3.017198717122273,2.011465811414849,3.459624538665718,7.521250564007728,0.17870076454162506
23,414.0,942.0,2.840510199772428,1.893673466514952,3.313562719341862,7.775222510938733,0.18103901101919367
23,420.0,936.0,2.948658883621575,1.96577258908105,3.5384576913086407,7.3597694380500105,0.1837282441805731
23,426.0,930.0,2.8636302213773757,1.9090868142515838,3.7142559854784984,7.122983354012892,0.18655351687037622
23,432.0,924.0,3.0603946313645656,2.040263087576377,3.366957931281666,7.301292382053659,0.19071636055805688
23,438.0,918.0,3.072831589937607,2.048554393291738,3.2337264673873545,7.206975375533062,0.19450525659207576
23,444.0,912.0,2.7835352883268722,1.8556901922179148,3.542634966687017,8.585742541737968,0.196204906051849
23,450.0,906.0,3.019550465170805,2.0130336434472036,3.478828994564905,7.417125498132857,0.19888620110718025
23,456.0,900.0,3.206075582977336,2.137383721984891,3.577159893521961,6.636866960396748,0.2001107493540734
23,462.0,894.0,3.0498354887345323,2.033223659156355,3.0164253203107814,7.61542299246309,0.2028783694085768
23,468.0,888.0,2.8499454180735366,1.8999636120490244,3.4125613215321042,8.080052768336243,0.20488071105992353
23,474.0,882.0,3.069175647443275,2.046117098295517,2.9706824505638423,7.484812388647421,0.20841577281324383
23,480.0,876.0,2.982962155033108,1.9886414366887386,3.2334324361422815,7.234020219997665,0.2110005363305738
23,486.0,870.0,2.7643357986151624,1.8428905324101084,3.2852930440918597,6.9022907017341595,0.2133125546531933
23,492.0,864.0,2.9933069165764867,1.9955379443843244,3.2561439770028646,7.717373008075214,0.21611258224913732
23,498.0,858.0,3.1831669283375748,2.122111285558383,3.3356670789824987,6.72127160533482,0.22000848513799717
23,504.0,852.0,2.9545595094683055,1.969706339645537,3.541536298568914,7.190857108234142,0.22270868864450133
23,510.0,846.0,3.162232795009518,2.108155196673012,3.1206322962619906,7.443454092856361,0.22668736398384254
23,516.0,840.0,3.036612982656375,2.0244086551042497,2.869021761012357,7.300166028022553,0.23068856226698906
23,522.0,834.0,3.2026511040200965,2.135100736013398,2.714144373339171,8.121137309678524,0.2339259688423072
23,528.0,828.0,2.6847949141715803,1.789863276114387,3.284898744067013,6.743576403541453,0.2362566972337314
23,534.0,822.0,3.0433449744287184,2.0288966496191456,3.390717940418191,7.571295207995338,0.2398858089076413
23,540.0,816.0,2.947171695468433,1.9647811303122886,3.381469291704409,8.012167741841163,0.24249668160252402
23,546.0,810.0,2.9827418023598384,1.988494534906559,2.6856660243359363,7.389539052538119,0.24434444340058567
23,552.0,804.0,3.168772175414053,2.112514783609369,3.138241528039195,7.496836103599207,0.248883555940965
23,558.0,798.0,2.9778440675182107,1.9852293783454737,3.1719258672959065,6.731561336848648,0.2518282529523041
23,564.0,792.0,3.192194470440698,2.1281296469604656,3.2332386199036076,7.728978803897909,0.25466654223699897
23,570.0,786.0,3.1772014374770743,2.118134291651383,3.176724344968294,6.778263496890159,0.2571739067335919
23,576.0,780.0,3.170177386698948,2.113451591132632,3.2886841717291646,6.804972210940466,0.26050602291718755
23,582.0,774.0,3.1768509664733537,2.117900644315569,3.6054938278451925,8.072651300457794,0.2622662210180684
23,588.0,768.0,2.9431157321770547,1.9620771547847031,3.041001797049925,6.63586391473359,0.26488739961409186
23,594.0,762.0,3.229817145991362,2.153211430660908,3.140973098894809,7.007945491586437,0.26833450816863597
23,600.0,756.0,3.0287890214849744,2.019192680989983,3.078211227682995,6.9136379504304095,0.2720155338941075
23,606.0,750.0,2.966969283204744,1.977979522136496,3.3030562397624634,6.803724943036469,0.27591558932286414
23,612.0,744.0,2.8746019182969076,1.916401278864605,3.326723926991191,7.0839899507810635,0.2784697160729618
23,618.0,738.0,3.2211964144955694,2.1474642763303797,3.1775956828473726,7.037455496393601,0.28056827811805196
23,624.0,732.0,3.1366996256459365,2.0911330837639577,3.225787715377932,7.262547535687309,0.28413795121185187
23,630.0,726.0,3.2234349445922197,2.1489566297281466,3.245220417141716,6.4968453118026765,0.2870151814481497
23,636.0,720.0,3.1417312599600717,2.0944875066400477,3.2031625783551396,6.4299272839091515,0.29103980174247424
23,642.0,714.0,3.3467258017970414,2.231150534531361,2.7873698471071235,6.158623288913903,0.29531019998817476
23,648.0,708.0,3.0750399531545853,2.05002663543639,3.0545748751052786,7.505226261541206,0.29867283338063616
23,654.0,702.0,3.1694324607016253,2.1129549738010835,3.0432194586237302,5.907807098731812,0.30069076802895955
23,660.0,696.0,3.211975234919991,2.1413168232799937,2.9551063487639633,6.660898374932184,0.3056027839444625
23,666.0,690.0,3.2043073214795963,2.1362048809863974,3.185684567476249,7.256326517353356,0.30866980508109076
23,672.0,684.0,3.267964562875515,2.17864304191701,3.418260625200355,5.665558697976607,0.3120493215598679
23,678.0,678.0,2.9837927284427694,1.9891951522951796,2.946607522582699,7.338085019772196,0.3154323626700652
23,684.0,672.0,3.1912374196916833,2.127491613127789,3.0084176262953815,5.574861324266305,0.3199703775481164
23,690.0,666.0,3.407324289587297,2.271549526391531,2.8106044155397205,6.772435332682813,0.325132446289336
23,696.0,660.0,3.3601225284913987,2.2400816856609325,3.373501012306607,7.401301953074205,0.32786062322445647
23,702.0,654.0,3.125697772775617,2.083798515183745,3.11661892222186,7.000219893623279,0.33044341863039356
23,708.0,648.0,3.5806043470114877,2.387069564674325,3.202499338115541,6.479251314040252,0.3348466762150672
23,714.0,642.0,3.1855793082797526,2.123719538853168,2.9703579375075018,6.654519751625274,0.3392080591888029
23,720.0,636.0,3.4481111009410683,2.298740733960712,2.849212532384173,7.74762556403468,0.3430388879349247
23,726.0,630.0,3.193713071436785,2.1291420476245233,3.345231085566201,7.224039745702837,0.3451008128646338
23,732.0,624.0,3.2962164087847885,2.1974776058565255,3.077427861459189,6.247536738120418,0.3502598966177451
23,738.0,618.0,3.271784899018641,2.1811899326790942,3.1633232508956586,7.355058966858361,0.35364076782424725
23,744.0,612.0,3.4676298297373456,2.311753219824897,2.969081666520069,7.088464348868775,0.3570001690384373
23,750.0,606.0,3.3904117586354827,2.2602745057569886,2.6409594602085305,6.111109868686563,0.3607562215473966
23,756.0,600.0,3.323587015963496,2.2157246773089976,2.6861855744024044,6.8603363431078455,0.36384576594981266
23,762.0,594.0,3.368849768088656,2.2458998453924375,3.0178185680515712,6.8020759291849435,0.3677439085314201
23,768.0,588.0,3.2735800494020695,2.1823866996013797,2.9876333763344074,7.1031447107304455,0.3707178914636301
23,774.0,582.0,3.3051175880194292,2.203411725346286,3.076665922506537,6.859866997905145,0.3741079918624441
23,780.0,576.0,3.3282971363697,2.2188647575798,2.6278540511125703,5.215489179169251,0.3765356590577312
23,786.0,570.0,3.1721827401584797,2.1147884934389864,3.128971466672511,5.937452225727289,0.37987646800152897
23,792.0,564.0,3.43996604569655,2.2933106971310333,3.0670493108973425,6.0915876791673575,0.38342494669196053
23,798.0,558.0,3.347509438162242,2.231672958774828,2.271277727775203,6.120683311665153,0.3868074226804595
23,804.0,552.0,3.167931341635907,2.111954227757271,3.2246929752635896,6.433777820934196,0.38959024122046165
23,810.0,546.0,3.313632619260458,2.2090884128403054,2.6865800489324285,6.9155117724775845,0.3939343802840711
23,816.0,540.0,3.403577078268414,2.269051385512276,3.20799952128728,5.924406195180408,0.3958659763163589
23,822.0,534.0,3.415010087176894,2.2766733914512627,2.829822347549289,6.299811812182214,0.4001079435912882
23,828.0,528.0,3.193540772816109,2.129027181877406,3.0686335698162734,5.68525012466831,0.4040132186855772
23,834.0,522.0,3.377403699006317,2.2516024660042113,2.881437873520229,5.140136159230103,0.4069400493586146
23,840.0,516.0,3.3241365120853534,2.2160910080569023,2.76773786527101,5.016476026296346,0.41048967192156577
23,846.0,510.0,3.401293607722765,2.2675290718151766,2.969816754467065,6.472829191658175,0.41448749629729165
23,852.0,504.0,3.2536550907581696,2.1691033938387796,2.808321145509314,6.543416071148739,0.41722572686852544
23,858.0,498.0,3.3465649811033527,2.2310433207355684,3.075780817473804,6.876415217972312,0.42113281736925606
23,864.0,492.0,3.3458130532256223,2.230542035483748,2.8382555179814264,6.15586589680392,0.4255838859142641
23,870.0,486.0,3.259088548876472,2.1727256992509814,2.643552649027709,6.453720039074748,0.42826318991200124
23,876.0,480.0,3.4704751485587346,2.3136500990391564,2.61673581150617,6.258522406480489,0.43117560183773285
23,882.0,474.0,3.452601596382633,2.301734397588422,2.772472056342853,5.874844253327781,0.43471400150160405
23,888.0,468.0,3.3764562006916132,2.2509708004610753,2.3352708837083878,6.092652697486427,0.4386087251133766
23,894.0,462.0,3.537106403218285,2.3580709354788567,2.493763360893663,5.604063269762281,0.4438239336905854
23,900.0,456.0,3.2665815370383817,2.1777210246922545,2.818133143941856,6.101158469166948,0.44787544269891555
23,906.0,450.0,3.418004980229015,2.2786699868193434,2.129482184349945,5.63907160713481,0.4514336263525882
23,912.0,444.0,3.3855185707040505,2.257012380469367,2.470776237907298,5.895027109074365,0.45394468759512724
23,918.0,438.0,3.3680579800574746,2.245371986704983,2.279826207824647,6.209796707331592,0.4583529974159802
23,924.0,432.0,3.4264869626532044,2.284324641768803,2.6568572295480237,5.92884915537639,0.4622517250308457
23,930.0,426.0,3.538383675613452,2.358922450408968,2.6270946901041103,5.596189232660532,0.46691155223526526
23,936.0,420.0,3.587912181837637,2.3919414545584248,2.74724215071248,5.578880609220772,0.47069316757475815
23,942.0,414.0,3.5840276627884995,2.389351775192333,2.621543893203034,6.139912288492732,0.47478882555027396
23,948.0,408.0,3.446854848640215,2.29790323242681,2.432836487818173,5.406950473667752,0.47990303472385115
23,954.0,402.0,3.651306446832248,2.4342042978881655,2.443502943230706,5.364543081466516,0.4833092422787418
23,960.0,396.0,3.7359882039498986,2.490658802633266,2.205704622935326,5.912946115177221,0.48688315038131685
23,966.0,390.0,3.559281438121765,2.372854292081177,2.4129419212685392,5.283207433238561,0.4893435398577605
23,972.0,384.0,3.5574649362549824,2.371643290836655,2.5166031143682015,5.031286034120579,0.4935212748346615
23,978.0,378.0,3.4450715798594174,2.296714386572945,2.8538692806784716,6.428806427541259,0.497882996566554
23,984.0,372.0,3.4996660711615615,2.3331107141077077,2.5443356514833275,5.860952775191887,0.5009417508355355
23,990.0,366.0,3.5053010437623784,2.336867362508252,2.481016482733001,5.69031038224564,0.5053782054507242
23,996.0,360.0,3.528928200689737,2.3526188004598247,2.3324349072284085,5.352796922243054,0.5090409563925531
23,1002.0,354.0,3.6241674898904166,2.4161116599269445,2.705073163988979,5.440254198874204,0.5132207186084148
23,1008.0,348.0,3.5893014513446113,2.392867634229741,2.574813979420887,5.435557690671642,0.5190627639477058
23,1014.0,342.0,3.5608281665536134,2.373885444369076,2.3196703952439495,5.773712370156752,0.5231561154617483
23,1020.0,336.0,3.6812182389859562,2.4541454926573043,2.4978457869205126,5.6087177105204695,0.5261424081130212
23,1026.0,330.0,3.739040562010159,2.492693708006773,2.4147505867834878,4.881707404221984,0.5311942421984088
23,1032.0,324.0,3.538186945844243,2.3587912972294953,2.266324472912222,5.704231986516755,0.5357550727795131
23,1038.0,318.0,3.657643060194686,2.4384287067964574,2.439654139446249,5.539054920794958,0.5409651384417642
23,1044.0,312.0,3.541922480536488,2.361281653690992,2.7365333373482685,5.740638759425416,0.5454123571558588
23,1050.0,306.0,3.6348742955025464,2.4232495303350308,2.7329472601291736,5.900120164770439,0.5506079001752624
23,1056.0,300.0,3.5545158034852227,2.369677202323482,2.2662259946151684,5.576720232158224,0.553171404719937
23,1062.0,294.0,3.7487799489823854,2.4991866326549235,2.404634018960639,5.113953638166999,0.5567719019523083
23,1068.0,288.0,3.601014029031822,2.400676019354548,2.394548561778581,5.135118289823849,0.5605630566778957
23,1074.0,282.0,3.7650654345647903,2.5100436230431935,2.279197503559014,5.5869043778725125,0.5645988222379913
23,1080.0,276.0,3.679412412469534,2.4529416083130227,2.4147748971750533,5.1703146442837316,0.5669032509556166
23,1086.0,270.0,3.6126447128170405,2.408429808544694,2.4798670956421027,4.399840199176645,0.5720102978529644
23,1092.0,264.0,3.8706240788084934,2.5804160525389954,2.509014998250442,5.234524277045554,0.5766656260494846
23,1098.0,258.0,3.7696143058223917,2.5130762038815946,2.3524953313715216,5.969613174058428,0.5824746398138773
23,1104.0,252.0,3.6600153639468864,2.4400102426312578,2.3802853096721615,3.6743410782721053,0.5881016298061285
23,1110.0,246.0,3.810872282916997,2.540581521944665,2.1719188351051075,4.516675796127337,0.5934226594047443
23,1116.0,240.0,3.763489610882236,2.508993073921491,2.3595284543218935,5.232067098333514,0.6000330028574837
23,1122.0,234.0,3.891979946845295,2.5946532978968633,2.2821582925957857,4.329447974440362,0.6037617838472138
23,1128.0,228.0,3.8843047753584257,2.5895365169056173,2.2315111302608464,4.387524975312331,0.6072492525401034
23,1134.0,222.0,4.018633535499952,2.6790890236666347,2.130450552824541,4.621283840567748,0.6109596886956734
23,1140.0,216.0,3.8650500408139385,2.5767000272092924,2.220362003803677,5.057740437374726,0.6148116472418911
23,1146.0,210.0,3.7719222965416876,2.5146148643611252,2.1479275140624394,4.767490571001628,0.6208708546044419
23,1152.0,204.0,3.7794227322878755,2.5196151548585837,2.363871304182221,6.153433167674222,0.6243775910244902
23,1158.0,198.0,3.928959297301683,2.619306198201122,2.2602726691660537,4.41943592818081,0.6284338280697717
23,1164.0,192.0,3.9085037846344943,2.6056691897563296,1.9806538960672695,5.542527944743379,0.6332401332267067
23,1170.0,186.0,3.8100435636775987,2.5400290424517324,2.0930944318867595,4.459715068204585,0.6375704772276752
23,1176.0,180.0,3.7922514078630334,2.528167605242022,2.3947286016913782,5.621424579004644,0.6403254939886828
23,1182.0,174.0,3.812125706553337,2.5414171377022248,2.3862438352663045,5.227416150666239,0.6456461865570896
23,1188.0,168.0,3.871167434493194,2.5807782896621294,2.007037856760213,4.704434976476527,0.6512164375153638
23,1194.0,162.0,4.095115100432128,2.7300767336214187,2.033489401996378,4.363971361322931,0.6562754478988403
23,1200.0,156.0,3.8068882363454164,2.5379254908969444,2.231117311668001,4.563054979391408,0.6611699296166604
23,1206.0,150.0,3.8941860026211623,2.5961240017474414,2.163461221917592,4.259773822544966,0.6656585719789914
23,1212.0,144.0,4.050906537947224,2.7006043586314825,1.9561287541674124,4.933711781409496,0.6710628018474726
23,1218.0,138.0,4.031753656209236,2.6878357708061578,2.1199142393233057,4.789288978751884,0.6751987666523797
23,1224.0,132.0,4.006848391628829,2.6712322610858856,2.1236538671362464,4.315537945712775,0.6804223339028732
23,1230.0,126.0,3.9980383704990707,2.665358913666047,2.1064737009634578,4.460570640217727,0.6862840270124956
23,1236.0,120.0,4.032704941504221,2.688469961002814,2.0336501983597377,4.774995210035704,0.6915018388042388
23,1242.0,114.0,3.976675595790416,2.6511170638602772,2.3820182536152625,4.048042983761042,0.6973156058936144
23,1248.0,108.0,4.040554898939545,2.6937032659596967,1.9422165003129197,3.6312070976378656,0.7019997791931823
23,1254.0,102.0,4.128752840567542,2.752501893711695,2.131297373165761,4.970952594533453,0.7051343229942387
23,1260.0,96.0,4.163353091405199,2.7755687276034657,1.9938164464436847,4.53434161782885,0.7128304896367466
23,1266.0,90.0,4.140776214709259,2.7605174764728395,2.0004570510450383,4.380259431315675,0.7184779969421036
23,1272.0,84.0,4.259414660275484,2.839609773516989,1.8412537153550386,4.606739612824437,0.7219514973760431
23,1278.0,78.0,4.140349200824699,2.760232800549799,2.035344011608779,4.146494251569021,0.7282558787473424
23,1284.0,72.0,4.0389900782326595,2.6926600521551065,1.9917301904609415,4.483003274460889,0.7340037433576055
23,1290.0,66.0,3.9626743119140695,2.6417828746093797,1.6962161657973658,4.337813226728048,0.7390034262052811
23,1296.0,60.0,4.1590523800851,2.7727015867234,1.4664587102205884,3.8093777153622224,0.7436508168962674
23,1302.0,54.0,4.253459674790122,2.8356397831934146,2.083130971487201,3.9645253664669826,0.748079551194123
23,1308.0,48.0,3.9997610136602093,2.6665073424401395,1.7684982989330431,4.490814976587393,0.7513691545508442
23,1314.0,42.0,4.109380940149815,2.73958729343321,1.9141626078118672,4.324195834992058,0.7572299044783704
23,1320.0,36.0,4.123354607192978,2.748903071461985,2.1058134087211235,3.471665811148258,0.7651203238632097
23,1326.0,30.0,4.3069322994986825,2.871288199665788,1.8940590183058257,3.344026778180349,0.7729840240821071
23,1332.0,24.0,4.189304470049992,2.7928696466999945,2.219893239103824,4.432525269351213,0.7824164869090086
23,1338.0,18.0,4.163308523323827,2.7755390155492177,1.606488606692094,4.091276175598262,0.7863673324025443
23,1344.0,12.0,4.275013630266715,2.8500090868444765,2.441192753313289,3.5536765986118195,0.7896475792423809
23,1350.0,6.0,4.329698743275525,2.88646582885035,1.7008263761097493,3.917720705474638,0.7975423968102824
23,1356.0,0.0,4.130675213982728,2.753783475988485,1.8696277804903367,4.448572384063136,0.8024043908529841
24,0.0,762.0,2.7313925288378353,1.820928352558557,1.0,3.533807305065439,0.0026072067901510092
24,6.0,756.0,3.011353802930711,2.007569201953807,1.465518525523759,3.2878509921568795,0.006767203315967122
24,12.0,750.0,2.717311677740594,1.8115411184937293,1.849140409647838,3.3338408701140656,0.010680043585904145
24,18.0,744.0,2.530710649975446,1.687140433316964,2.018837406228528,3.540732189173879,0.014036997635993684
24,24.0,738.0,2.7508117242671086,1.833874482844739,2.092008355879708,3.687931825834392,0.018496934830684274
24,30.0,732.0,2.8727833094268305,1.9151888729512203,2.033498829261858,4.968872140528858,0.024138198187112738
24,36.0,726.0,2.7500226007876116,1.8333484005250744,1.7531527384280507,4.17208419218087,0.02704562008815772
24,42.0,720.0,2.9672955151005374,1.978197010067025,2.3321044921364833,5.160129895806861,0.029977625457186227
24,48.0,714.0,2.7730502038426925,1.8487001358951283,2.253110042287984,3.836509736732946,0.03456283771651381
24,54.0,708.0,2.9264621592073965,1.950974772804931,2.330863503097208,5.571096431826179,0.03971012349007477
24,60.0,702.0,2.915064067852013,1.9433760452346753,2.4663236307932572,5.514182961899695,0.043501106931884234
24,66.0,696.0,2.7209322175361024,1.813954811690735,2.3922091356335637,4.48934051628889,0.049019487851436935
24,72.0,690.0,2.5777904254759907,1.718526950317327,2.4160055194690675,5.306727454891623,0.052045991204076686
24,78.0,684.0,2.718379629370816,1.8122530862472106,2.344700556715047,5.010372121207936,0.056416074064350306
24,84.0,678.0,2.8767966298236223,1.9178644198824149,2.60524481134682,5.5546448442580605,0.060124669926657756
24,90.0,672.0,2.808816082388233,1.8725440549254886,2.7099401028292656,5.045143046988653,0.0661190009469096
24,96.0,666.0,2.8999559726851523,1.9333039817901014,2.39744684320533,6.369614113428662,0.07046834843448431
24,102.0,660.0,2.980571343425585,1.9870475622837234,3.043616932591996,5.458686763140903,0.07444199018737926
24,108.0,654.0,2.9704788406604004,1.9803192271069336,3.0752452194583872,6.256464397379988,0.08051424251868072
24,114.0,648.0,2.7449343731835074,1.8299562487890049,3.2728842198827897,7.016610639213979,0.0850776026385536
24,120.0,642.0,2.838837714303857,1.8925584762025711,3.154395660522834,6.345145659554346,0.08967091700546695
24,126.0,636.0,2.841890056677023,1.8945933711180152,3.025686904072589,6.8641172530384225,0.09686445516071235
24,132.0,630.0,2.6788947656753246,1.7859298437835498,3.1736772468321015,7.028924426572421,0.0992221894426509
24,138.0,624.0,2.763496328800342,1.8423308858668948,3.2918904698272233,5.859518085277792,0.10405643314463464
24,144.0,618.0,2.971385308533452,1.9809235390223012,2.728445020255004,6.859245487937497,0.10833916276142824
24,150.0,612.0,3.0186734158188138,2.012448943879209,3.087912175694061,7.099464017067547,0.11262449655010723
24,156.0,606.0,2.7688933788162777,1.845928919210852,3.474207445256344,6.867530001226596,0.11572796190358686
24,162.0,600.0,2.761080630198481,1.8407204201323208,3.0028200581058058,7.479935518120792,0.12063192226327175
24,168.0,594.0,3.11795203815574,2.078634692103827,2.908863760128851,8.08962390673342,0.12624012124338585
24,174.0,588.0,2.818601480190146,1.8790676534600974,2.8912831380670263,7.3315696381090385,0.13098721070948668
24,180.0,582.0,2.6560195599618117,1.7706797066412079,3.035233983892787,6.834492548510564,0.13653113017269708
24,186.0,576.0,2.7400924892822425,1.8267283261881617,3.1818975097509594,7.420693234689781,0.14011182153489543
24,192.0,570.0,2.891985102769877,1.9279900685132514,3.388549346119991,7.198812581374977,0.14400161660798255
24,198.0,564.0,3.2672949618597906,2.1781966412398606,3.1469723382580446,6.979433146709251,0.14781991533163716
24,204.0,558.0,2.967933760295358,1.978622506863572,3.122202068673938,7.469337830821559,0.15287393649664843
24,210.0,552.0,2.6328183992679315,1.755212266178621,3.156791064985077,7.578677831910495,0.15714780365270223
24,216.0,546.0,2.9866927559570966,1.9911285039713977,2.9687340638870494,7.353924061975679,0.16313349119577739
24,222.0,540.0,3.0471803715811996,2.031453581054133,3.2844318380016095,8.193713050603549,0.16961826301573762
24,228.0,534.0,2.8487861057584345,1.8991907371722896,3.7126781362312475,6.968317700918511,0.1744084768399298
24,234.0,528.0,2.8910966454919254,1.9273977636612836,3.283686089629598,7.67338495698064,0.17796419317831363
24,240.0,522.0,2.7368696857369947,1.82457979049133,2.949917619442135,6.323713755162829,0.1819005801571948
24,246.0,516.0,2.9352295053694766,1.9568196702463176,3.2066808001105014,6.828787650244331,0.1880316426700163
24,252.0,510.0,2.8486253615916612,1.8990835743944408,3.358099964890032,7.239745776702341,0.19406600445803288
24,258.0,504.0,2.842152111241619,1.8947680741610793,3.6176563798522006,6.8967607456594955,0.1991102230562352
24,264.0,498.0,3.008016793686077,2.0053445291240513,3.082611918749129,8.308709481113475,0.20515260138509445
24,270.0,492.0,3.050852456534955,2.03390163768997,3.2381578230616923,6.97440312208476,0.21035681635757061
24,276.0,486.0,3.0222957912294435,2.014863860819629,2.9044414964202647,7.149072888960462,0.21609287059770757
24,282.0,480.0,3.00933016145305,2.0062201076353667,2.907025166078909,7.438375343911091,0.2193615907772543
24,288.0,474.0,2.9826146730658425,1.988409782043895,2.8037104962766874,7.820983535247786,0.22367375191517064
24,294.0,468.0,2.944580884286164,1.9630539228574426,3.32332913120085,7.8362562381302325,0.2294166439245825
24,300.0,462.0,2.9096584683556657,1.9397723122371104,3.4452066672836135,7.831331272400379,0.23526220581918256
24,306.0,456.0,3.160040962815968,2.106693975210645,3.308390927501266,6.861835273644222,0.2431907681713301
24,312.0,450.0,2.868901208668888,1.9126008057792587,3.3360808547042344,6.586366954925002,0.24786064271267613
24,318.0,444.0,3.233054161549208,2.1553694410328053,3.2943897685555785,6.432301012885456,0.253163609511525
24,324.0,438.0,3.1486150388549943,2.099076692569996,3.2432227748587006,8.023079078589495,0.25926813302928053
24,330.0,432.0,2.810729301121785,1.87381953408119,3.494822598353909,8.03513683181913,0.260917974177394
24,336.0,426.0,3.150832793615124,2.100555195743416,3.277648001650739,7.577737002450226,0.26688320435819257
24,342.0,420.0,2.8594587529221793,1.9063058352814528,3.205586486516823,7.485696423357864,0.27194007939192627
24,348.0,414.0,3.021205230551751,2.0141368203678343,3.291881454101146,6.9306983650517955,0.27883125511856316
24,354.0,408.0,3.195963134113266,2.1306420894088443,3.524128634300547,6.80913694228925,0.28204974912145914
24,360.0,402.0,3.1508256743425713,2.100550449561714,3.8434330715471496,7.111034445768972,0.2869664579136263
24,366.0,396.0,3.3142961646831006,2.2095307764554004,2.9040038356922055,7.196249222477875,0.2918414766746253
24,372.0,390.0,3.0517679710025933,2.0345119806683956,3.327904532258644,6.64707145314461,0.2958536868672032
24,378.0,384.0,3.1754614407459605,2.11697429383064,2.6403783250474806,5.758309001369317,0.30279910719719005
24,384.0,378.0,3.409218572710431,2.272812381806954,2.900377739703725,7.40190365950941,0.3087261235144636
24,390.0,372.0,3.155850411975245,2.1039002746501634,3.0347540378044857,6.921272523221107,0.3122210352267133
24,396.0,366.0,3.3285043624219632,2.219002908281309,3.647658378769494,7.104964613449391,0.3168583208773946
24,402.0,360.0,3.2238127070286065,2.1492084713524044,3.2760690096998424,6.8021241069642375,0.321983589516077
24,408.0,354.0,3.025301980569756,2.016867987046504,2.7693608349337278,7.178855783037344,0.32847374974451493
24,414.0,348.0,3.0801038352156045,2.053402556810403,3.244795047745178,7.369741107095496,0.33314314321503324
24,420.0,342.0,3.2070280367764603,2.138018691184307,2.917680756282832,6.984658958049799,0.33929468471830326
24,426.0,336.0,3.2540088595030334,2.169339239668689,2.9002532557406173,6.035852413365558,0.3439104277168282
24,432.0,330.0,3.1512554847050516,2.100836989803368,2.895617598924104,6.815497671955266,0.34996636358523964
24,438.0,324.0,3.1133057400879323,2.0755371600586217,2.9164359094980354,6.406407954363488,0.3563377643377248
24,444.0,318.0,3.3789305322337633,2.252620354822509,3.435357306422691,6.127331138660283,0.361986262557447
24,450.0,312.0,2.935177300915622,1.9567848672770813,2.554869099439082,6.26783816390574,0.36753490036812086
24,456.0,306.0,3.3332731908367177,2.2221821272244786,3.1964017654499917,6.6182608108626235,0.376049021018965
24,462.0,300.0,3.2192654256955318,2.146176950463688,2.811258494592935,6.5366180953756725,0.3798957122740937
24,468.0,294.0,3.502266051001462,2.3348440340009744,2.7264252365356954,6.8142910019259695,0.3877926875595278
24,474.0,288.0,3.256025687854582,2.1706837919030546,2.944506366065859,6.342641209229092,0.39531874481196116
24,480.0,282.0,3.3453266031972975,2.230217735464865,2.957364969239979,5.707881086804596,0.403286337002991
24,486.0,276.0,3.4090890972157055,2.2727260648104703,3.1029015539680573,6.5342377179379385,0.4112452328800114
24,492.0,270.0,3.4539530541508348,2.3026353694338897,2.7985779839965517,6.0230930317700775,0.4190647723426696
24,498.0,264.0,3.341116860918499,2.2274112406123328,2.9528906553427134,6.491459290058797,0.4240690592402276
24,504.0,258.0,3.3399473303593576,2.226631553572905,2.7428971853401434,6.7500573602431615,0.4303660168293943
24,510.0,252.0,3.412613289969494,2.2750755266463294,3.0533721009806993,6.447549659118323,0.4377636456579211
24,516.0,246.0,3.393911598303258,2.2626077322021723,2.7810605256341323,6.512994631142735,0.4432091495333475
24,522.0,240.0,3.338607426480868,2.225738284320579,2.8524979818718554,5.7205174114197845,0.4482497425228004
24,528.0,234.0,3.5249558279768145,2.349970551984543,2.636972430301551,4.962545124832199,0.45424298066323443
24,534.0,228.0,3.593195020503974,2.3954633470026496,2.8701349448118485,5.448108712852915,0.4638810299160467
24,540.0,222.0,3.427537881737294,2.2850252544915293,2.3160295535552375,6.125909372545932,0.4731929810790791
24,546.0,216.0,3.594577518497655,2.3963850123317703,2.7170184174773495,5.275823613959628,0.4833006774011808
24,552.0,210.0,3.4040097476129128,2.269339831741942,2.7011916383728036,5.836452753268409,0.49133766400929135
24,558.0,204.0,3.5743360602300394,2.3828907068200262,2.3954979496881057,5.905717542065657,0.5002925602586678
24,564.0,198.0,3.6392228498966883,2.426148566597792,2.140009809510095,5.251059140818339,0.5054739074180201
24,570.0,192.0,3.4733071812974767,2.3155381208649843,2.598248582355605,5.123489391606013,0.5092568288481625
24,576.0,186.0,3.8127927397837778,2.5418618265225184,2.6431378134823995,4.828925727258408,0.5208205451618315
24,582.0,180.0,3.5293486102707217,2.3528990735138144,2.689631811384994,6.375421656941719,0.5256094651051688
24,588.0,174.0,3.654009415898806,2.4360062772658706,2.568829195592561,5.397141598293839,0.5339288991618758
24,594.0,168.0,3.6613423352327086,2.440894890155139,2.488536094261584,4.793304961643094,0.5417523894737417
24,600.0,162.0,3.709194666071902,2.4727964440479346,2.1841959645270306,4.843105090320313,0.5523389364616321
24,606.0,156.0,3.8551502316491835,2.570100154432789,2.249592667321786,4.8571546541563215,0.5606276647323463
24,612.0,150.0,3.642781387433517,2.428520924955678,2.3104798948142813,4.371966270359928,0.5662537387215669
24,618.0,144.0,3.5946296559384963,2.396419770625664,2.586103362552986,5.292529644508862,0.5738383156287103
24,624.0,138.0,3.7340489144642826,2.4893659429761885,2.3074729098867923,5.470537744083402,0.5822314504836139
24,630.0,132.0,3.7658799312564515,2.510586620837634,2.1311947139349567,4.665960242737276,0.591319783108338
24,636.0,126.0,3.955505984790404,2.6370039898602693,2.4891449260045553,4.511075128853864,0.6027060621981979
24,642.0,120.0,3.946043174922858,2.630695449948572,2.072554811324425,3.606779490795061,0.6157704095329258
24,648.0,114.0,3.8839473749267075,2.5892982499511383,2.064042326144178,3.4656234261463794,0.6229351150363149
24,654.0,108.0,3.7822461329465566,2.521497421964371,2.0790739044508455,4.123891919918718,0.632350630364892
24,660.0,102.0,3.819563590460027,2.5463757269733516,1.89192067829433,4.271611224468802,0.6369584142661167
24,666.0,96.0,3.811318816851028,2.5408792112340186,2.1371594074557416,4.388523155165541,0.6451869666755408
24,672.0,90.0,4.018849418649417,2.679232945766278,2.082530279003045,4.9234093538483705,0.6559835758168598
24,678.0,84.0,3.9672305816921996,2.6448203877947996,2.0391492249220358,4.390369453771604,0.6611499870846214
24,684.0,78.0,3.7957861789769938,2.5305241193179957,1.839667908650811,5.027766155521334,0.6712067450539639
24,690.0,72.0,3.9253957274698377,2.616930484979892,1.910294131436779,5.349668072829241,0.6781092940917757
24,696.0,66.0,3.933008872677488,2.6220059151183253,1.9513111896861188,3.9004764695192096,0.689370128442088
24,702.0,60.0,4.023436722683797,2.6822911484558642,2.081383973800383,4.15270575220437,0.7032862266626292
24,708.0,54.0,4.155443950713768,2.7702959671425123,2.287801641116416,3.540009564161181,0.7139366123311249
24,714.0,48.0,4.026368887630235,2.6842459250868234,2.325366119415084,4.095646694280226,0.7259419559422179
24,720.0,42.0,4.100288802444447,2.7335258682962977,2.152534713159421,4.087385758386533,0.7315087622255649
24,726.0,36.0,4.270240170164066,2.8468267801093776,1.760976995634798,3.9827074580069293,0.73903428583186
24,732.0,30.0,4.132600510995747,2.755067007330498,1.948738315986513,3.3692847761597204,0.7486290350369192
24,738.0,24.0,4.125064030437182,2.750042686958121,1.8323669683094073,3.8897859034104445,0.7563267489868516
24,744.0,18.0,4.12721506801575,2.7514767120105,1.8282667641019432,3.0,0.7660171404160127
24,750.0,12.0,4.281831049625892,2.8545540330839283,2.116995236596058,3.188317441541851,0.7777720488485165
24,756.0,6.0,4.252264909389089,2.8348432729260593,1.5643389164000205,4.342052809902355,0.7901691456373076
24,762.0,0.0,4.458582200701717,2.972388133801145,1.6939374553737776,4.344892681388636,0.8045140509416624
25,0.0,1140.0,2.834706658459188,1.889804438972792,1.7322407127671149,3.795515364934574,0.0036976670106939713
25,6.0,1134.0,2.653748350736334,1.769165567157556,1.553477508670796,3.2692869120091848,0.0063644561907074135
25,12.0,1128.0,2.997616522241932,1.9984110148279548,1.5081570744475574,3.5762568245847133,0.009880816601217859
25,18.0,1122.0,2.949812875834079,1.9665419172227194,1.7170501058953607,3.8452170959881653,0.013714019474343035
25,24.0,1116.0,2.6816313604028723,1.7877542402685815,1.8378545585761508,3.0,0.01728960947891137
25,30.0,1110.0,2.9039150461287546,1.9359433640858363,2.3560626446607396,3.996821238178189,0.021137647841739746
25,36.0,1104.0,2.6567525917483295,1.7711683944988863,2.1926004744489496,4.1272485873794995,0.02489939470765287
25,42.0,1098.0,2.8703485457884166,1.9135656971922776,2.190907055123451,4.27231972813209,0.02847129555789683
25,48.0,1092.0,2.795345867639667,1.863563911759778,1.909265691094378,4.282071170376426,0.031366592225433955
25,54.0,1086.0,2.537779672193848,1.6918531147958988,2.133622149437808,4.947868057022807,0.03411787963439804
25,60.0,1080.0,2.854851567735178,1.9032343784901187,2.2202152626107923,4.401395780632205,0.037081885028570793
25,66.0,1074.0,2.789910374294747,1.8599402495298314,2.383400334579904,5.668135496966666,0.040122341345769474
25,72.0,1068.0,2.6541850430102043,1.7694566953401363,2.2423431622031886,5.265349952599938,0.042254963351655975
25,78.0,1062.0,2.8804499869441074,1.9202999912960717,2.5472593539471307,5.712872806074869,0.04595955501356823
25,84.0,1056.0,2.737797990559007,1.8251986603726713,2.3142412681154925,5.470488197062163,0.04894186668596638
25,90.0,1050.0,2.6922999957826392,1.7948666638550927,2.3636547047451404,5.321365676790384,0.05066616676573423
25,96.0,1044.0,2.838244817429202,1.892163211619468,2.490826252732717,5.362716090363655,0.05414841692929784
25,102.0,1038.0,2.6797002468374593,1.786466831224973,3.0094398998802028,6.287586207344119,0.05647407715583764
25,108.0,1032.0,2.695075612176286,1.7967170747841907,2.3958309098980117,5.331203373631012,0.060992850225896
25,114.0,1026.0,2.836501055817081,1.8910007038780539,2.596282498129071,6.027719539303094,0.06397297303735738
25,120.0,1020.0,2.7341015568336466,1.822734371222431,2.506112840747333,6.146766106012514,0.06681545059536761
25,126.0,1014.0,2.8322393259195695,1.8881595506130464,2.6730330044899278,5.849945074653199,0.07044371767209666
25,132.0,1008.0,3.0372948421005947,2.0248632280670633,2.805375888089727,5.818396331175492,0.07507841967445389
25,138.0,1002.0,2.95291770473812,1.9686118031587467,2.720586020969324,6.565698885246794,0.07900889005467644
25,144.0,996.0,2.8719098058457955,1.9146065372305303,2.966404241652642,5.851382659306521,0.08128940276250228
25,150.0,990.0,2.7551578075898635,1.8367718717265757,2.9215192240005843,6.531810255956043,0.08337407630719096
25,156.0,984.0,2.9325875614489956,1.9550583742993304,2.6300749210505896,7.143834082150482,0.08699279986175859
25,162.0,978.0,2.888936197731176,1.9259574651541174,3.106417957990346,6.950890756038043,0.09014149982594048
25,168.0,972.0,2.9020369592337985,1.9346913061558657,2.7991539705756687,5.6096154135905,0.09351410676659959
25,174.0,966.0,2.764211479881985,1.8428076532546565,3.0721135264322292,6.468980064724429,0.09627302823117233
25,180.0,960.0,2.7626163567985897,1.8417442378657265,3.267207369070883,6.8923677276335,0.09989879482634278
25,186.0,954.0,2.7637541835245085,1.842502789016339,2.9586406537257255,7.8928823449147965,0.1021067301474136
25,192.0,948.0,2.845602081490792,1.8970680543271945,3.2965440671360606,6.8280936035757485,0.1050865264030729
25,198.0,942.0,2.9299935298408144,1.9533290198938762,3.336902594741024,6.40473227339017,0.10768713713127848
25,204.0,936.0,2.8997772495505205,1.9331848330336803,2.965927814025111,6.845035584897508,0.11029611900994743
25,210.0,930.0,2.976278213174693,1.9841854754497954,3.1958039666631355,6.8768659129192935,0.11299681424829884
25,216.0,924.0,2.8691991621193096,1.912799441412873,3.109688768613847,7.251023619398362,0.1154483895917835
25,222.0,918.0,2.7292582551425957,1.8195055034283971,3.00940332420226,6.290577910736423,0.11892395791674071
25,228.0,912.0,2.885305343238942,1.923536895492628,3.272700000180178,6.7424068055548405,0.12157715324476365
25,234.0,906.0,2.6845084220688484,1.7896722813792323,3.210531652528626,7.887714019289739,0.12487004195249933
25,240.0,900.0,2.8913554157409678,1.927570277160645,3.392650762699231,7.374815383520304,0.12778469478049276
25,246.0,894.0,2.9081438367871897,1.9387625578581265,3.3030782831683396,6.815159544761009,0.13227162851704585
25,252.0,888.0,2.8670662170275065,1.9113774780183377,3.285718553076048,6.281430217290388,0.1367164216796481
25,258.0,882.0,2.756243420197877,1.8374956134652514,3.3279335165860364,6.4906356008092025,0.13912682014986125
25,264.0,876.0,2.8994467696374384,1.9329645130916255,3.0124248512176623,7.180698442247427,0.14170512311979766
25,270.0,870.0,2.5863826703805497,1.7242551135870332,3.2431360390031108,6.424383755159423,0.14443089055757413
25,276.0,864.0,2.732432359817585,1.8216215732117231,3.3839764290888747,6.497614450173373,0.1472549870138598
25,282.0,858.0,2.624267184540532,1.7495114563603547,3.425546973716588,7.626163172149225,0.14985861428491173
25,288.0,852.0,2.9388014758114878,1.9592009838743252,2.9791862879923343,7.367722515767856,0.15287967211257178
25,294.0,846.0,2.957237997406933,1.9714919982712888,3.4063515008050747,6.9189164972428285,0.1562683115488407
25,300.0,840.0,2.7730895025012803,1.8487263350008536,3.2357404374867875,7.691628181994111,0.15957013215158328
25,306.0,834.0,2.8972321424394765,1.931488094959651,3.2130448658715625,7.286924191038229,0.16381294279624226
25,312.0,828.0,2.9715785657584552,1.9810523771723034,3.2236752932191117,7.71830811200449,0.16664855355310476
25,318.0,822.0,2.8326475922088776,1.8884317281392518,3.2477160694992073,7.096482207683229,0.16944510872420318
25,324.0,816.0,2.9639833527441746,1.9759889018294496,3.2160399499251304,7.3205677056812615,0.1741735557787944
25,330.0,810.0,3.1136178816341804,2.075745254422787,3.2306855334922226,7.0435656862603,0.1790675696118917
25,336.0,804.0,2.8998672556174196,1.9332448370782798,3.160894063400385,6.738948033106962,0.18229927983565564
25,342.0,798.0,2.8775308450351695,1.918353896690113,3.1415781466646595,7.296202187287951,0.18556344596978674
25,348.0,792.0,3.175461157571726,2.1169741050478175,3.197276065342229,7.34490846713368,0.1901275568354124
25,354.0,786.0,3.1179621750896733,2.078641450059782,3.1324237962019303,7.449458756320136,0.193801052128586
25,360.0,780.0,3.05994022837412,2.0399601522494133,3.011187818319479,8.222727644957196,0.1978915456256527
25,366.0,774.0,2.9833688438284156,1.988912562552277,3.191964033669111,7.710599410724786,0.20142698972114126
25,372.0,768.0,3.126057512949411,2.084038341966274,3.440227810563039,7.418518889016024,0.20508926569893218
25,378.0,762.0,2.98287704447505,1.9885846963167,3.2883630158592974,6.5442032758464945,0.20850261551961763
25,384.0,756.0,3.125204557958728,2.0834697053058187,3.642149529851531,7.6394730364286145,0.21136503430818235
25,390.0,750.0,2.885194953853247,1.9234633025688312,3.4064267584440953,7.002637664320052,0.21622217356535742
25,396.0,744.0,2.99366117457582,1.99577411638388,3.400103179463347,6.794433984415607,0.2184964368035202
25,402.0,738.0,3.016080380856257,2.010720253904171,3.118883898644956,7.503205325091524,0.22080795589796842
25,408.0,732.0,2.887398761969389,1.9249325079795927,3.454188796154717,6.932119938920946,0.22268717201936225
25,414.0,726.0,2.989964978088258,1.993309985392172,3.197385563567782,7.911802412711841,0.2271771360768011
25,420.0,720.0,3.209032156045451,2.139354770696967,3.4146198432702457,7.147007426908429,0.232340615374526
25,426.0,714.0,3.0845463836911016,2.0563642557940676,3.5820980138168808,7.275868127789659,0.23759776525901816
25,432.0,708.0,2.848749782046275,1.8991665213641833,3.214339549699776,7.124940834797737,0.2408641221699472
25,438.0,702.0,3.018600714432529,2.0124004762883527,3.375429498312023,7.192737634327245,0.24562204502556742
25,444.0,696.0,3.000509261079333,2.000339507386222,3.0980305983576986,7.039984734050796,0.2494170655033515
25,450.0,690.0,2.9827549090204855,1.9885032726803236,3.407443236578578,7.638901329433271,0.25442909335983593
25,456.0,684.0,2.7631588551310924,1.8421059034207283,3.4061887003599183,6.227188919663562,0.25781124194390137
25,462.0,678.0,3.0273994767918815,2.0182663178612543,3.5331270178254375,7.264007657071663,0.26129169222037973
25,468.0,672.0,3.126516492838793,2.084344328559195,3.5339542532610966,7.737298265662358,0.2641579255274832
25,474.0,666.0,2.9520306863191306,1.9680204575460871,3.557963116880613,7.241918686378748,0.26698773397386083
25,480.0,660.0,3.0335346620606733,2.0223564413737822,3.2234043712991074,8.064886647638646,0.2701889778780028
25,486.0,654.0,3.167027451254719,2.1113516341698126,3.2934956015125443,6.740162030287217,0.27265366557887977
25,492.0,648.0,3.154375183435601,2.1029167889570672,3.422596094330854,7.459687956587395,0.27523434783947426
25,498.0,642.0,3.014605077181788,2.009736718121192,3.493174173588547,6.1978947324890035,0.27916978250286767
25,504.0,636.0,3.24650601027476,2.1643373401831734,3.4121342117912206,7.18462994305246,0.28374815587074953
25,510.0,630.0,3.277736527483225,2.1851576849888166,2.975551298443657,6.910053123341907,0.2863767237077306
25,516.0,624.0,3.100710769106104,2.0671405127374025,2.933970610260758,6.811116035519288,0.2913944413845945
25,522.0,618.0,3.188762510155901,2.1258416734372676,2.9813043668208246,6.948774881483807,0.29329192750832805
25,528.0,612.0,3.1306668952210477,2.0871112634806983,3.53847834359298,7.103518891959903,0.29730908661110167
25,534.0,606.0,3.1403068073467284,2.0935378715644855,3.308872602221641,7.567012326855831,0.3010121588584109
25,540.0,600.0,3.175532487858606,2.117021658572404,3.314928062365921,6.905293656064349,0.305518904917974
25,546.0,594.0,3.2526885645066206,2.1684590430044137,2.5840398861084886,7.09057401666687,0.31182118109982393
25,552.0,588.0,3.083498417295543,2.055665611530362,3.189163926496369,6.467298708475859,0.3150400080723017
25,558.0,582.0,3.1378436472333546,2.0918957648222363,2.9891207945645855,6.343693040383485,0.31849005732640473
25,564.0,576.0,3.202091692138528,2.134727794759019,3.1441288105442826,5.829208572338804,0.3241928439034836
25,570.0,570.0,3.14786761254638,2.0985784083642534,2.94803423245521,6.670144519817337,0.3276046449023014
25,576.0,564.0,3.2396240710116437,2.159749380674429,3.0585778067973832,6.519309010457808,0.3322006446113733
25,582.0,558.0,3.2512369348986008,2.1674912899324004,3.261708062818302,7.148985895639505,0.3351749848276977
25,588.0,552.0,3.0640946560977005,2.0427297707318,3.4267713232796773,5.814546700313453,0.33946089492482356
25,594.0,546.0,3.1792771807061135,2.1195181204707425,2.6980716783814236,7.056118364408975,0.34262358817520305
25,600.0,540.0,3.5693169435964505,2.3795446290643003,3.477844147312311,7.119716738549322,0.34826586238119955
25,606.0,534.0,3.217171296559525,2.1447808643730166,3.0943348450336163,6.825447104280903,0.3519870673047306
25,612.0,528.0,3.291558958620884,2.1943726390805893,3.1116009522313446,7.084382421131158,0.3575805122907073
25,618.0,522.0,3.106191771643178,2.0707945144287856,2.999033424906542,7.053587642489101,0.3602879645294492
25,624.0,516.0,3.3873527126797462,2.2582351417864976,3.2586159282237626,6.79844013564862,0.36269813471042206
25,630.0,510.0,3.262484578490099,2.1749897189933995,3.006968455544879,5.615110123012623,0.36774649126939907
25,636.0,504.0,3.4290102608979236,2.2860068405986156,2.9645790434032135,6.265135603272163,0.3715787396616388
25,642.0,498.0,3.351999948765439,2.2346666325102924,2.8209990665670355,7.109797952071915,0.3757607383950336
25,648.0,492.0,3.269133725135617,2.179422483423745,3.0937329540906293,5.828420872940697,0.3797010127165115
25,654.0,486.0,3.1861093423025766,2.1240728948683842,2.771223052415199,6.891213242866391,0.3834352424021622
25,660.0,480.0,3.517674978463208,2.3451166523088056,2.9721177049769314,6.364814797647431,0.39033831350637727
25,666.0,474.0,3.401349838902773,2.2675665592685155,2.677406342400426,6.3947784114016795,0.3932866243205079
25,672.0,468.0,3.3284014380644322,2.2189342920429547,2.8033173327107614,7.214762778645527,0.3961326901114792
25,678.0,462.0,3.567397822028329,2.3782652146855527,2.9128807937506234,5.75983956545305,0.4036175430011126
25,684.0,456.0,3.232106010757697,2.154737340505131,2.758643285814266,6.225727890819162,0.407648786777274
25,690.0,450.0,3.3193876073405675,2.2129250715603783,2.710646397570715,7.232158437968723,0.4123012059404894
25,696.0,444.0,3.2691062645544693,2.1794041763696463,2.762349146664001,4.974658451191576,0.4146942999047038
25,702.0,438.0,3.2471348222697545,2.1647565481798363,2.6555733459748514,5.846093873944345,0.41910814990907924
25,708.0,432.0,3.4869320993166673,2.3246213995444447,3.087673882990018,6.053054389602226,0.42366308881310333
25,714.0,426.0,3.49873280321511,2.33248853547674,2.823080440258301,5.9095679848536715,0.4271719604252442
25,720.0,420.0,3.3947915963976127,2.2631943975984083,2.4420944682811268,6.398220326452838,0.4286507988083235
25,726.0,414.0,3.3720069519919527,2.2480046346613016,2.8385623452774005,6.998797217160967,0.4336616030304231
25,732.0,408.0,3.2962702633131533,2.1975135088754354,2.633178795258722,5.710903324707876,0.43730524144098853
25,738.0,402.0,3.3356798797356766,2.223786586490451,2.619519930326465,4.535528028620615,0.44284213477941015
25,744.0,396.0,3.3718293026982584,2.247886201798839,2.5234878628207627,5.385886368249371,0.4458307098504056
25,750.0,390.0,3.6920491704872687,2.4613661136581793,2.4730818488875292,5.634378116365435,0.4494880477289038
25,756.0,384.0,3.3933045898769385,2.262203059917959,3.067785699466632,5.329161429018988,0.45309703616365915
25,762.0,378.0,3.366094657693096,2.2440631051287308,2.6534174054811475,6.377840763965762,0.4563003531498444
25,768.0,372.0,3.531097952789754,2.354065301859836,2.5523025216480635,6.393080615480361,0.46090049878909595
25,774.0,366.0,3.2798640544386943,2.186576036292463,2.754616039280946,5.9359274649740055,0.4633977432527108
25,780.0,360.0,3.4357884276183257,2.290525618412217,2.3205935153066704,5.948252826249454,0.4695393470505011
25,786.0,354.0,3.591446978394306,2.394297985596204,2.7907102089685316,5.622040153097086,0.47423081098548336
25,792.0,348.0,3.537393948421251,2.358262632280834,2.6021177384936887,5.371654405198947,0.4771547395013011
25,798.0,342.0,3.423092522572586,2.2820616817150574,2.462125009770139,5.305834849989351,0.4820833470057139
25,804.0,336.0,3.46844122974066,2.31229415316044,2.6732252449189895,5.942356554027207,0.4856021429842747
25,810.0,330.0,3.5025830761293326,2.3350553840862216,2.249241696240599,4.821922285608598,0.49086860540039884
25,816.0,324.0,3.5759130102146623,2.3839420068097747,2.623221612902435,4.9915985987260205,0.496844960719563
25,822.0,318.0,3.6389350280890915,2.4259566853927277,2.3584694501734322,5.964374953989272,0.5032347391186947
25,828.0,312.0,3.4725341808150287,2.3150227872100193,2.8088395035387492,5.499406379683245,0.5080513407895023
25,834.0,306.0,3.620589806085492,2.413726537390328,2.3407304222391456,4.668667439727929,0.5112523112120311
25,840.0,300.0,3.5734664903314446,2.3823109935542965,2.6221221428303787,5.749445435860315,0.5146744079148283
25,846.0,294.0,3.633421126994088,2.422280751329392,2.8390247917579887,5.737903962214502,0.5207875647806461
25,852.0,288.0,3.595211439381391,2.396807626254261,2.3181351717189447,5.384945865535053,0.5252443126996333
25,858.0,282.0,3.656356489504053,2.437570993002702,2.5940924396332394,5.231397496545971,0.530119829541967
25,864.0,276.0,3.49796602931259,2.33197735287506,2.6375773979414183,4.958474614046543,0.5352893779967027
25,870.0,270.0,3.67343518683115,2.4489567912207666,2.3393061664084995,6.0915885251996285,0.5401093718577609
25,876.0,264.0,3.571948872263509,2.3812992481756727,2.499922801377003,5.665502334954478,0.5421935694708864
25,882.0,258.0,3.6365975877122185,2.4243983918081455,2.442111471787996,5.604760728716211,0.5456913254330817
25,888.0,252.0,3.7764504138626243,2.5176336092417495,2.3368611299941455,5.056309136014371,0.552677015063678
25,894.0,246.0,3.732643751532474,2.488429167688316,2.389345982670464,5.2154771855451765,0.5566011350320023
25,900.0,240.0,3.493882188783784,2.3292547925225224,2.700776964357062,4.837847496670918,0.5609882501664598
25,906.0,234.0,3.717103672770312,2.478069115180208,2.64852202043774,4.4303636139266835,0.5666615318846581
25,912.0,228.0,3.376578428861592,2.2510522859077278,2.3932697509128955,5.676694498917081,0.5714714463657214
25,918.0,222.0,3.6645474518774273,2.4430316345849517,2.4894588887889273,4.543238623209661,0.5753572830744075
25,924.0,216.0,3.6892499457184753,2.4594999638123167,2.1817884784239636,4.850915767752154,0.5799448665614587
25,930.0,210.0,3.7442422210555275,2.496161480703685,2.528038628263718,4.59858448844374,0.5852720040125217
25,936.0,204.0,3.915833150350429,2.6105554335669527,2.1105825088229313,5.453431845061351,0.5875347204890388
25,942.0,198.0,3.4742956326162697,2.3161970884108465,2.086021875997642,4.53611136577364,0.5931210279157372
25,948.0,192.0,3.7498693178546634,2.4999128785697757,2.651220330353499,4.71486983222358,0.598081849473005
25,954.0,186.0,3.735115980656936,2.4900773204379574,1.8617977718142011,4.605300989099394,0.6046437036808952
25,960.0,180.0,3.7238107053283427,2.482540470218895,2.517293492858746,4.951171338237059,0.6112947384119047
25,966.0,174.0,3.824088386051929,2.5493922573679524,2.5638595509203825,4.2641034730039244,0.6182414164200609
25,972.0,168.0,3.985788401552506,2.6571922677016704,2.1550920756427554,5.65381664584927,0.624467667020646
25,978.0,162.0,3.8876832169481803,2.591788811298787,1.9149005666995311,4.901954454786536,0.6303835690643088
25,984.0,156.0,3.725560676568878,2.4837071177125853,2.4381210663317945,4.077730598249111,0.635645323476774
25,990.0,150.0,3.9232849080426266,2.6155232720284176,1.958267139415774,3.9450791549337927,0.6403141920846339
25,996.0,144.0,4.082128899994973,2.721419266663315,1.94567924655794,3.899608229361093,0.6457707492207917
25,1002.0,138.0,3.938784998125736,2.625856665417157,1.8725540476227314,5.420711985434386,0.6514767807543687
25,1008.0,132.0,3.9611599639308968,2.6407733092872645,1.9040597512597777,4.258535650882236,0.6570368246004511
25,1014.0,126.0,3.780535388915339,2.520356925943559,2.0454688229607205,4.33755046533107,0.6598860671066841
25,1020.0,120.0,4.001332643287761,2.667555095525174,2.309924770947606,4.168471670297896,0.6669820419815041
25,1026.0,114.0,3.9998596476834924,2.6665730984556615,1.9023627863421584,3.6725668168098595,0.6734371432011437
25,1032.0,108.0,3.9326665109027776,2.6217776739351852,2.1508213989253457,4.083163302356051,0.6800271340374847
25,1038.0,102.0,3.75284122218899,2.5018941481259933,1.9603474182861433,5.740957503128477,0.6866318562464457
25,1044.0,96.0,3.972063391612509,2.648042261075006,2.2217071686943797,3.884007609672979,0.6934085036968611
25,1050.0,90.0,3.9767443568963627,2.6511629045975753,1.9598581233534664,3.835172117263777,0.6977396299452424
25,1056.0,84.0,3.907565958673754,2.6050439724491694,2.2563556105602416,4.38249402348427,0.7035250861754037
25,1062.0,78.0,3.9881082444622384,2.6587388296414924,2.0565008889827565,3.113209278499844,0.7085800066697111
25,1068.0,72.0,4.21581101937358,2.8105406795823864,1.8601078162952467,4.448564605805097,0.7134762699764454
25,1074.0,66.0,4.037278543773399,2.6915190291822664,2.110718374942261,4.319880062322218,0.720658509671487
25,1080.0,60.0,4.207362585435628,2.8049083902904184,2.0197841939342567,3.8226889441159444,0.7283195307308526
25,1086.0,54.0,4.188289557347265,2.79219303823151,1.7871485896613586,4.1702889718764755,0.7370971213786581
25,1092.0,48.0,4.0705065823267415,2.7136710548844944,1.6341306939771818,3.9380996863661535,0.7429721396995336
25,1098.0,42.0,4.19153182219309,2.7943545481287266,1.7468465397400734,4.029453468075525,0.7502082180304799
25,1104.0,36.0,4.075456250448508,2.7169708336323386,2.079019997539035,3.8422600679823304,0.755714055556726
25,1110.0,30.0,4.203186101684225,2.8021240677894834,1.840062896580737,4.093246646308989,0.7634904803295297
25,1116.0,24.0,4.197777781481437,2.7985185209876247,2.008397601221223,3.6536111445697483,0.7705333537416056
25,1122.0,18.0,4.243285182465214,2.8288567883101425,2.220573608939041,3.0537626969990512,0.7757882149241971
25,1128.0,12.0,4.16523437876519,2.776822919176793,2.1587997146642466,4.9631939696481355,0.784190472934003
25,1134.0,6.0,4.264707429989646,2.843138286659764,1.5264814485542977,4.237910644853475,0.7934641412916372
25,1140.0,0.0,4.134926735885545,2.7566178239236963,1.9483477422960014,3.330022594446731,0.8004522765104549
26,0.0,1152.0,2.946630003064321,1.9644200020428808,1.6440198244768207,3.0,0.0027263454548671134
26,6.0,1146.0,2.6354699018891625,1.756979934592775,1.6446663726702158,3.809188043870822,0.005012418561386688
26,12.0,1140.0,2.6735629342627725,1.782375289508515,1.8184954073488615,3.7313141799251888,0.007760651092672556
26,18.0,1134.0,2.6592461651594226,1.7728307767729483,1.6785325091223924,3.1903453185679926,0.009989489689047972
26,24.0,1128.0,2.805195931384357,1.8701306209229047,1.765170722266681,3.320293923824848,0.01344136818783602
26,30.0,1122.0,2.7548824529537335,1.8365883019691556,1.8652764441086995,3.704803793543883,0.016598677219834098
26,36.0,1116.0,2.9077241334434443,1.9384827556289628,2.3010370821810446,5.406796374148033,0.018771407211106993
26,42.0,1110.0,2.6010778736745648,1.7340519157830432,2.1043411322458208,3.673164940925383,0.022326160343841536
26,48.0,1104.0,2.677725259366092,1.785150172910728,2.2348249720791005,4.151863747629875,0.025720855986723443
26,54.0,1098.0,2.869565423488641,1.9130436156590942,2.111643045706176,4.100230875864656,0.02813395301161783
26,60.0,1092.0,2.699765424680735,1.7998436164538234,2.291512261068507,4.138761499116443,0.030953886870931466
26,66.0,1086.0,2.7089716392021144,1.8059810928014095,2.671512258822957,5.470766250737424,0.034388840830169486
26,72.0,1080.0,2.778442470548238,1.8522949803654918,2.210310412194925,5.636149368087332,0.03655984331287469
26,78.0,1074.0,2.650463487874263,1.766975658582842,2.321079489562327,4.784594606349673,0.03913609715372538
26,84.0,1068.0,2.703659312696607,1.802439541797738,2.391135930017429,4.848822803379596,0.04187907831297297
26,90.0,1062.0,2.663434069898376,1.775622713265584,2.1464981063391924,5.491491267378497,0.04349351837871109
26,96.0,1056.0,2.9993812364522885,1.9995874909681923,2.565872014438019,4.539025605407758,0.047499964414542566
26,102.0,1050.0,2.839354384545524,1.8929029230303493,2.7604425064496523,5.807710749936624,0.050377576211540244
26,108.0,1044.0,2.7403917412547347,1.8269278275031564,2.4405067239649596,6.268002670265064,0.05283345927867178
26,114.0,1038.0,2.9172202351653165,1.944813490110211,2.499951231733241,6.739671573443722,0.0573580835774435
26,120.0,1032.0,2.9753643139381105,1.9835762092920737,2.791967999063787,6.25889936477243,0.06130876444846916
26,126.0,1026.0,2.6042589870794544,1.7361726580529695,3.0347258523586813,5.522207229041007,0.06408122092662301
26,132.0,1020.0,2.7055264473674407,1.8036842982449606,2.814077948568023,6.895989027935302,0.06780085466044782
26,138.0,1014.0,2.8369101577174813,1.891273438478321,3.029772661385924,5.699099862604796,0.07030899606172097
26,144.0,1008.0,2.6539900692719214,1.7693267128479475,2.9428336288339323,5.832668395639789,0.07307887348908453
26,150.0,1002.0,2.8345223075189003,1.8896815383459336,2.9493457200158377,5.798674459662966,0.07681974953284716
26,156.0,996.0,2.9121858075991582,1.9414572050661054,3.1675042535101623,5.78863915347462,0.08109924013557292
26,162.0,990.0,2.9627147156961193,1.975143143797413,2.786315882502471,5.582217037376173,0.0833851625275968
26,168.0,984.0,2.842512557917425,1.89500837194495,3.088489916283755,6.345980833337033,0.08708155630199858
26,174.0,978.0,3.0146408912772107,2.009760594184807,2.5575289700812767,6.431237591712107,0.09078825108221787
26,180.0,972.0,2.8966059221258798,1.9310706147505865,3.333149635198648,6.468664111745036,0.09388703531578454
26,186.0,966.0,2.9589200289311197,1.9726133526207466,3.1372497911891086,6.964147535786415,0.09744237094709549
26,192.0,960.0,2.8451758306519297,1.8967838871012865,3.1939534049690366,7.245440404298042,0.10062905316548203
26,198.0,954.0,2.86971174584148,1.9131411638943199,2.773936075528945,6.7292935629363075,0.10429227186627907
26,204.0,948.0,2.951245788359185,1.9674971922394568,3.0352558496748627,6.582456921238176,0.10792008850994368
26,210.0,942.0,2.8097726565147205,1.8731817710098138,3.1934932272926235,6.855481087870985,0.11143026258814653
26,216.0,936.0,2.697200451145076,1.7981336340967173,3.220991964670398,7.564350946627271,0.11444754096664006
26,222.0,930.0,2.9846259491476457,1.9897506327650971,3.098213504691092,7.093171568963255,0.11782569844748639
26,228.0,924.0,2.6995920588563576,1.7997280392375716,3.159519328028403,7.609879010659194,0.1209366578396131
26,234.0,918.0,2.9167400611858336,1.944493374123889,3.056227249667892,5.805341197755,0.12260018399998064
26,240.0,912.0,3.0264843492545923,2.0176562328363947,2.906721504595239,6.7360052049839245,0.12490656811115741
26,246.0,906.0,2.646788731212219,1.764525820808146,3.0533530908523883,7.527104118390017,0.1282421470214949
26,252.0,900.0,2.8971176853808913,1.9314117902539276,3.3218137688035636,6.748052030581163,0.13190842764898292
26,258.0,894.0,2.8334173736104766,1.8889449157403178,3.318706713182236,7.655428324369165,0.1334875666751067
26,264.0,888.0,2.8872649973531654,1.924843331568777,3.3886421854746405,7.313376976322348,0.13834161026006306
26,270.0,882.0,2.991080081653337,1.9940533877688915,3.174395101028196,7.20921158405773,0.14164754269474883
26,276.0,876.0,2.9977461377402457,1.9984974251601637,3.238207725449153,7.962613350357749,0.14452699406389088
26,282.0,870.0,2.7763847438560245,1.850923162570683,3.134359769430939,7.5945077891735995,0.14657006004996148
26,288.0,864.0,3.101220264069373,2.067480176046249,2.926774162135649,8.163387851865993,0.14928658352931032
26,294.0,858.0,2.8209332689362263,1.8806221792908175,3.4651756868700927,8.073122489221609,0.15126189806640386
26,300.0,852.0,2.944265560626118,1.9628437070840787,3.186612193677344,6.736658137914091,0.1540699729236795
26,306.0,846.0,2.5828610456792953,1.7219073637861968,3.6736141027816016,6.0761902076804475,0.1571105228074985
26,312.0,840.0,2.811870164024482,1.8745801093496546,2.941734358999096,7.351414826275324,0.16042077113547576
26,318.0,834.0,2.9803656750187817,1.9869104500125212,3.308535458825199,8.44906181460413,0.1627991157565166
26,324.0,828.0,2.952975837242273,1.9686505581615155,3.5876689604208276,7.211195814516526,0.16627100967434
26,330.0,822.0,3.0994224069230905,2.066281604615394,3.4532863104659777,7.5920821686122855,0.1704495547568817
26,336.0,816.0,2.8847571010670543,1.9231714007113696,3.0539980181776913,6.756615000068562,0.17306240348307014
26,342.0,810.0,2.9825006070171525,1.988333738011435,3.410913310376596,6.895521711242187,0.1773221503954146
26,348.0,804.0,2.853210725471454,1.9021404836476359,3.454954327479887,7.911918150358586,0.1805257743417122
26,354.0,798.0,2.8351128495581976,1.8900752330387984,3.0338711903981923,7.157567684593252,0.18385684267303587
26,360.0,792.0,2.9056951314628034,1.937130087641869,3.5021914324282957,7.469909352171954,0.1861554959726464
26,366.0,786.0,3.0023142642508343,2.0015428428338895,3.286711360331918,7.123642374515588,0.1908262459713609
26,372.0,780.0,3.0379191966252854,2.025279464416857,3.659212322541262,6.877701196554031,0.1939098995712173
26,378.0,774.0,2.9419662900268397,1.9613108600178932,3.106675564164293,7.497884965915833,0.19696886405807962
26,384.0,768.0,2.9384374511865965,1.9589583007910643,3.3220273875102495,7.609108029705403,0.19944256361062623
26,390.0,762.0,2.910942768288587,1.9406285121923912,3.460400239439355,7.830455304761728,0.2033214141270509
26,396.0,756.0,3.0152747973112204,2.0101831982074803,3.4230609561454743,7.347827656158733,0.20568964380628885
26,402.0,750.0,3.1446746858201404,2.0964497905467603,3.764476800505793,7.605602324959356,0.20925010703562422
26,408.0,744.0,2.9469729919066423,1.964648661271095,3.126380185630185,7.212936694321398,0.21170375404405864
26,414.0,738.0,3.0830140976212013,2.0553427317474675,3.1577460905043875,7.400657435800242,0.21503438133536232
26,420.0,732.0,2.903929705999736,1.9359531373331575,3.622014695106495,7.407959784166384,0.2173637875441485
26,426.0,726.0,3.035964949454033,2.0239766329693554,3.5770777164890797,6.8898666932173995,0.2215745419262888
26,432.0,720.0,2.8969730959121516,1.9313153972747676,3.212800849071197,7.911970991082549,0.22463465462744173
26,438.0,714.0,3.0942741552225144,2.0628494368150094,2.9913178212873777,7.015174303351258,0.22737093919980725
26,444.0,708.0,2.9794774173742438,1.986318278249496,3.4342630176865767,6.330541786959239,0.23024203260082385
26,450.0,702.0,3.093432139666312,2.0622880931108747,3.205006821011556,7.610973834926534,0.23579720896336176
26,456.0,696.0,3.0085990594041507,2.0057327062694337,3.3328962178038495,7.409017780731606,0.23897165530596143
26,462.0,690.0,3.06653168302707,2.04435445535138,3.320247561653129,7.4944689872785055,0.2419682877166155
26,468.0,684.0,2.9792409770662758,1.9861606513775172,3.1124950912419944,7.1934511798422545,0.2451152131650741
26,474.0,678.0,3.125083565428103,2.0833890436187352,3.430603254932799,6.873168080518511,0.2476133510161443
26,480.0,672.0,3.156003122745283,2.1040020818301888,3.213057266084267,6.939780519888849,0.2503131388075149
26,486.0,666.0,3.1243831382456126,2.082922092163742,3.603179006083579,7.823773530724621,0.25353398489928264
26,492.0,660.0,3.2923916807244864,2.1949277871496577,3.1109525932821978,7.684853054155333,0.2581970714495505
26,498.0,654.0,3.194725961398678,2.1298173075991187,3.273657047011305,7.226681735468463,0.26243493028095327
26,504.0,648.0,3.108818757529708,2.0725458383531388,3.3431600354403184,7.4577679324686645,0.2656234450104799
26,510.0,642.0,3.066962849175953,2.0446418994506352,3.1439657015312577,7.087600065733413,0.2694021971484863
26,516.0,636.0,3.2982526092578013,2.198835072838534,3.20212878669791,7.74283292411479,0.2718496206602513
26,522.0,630.0,3.133487863088157,2.088991908725438,3.2808704647616365,7.026643914224135,0.27348981510490233
26,528.0,624.0,2.722679007409289,1.8151193382728594,3.0547963867842647,6.753817459727688,0.2758385764353504
26,534.0,618.0,2.9897773023570613,1.9931848682380409,2.9866291947364374,7.501252190527122,0.2797582096304484
26,540.0,612.0,3.342532776243951,2.228355184162634,3.064118968791763,7.732865211177678,0.28391903702521465
26,546.0,606.0,3.0777041918913692,2.0518027945942463,2.9551031799771437,7.0937865127748045,0.28809680809542126
26,552.0,600.0,2.9684226476711304,1.9789484317807535,3.044104053532233,7.282403057060286,0.2925545696695753
26,558.0,594.0,3.1656388141124223,2.1104258760749484,3.5018586146012605,6.969001130423253,0.2966803377113851
26,564.0,588.0,3.1373088847477097,2.091539256498473,2.6752800381037236,7.262287589407978,0.3006123597202989
26,570.0,582.0,3.1004891835191213,2.0669927890127475,3.0379962122727804,7.4664018218367465,0.30351402125028165
26,576.0,576.0,2.9915505656378882,1.994367043758592,3.102274977052017,5.94319762003493,0.3068935872051284
26,582.0,570.0,3.238910674077876,2.159273782718584,2.9163292472923237,6.925218307805702,0.31039025593479125
26,588.0,564.0,3.4130229809045107,2.2753486539363403,3.1241050962142474,6.9609779189978855,0.3154379856813551
26,594.0,558.0,3.0194106322961893,2.012940421530793,3.207917722154792,7.881489055567084,0.31845425205287303
26,600.0,552.0,3.1810415263743486,2.1206943509162324,3.2882914437872355,6.5094277318184846,0.3219433154825316
26,606.0,546.0,3.1261325019733284,2.0840883346488854,3.1107869533557873,6.0700372210083,0.32595920625526464
26,612.0,540.0,3.1698929558573763,2.113261970571584,2.92737062551789,6.313211375073869,0.3311908538411696
26,618.0,534.0,3.2681399728212313,2.178759981880821,2.9681708323980693,6.586416987660007,0.33608962414535487
26,624.0,528.0,3.331151008851046,2.2207673392340306,2.977548723768184,7.337415891043917,0.3407403310769702
26,630.0,522.0,3.3419586412967424,2.2279724275311614,3.12098634555655,6.7022342290651,0.3432189780455898
26,636.0,516.0,3.03951732507193,2.0263448833812867,3.2395806986028335,6.260537914485513,0.3457777997933803
26,642.0,510.0,3.1178543293675878,2.078569552911725,3.057802231432164,7.504270021217822,0.3503699449825368
26,648.0,504.0,3.285645818606798,2.190430545737865,3.402024617575273,6.3595556859476225,0.355143947362975
26,654.0,498.0,3.4237484987755096,2.282498999183673,3.2376945274528413,6.100715542001612,0.35950590724929504
26,660.0,492.0,3.1183555602911066,2.078903706860738,2.9286899412321037,6.695908344084476,0.36315131038341014
26,666.0,486.0,3.2231403534867242,2.148760235657816,2.7418454571768627,6.722901075757728,0.3658311969462717
26,672.0,480.0,3.465270605235457,2.3101804034903046,2.8386973151274195,6.121322729684832,0.3701294243769343
26,678.0,474.0,3.2324611053233956,2.154974070215597,2.7098442425134337,6.713827231143469,0.3753481902716846
26,684.0,468.0,3.1460166928902056,2.0973444619268036,2.3703818415390394,6.418111737765258,0.3791280421187719
26,690.0,462.0,3.374189104267028,2.249459402844685,3.2300959850196893,6.233038640757607,0.3856612350682253
26,696.0,456.0,3.3058489614656685,2.203899307643779,2.965186244838101,6.158935071174757,0.38864177087862517
26,702.0,450.0,3.3961421698662035,2.264094779910802,2.5929374218190557,7.486302254144376,0.39164948409242495
26,708.0,444.0,3.2775427231880596,2.185028482125373,2.9229161036166347,6.5095140119191415,0.39731236256583885
26,714.0,438.0,3.330779954360173,2.2205199695734485,3.0987951170046175,6.063051816982566,0.40016951444381926
26,720.0,432.0,3.2402491605893293,2.160166107059553,2.835991969192745,6.06125669101151,0.40263436341653996
26,726.0,426.0,3.4072838127936236,2.271522541862416,2.996440545977901,6.305646843170964,0.4099140027360824
26,732.0,420.0,3.182176910334864,2.121451273556576,2.9451452037951555,6.441890284829788,0.4134363443914948
26,738.0,414.0,3.4355629103307757,2.2903752735538503,2.6090556681774726,6.1879799848277095,0.41828067542924585
26,744.0,408.0,3.354537207795807,2.2363581385305378,2.7072448455559885,6.542886587955207,0.42283276323993485
26,750.0,402.0,3.5403181973531304,2.3602121315687534,2.7525541007182106,6.342312809528849,0.4302083560025768
26,756.0,396.0,3.365589927918675,2.2437266186124503,3.0390928703557387,6.338411227800925,0.4343295409228347
26,762.0,390.0,3.4494068864618357,2.2996045909745573,3.0216466527250434,6.377016076987414,0.43818846130957834
26,768.0,384.0,3.3654880092361275,2.243658672824085,2.75089668527028,6.125404797433771,0.44156906788769795
26,774.0,378.0,3.3067144124529078,2.2044762749686053,2.886062761315468,6.335741098959386,0.4466195931178696
26,780.0,372.0,3.6046292782877556,2.4030861855251704,2.912144897593774,5.995806733197271,0.4503148217901848
26,786.0,366.0,3.167960184501362,2.1119734563342414,2.7690615014023425,5.22391876919021,0.4545293410250408
26,792.0,360.0,3.351765747221623,2.2345104981477486,2.4334856633546105,6.30555283077464,0.45872412599811774
26,798.0,354.0,3.6173679780936174,2.4115786520624116,2.5311725891970247,5.16933709541858,0.46365257788933023
26,804.0,348.0,3.415556905388857,2.2770379369259044,2.1957346695841613,5.046624593886973,0.469416602810865
26,810.0,342.0,3.3936491865099714,2.2624327910066477,2.6575630696874772,5.928946511109297,0.4735884472634263
26,816.0,336.0,3.590659811101015,2.3937732074006766,2.469830783221705,5.796800817551443,0.47870677790555566
26,822.0,330.0,3.655689914411789,2.4371266096078594,2.6176132246686135,5.844404299943354,0.483494207148908
26,828.0,324.0,3.471071480989019,2.3140476539926795,2.2245040330631047,6.303414598450388,0.4878404050042642
26,834.0,318.0,3.5030129389438422,2.335341959295895,2.6765658372642465,6.905248479152963,0.4909335290961255
26,840.0,312.0,3.8045613547813533,2.5363742365209023,2.400926170723241,5.229360910044507,0.4968655248152164
26,846.0,306.0,3.4178703944728324,2.278580262981888,2.7613471191849177,5.676545481508299,0.5029158576049408
26,852.0,300.0,3.56054863581215,2.3736990905414332,2.5124977167677853,6.190385785151321,0.5072439312636359
26,858.0,294.0,3.641103246482919,2.427402164321946,2.7086216944181447,6.29253862160527,0.5119034723500142
26,864.0,288.0,3.410550922207806,2.273700614805204,2.6369443583604246,5.087410646551764,0.5169070203605227
26,870.0,282.0,3.800811377176705,2.5338742514511368,2.577469774715058,4.8725231396109345,0.5215114543603601
26,876.0,276.0,3.570335400073198,2.3802236000487986,2.031668176352357,5.167201797093707,0.5270476516437596
26,882.0,270.0,3.438665527185707,2.2924436847904714,2.3204769788870085,5.040678419892005,0.5321219636164698
26,888.0,264.0,3.5404251122676555,2.360283408178437,2.129213988027469,5.398279870924904,0.5366420716776534
26,894.0,258.0,3.79314159909645,2.5287610660643,2.1729960457308968,4.0820050588401955,0.5421769809432645
26,900.0,252.0,3.65938400559521,2.4395893370634734,2.413217845539602,4.621445285349047,0.5472201132607017
26,906.0,246.0,3.742946700376098,2.495297800250732,2.20211453208752,5.493601909524151,0.5546170903035947
26,912.0,240.0,3.9960090486815054,2.664006032454337,2.350103723331374,5.284799280527156,0.559775532934127
26,918.0,234.0,3.709348960891026,2.472899307260684,2.4322613959377395,5.696818740680173,0.5640867594813962
26,924.0,228.0,3.6031562376289323,2.4021041584192884,2.4331514923831716,4.756814891442871,0.5696326715610079
26,930.0,222.0,3.6558167763698983,2.437211184246599,2.346967615238875,5.2901562470467915,0.5740077910881826
26,936.0,216.0,3.8571006357124222,2.5714004238082815,2.2562836611408787,5.0611269095521205,0.5786179156178366
26,942.0,210.0,3.4128389087901136,2.275225939193409,2.4429946134859186,4.379190517658217,0.5816019868627191
26,948.0,204.0,3.794042665618826,2.529361777079217,2.1571600513425953,5.051102413836632,0.5853933043575373
26,954.0,198.0,3.8115185737834647,2.5410123825223097,2.2972089023557927,4.834432738294023,0.590126806902741
26,960.0,192.0,3.721820727101231,2.4812138180674874,2.2704522985358966,5.253712925871172,0.5937840657883431
26,966.0,186.0,3.6578127688641984,2.4385418459094654,2.638124702423523,4.762436950952256,0.600269973096623
26,972.0,180.0,3.8611092621689216,2.5740728414459477,2.6248384971937186,4.566149300009667,0.6053277733450491
26,978.0,174.0,4.0187141861408175,2.679142790760545,2.20822243601549,4.44282876489061,0.612034800508285
26,984.0,168.0,3.777627333622542,2.5184182224150278,1.998265083401029,4.505223699356527,0.6191212942647208
26,990.0,162.0,3.765569908919069,2.5103799392793795,2.2521456069494437,5.282088919168935,0.6248754957002658
26,996.0,156.0,3.731509825600043,2.4876732170666953,2.2683606001403565,4.515714302048454,0.6300091510336331
26,1002.0,150.0,3.87029577492515,2.5801971832834334,2.1971939163138536,4.279161494859319,0.6380970371579513
26,1008.0,144.0,3.759163361537384,2.5061089076915892,2.105516168262795,4.742994565382667,0.6419482168214394
26,1014.0,138.0,4.044388185209377,2.6962587901395847,2.367793411292813,4.445967111164133,0.6476142287722245
26,1020.0,132.0,3.968482992213893,2.6456553281425954,2.1001610514499385,3.09961049848985,0.6559790996852908
26,1026.0,126.0,4.015444186977104,2.676962791318069,1.76889995989494,5.0119961234421355,0.660982487187748
26,1032.0,120.0,3.9689905683792537,2.6459937122528356,1.9364015569529176,4.651215438753565,0.6647101938813127
26,1038.0,114.0,3.863764994501859,2.5758433296679057,1.9465982124756935,3.72079367059739,0.6726187006897928
26,1044.0,108.0,4.110219999485263,2.740146666323509,1.9856229917182393,4.658003968717104,0.6803784959606395
26,1050.0,102.0,3.892554584368687,2.5950363895791244,1.9476877321689439,4.632192750721049,0.6864264502284474
26,1056.0,96.0,4.035636744802806,2.690424496535204,1.9516350611164723,4.258562084925695,0.6932116989761836
26,1062.0,90.0,4.202361491702736,2.801574327801824,1.8980378962617672,4.760301995895204,0.6982949639463883
26,1068.0,84.0,4.018616541019866,2.679077694013244,1.9823064035425753,4.010136960478028,0.7044789304023049
26,1074.0,78.0,3.9992488735883365,2.6661659157255575,2.1001158714728443,4.108453574330218,0.7118429089734118
26,1080.0,72.0,4.061383391022069,2.7075889273480462,1.5335345669932572,4.105188916873782,0.7177739402274659
26,1086.0,66.0,4.212187547381564,2.8081250315877093,2.088188302462959,3.968201483186945,0.7241676884410224
26,1092.0,60.0,3.9141323205799767,2.609421547053318,1.8507161645966441,4.108896633914166,0.7298871670689332
26,1098.0,54.0,4.006311456915183,2.670874304610122,2.333837588116463,3.858207124741125,0.736614961777558
26,1104.0,48.0,4.126234025140554,2.7508226834270357,2.064728561031136,3.117486884553385,0.7420239602991472
26,1110.0,42.0,4.153310918642964,2.768873945761976,1.734750198330968,3.668386623710273,0.7481405347492879
26,1116.0,36.0,4.497407098630412,2.9982713990869416,1.868172745553713,3.8648690542232464,0.7559044220076562
26,1122.0,30.0,4.174787318558525,2.7831915457056833,1.9874175102996676,3.059711725849775,0.7616296669209399
26,1128.0,24.0,4.37926139850324,2.9195075990021597,1.9272650448646527,4.123192589441571,0.7700821622060033
26,1134.0,18.0,4.306084118450257,2.8707227456335045,1.9417714611946635,4.257162850647507,0.7781069138934112
26,1140.0,12.0,4.249269824164211,2.8328465494428072,2.0433986076232356,3.1290440596450173,0.7861081278061353
26,1146.0,6.0,4.075750417850695,2.7171669452337963,2.149656583096739,3.927622267056076,0.7932702396163196
26,1152.0,0.0,4.222413643333253,2.8149424288888354,2.2836487540050063,3.1745585641595055,0.8000988819932889
27,0.0,1314.0,2.596208169129413,1.7308054460862754,1.6276494700653654,3.491656685758637,0.0021326497541125705
27,6.0,1308.0,2.818943564585774,1.8792957097238494,1.670348211589963,3.107310698258762,0.004578288378318217
27,12.0,1302.0,2.7224604439971443,1.8149736293314296,1.4167332577827676,4.021972209791492,0.007305792828904741
27,18.0,1296.0,2.5849297976052594,1.7232865317368395,1.613494700057212,3.604322364723208,0.009204790082045868
27,24.0,1290.0,2.68287594934686,1.78858396623124,1.3469565337774778,3.471325317466167,0.011447296129048833
27,30.0,1284.0,2.743163803786864,1.8287758691912428,2.0905973083878355,5.183400777495688,0.014358011942892995
27,36.0,1278.0,2.7355865931164836,1.823724395410989,2.05079155442784,4.750845062560253,0.0177027320930053
27,42.0,1272.0,2.8960328640209676,1.9306885760139785,1.9106636211247479,4.099833166889917,0.020054022005313143
27,48.0,1266.0,2.7856877483627933,1.8571251655751955,1.9508075080608671,3.4884817944487603,0.021922515001871357
27,54.0,1260.0,2.6863565003641194,1.7909043335760797,1.9881276940402277,3.0,0.0247732423348743
27,60.0,1254.0,2.6333500285450673,1.7555666856967116,2.484559202114194,4.674493659042994,0.026424333196700563
27,66.0,1248.0,2.614999862947705,1.7433332419651366,2.040831337664468,4.391331239287539,0.02988599671733606
27,72.0,1242.0,2.742151362979303,1.8281009086528686,2.1209063159199713,4.616724263199811,0.03183895448029314
27,78.0,1236.0,2.7353939351064476,1.8235959567376316,2.3059501519700083,4.223013254105406,0.034113835279926535
27,84.0,1230.0,2.7269189015575286,1.8179459343716857,2.283047702121315,4.122804719497281,0.03631837911011261
27,90.0,1224.0,2.7247591115253686,1.8165060743502457,2.175083221919232,4.6213053931036345,0.03851320095759076
27,96.0,1218.0,2.604867183823313,1.7365781225488754,2.173159828865853,5.679922727108284,0.041560810445554604
27,102.0,1212.0,2.862682240812591,1.908454827208394,2.2332850814016725,4.327205388190926,0.04388152622278921
27,108.0,1206.0,2.8059500543858875,1.8706333695905917,2.5153113550594073,5.471974405148027,0.048282775282324775
27,114.0,1200.0,2.633959366041143,1.7559729106940953,2.471396632678469,6.5276954834710414,0.05056707804458572
27,120.0,1194.0,2.6076729518736252,1.7384486345824168,2.649067465331754,4.349578359767513,0.05308169588397404
27,126.0,1188.0,2.6236353137231685,1.749090209148779,2.6097150439167005,5.8250688607558185,0.05526459022282314
27,132.0,1182.0,2.913887862073175,1.9425919080487832,2.4432965362749597,6.038605913358322,0.05918224466958245
27,138.0,1176.0,2.9027899493438643,1.9351932995625762,2.4754278942726873,5.737482768409048,0.061432084290781556
27,144.0,1170.0,2.9548246195453896,1.9698830796969264,3.122017308626863,5.629007027765761,0.06454372359600782
27,150.0,1164.0,2.8036708074031207,1.8691138716020805,2.615095367997427,5.525843356176871,0.06749910021556466
27,156.0,1158.0,2.722755212860363,1.8151701419069086,2.715924862394896,5.441776237044609,0.06917051573569016
27,162.0,1152.0,2.4629050571190034,1.6419367047460023,2.50794231082293,5.884558138591341,0.07105623412538693
27,168.0,1146.0,2.7920493131858084,1.861366208790539,2.849711474174325,6.166599237861269,0.0746146988475147
27,174.0,1140.0,2.8716611567589476,1.9144407711726317,2.8034402595352734,5.704232037033831,0.07666939122613886
27,180.0,1134.0,2.7334946586156055,1.8223297724104037,3.0566115758486543,6.865428368220551,0.07820641861780124
27,186.0,1128.0,2.806079280316293,1.870719520210862,2.6577331518930647,7.13862030465351,0.08222601376356423
27,192.0,1122.0,2.6955561889560626,1.7970374593040417,2.581529516038459,6.264182050421587,0.08530023976353251
27,198.0,1116.0,2.932473552240794,1.9549823681605292,2.7688205322917288,6.9969969410925525,0.08706800144761331
27,204.0,1110.0,2.810941191144606,1.873960794096404,3.130396974325013,5.955755675441569,0.08937276381581576
27,210.0,1104.0,2.793183545056507,1.8621223633710047,2.9881913213214264,6.378707943645846,0.09211257750813107
27,216.0,1098.0,2.5774341837232813,1.7182894558155208,3.2322568304870876,6.288205979932788,0.09423638289029411
27,222.0,1092.0,2.9524698325128975,1.968313221675265,2.973791834816705,6.196836343760241,0.09814763230583147
27,228.0,1086.0,2.8863763362559545,1.924250890837303,2.872724420040741,5.886634043884475,0.10077614791633574
27,234.0,1080.0,2.5461075404973363,1.6974050269982242,3.0959470704036094,6.163612299233245,0.10339752234692122
27,240.0,1074.0,2.8193280148875552,1.879552009925037,3.2001858866863073,6.623351607981491,0.10618679823204118
27,246.0,1068.0,2.8799264005156906,1.919950933677127,2.995621208301637,7.013340564052912,0.10966834073015923
27,252.0,1062.0,2.8051510188441475,1.8701006792294317,3.101362651889021,6.37686023335507,0.11250945515992987
27,258.0,1056.0,2.9662576551128876,1.9775051034085918,3.005827960348354,6.4318925016479085,0.11624758692528736
27,264.0,1050.0,2.962498128230962,1.9749987521539747,3.483377812752913,6.799795113544252,0.11900678119578875
27,270.0,1044.0,2.9050373358481076,1.9366915572320718,2.8666705576845994,6.276401795329019,0.12200845663665165
27,276.0,1038.0,2.805704963457332,1.8704699756382215,2.813007475557107,6.6260149525822944,0.12425189450928117
27,282.0,1032.0,2.7495567837133934,1.8330378558089289,3.0447857659595794,7.280095958973744,0.1264880960019528
27,288.0,1026.0,2.775742972848234,1.8504953152321562,2.8455559041439082,7.148385107511728,0.129348833572297
27,294.0,1020.0,2.6954194703355876,1.7969463135570585,3.5353937254282317,6.635444309188966,0.13239795015188807
27,300.0,1014.0,2.870752148442255,1.91383476562817,3.006837089063947,6.601422518387669,0.1347907566849305
27,306.0,1008.0,2.8452399060933073,1.8968266040622048,3.017717854441955,6.569260370936104,0.13778472908936074
27,312.0,1002.0,2.8053149628273384,1.8702099752182255,2.8552160004140097,7.558907699598861,0.13983501904254092
27,318.0,996.0,2.9536142003856676,1.969076133590445,3.34010483199687,7.687212546075145,0.14292054952274966
27,324.0,990.0,2.8332802629663143,1.8888535086442095,3.276629358185655,7.3397075427043,0.1454419730527011
27,330.0,984.0,2.9016042218750764,1.9344028145833843,3.3101707428827893,6.974548285749398,0.14818135035405017
27,336.0,978.0,2.907674467243162,1.9384496448287747,3.308398637890524,5.964290210917396,0.1512737173577376
27,342.0,972.0,2.9777034998609806,1.985135666573987,3.1780171168206124,6.9733912160386335,0.15418195245398247
27,348.0,966.0,2.8531644036960215,1.9021096024640143,3.221085946121797,6.9469891385032625,0.15752041248422122
27,354.0,960.0,2.9150587909752113,1.9433725273168074,3.2417186072806583,7.1438114374779875,0.16115066492259478
27,360.0,954.0,2.997958212972385,1.9986388086482567,3.3061462695339605,8.271654138470723,0.16387910088084662
27,366.0,948.0,2.986032276824392,1.9906881845495947,3.2157893905728123,6.699286775453372,0.1663270613345021
27,372.0,942.0,3.0187640340944046,2.0125093560629366,3.2279014602189355,6.404433762426107,0.1691021810383252
27,378.0,936.0,3.201718948915041,2.134479299276694,3.4876455665933808,7.574757093230751,0.1727492161208411
27,384.0,930.0,2.9786079905029292,1.9857386603352862,3.490503775306085,8.653420818182145,0.17565380515545886
27,390.0,924.0,2.999799662662548,1.9998664417750318,3.2397363252714833,7.366633637651007,0.17884333261498153
27,396.0,918.0,2.9282061573617693,1.9521374382411796,3.3844525255956244,8.083383869491383,0.1823740157820021
27,402.0,912.0,2.917114311240296,1.9447428741601973,3.450419217295893,7.506283251648395,0.18492029519273634
27,408.0,906.0,2.8978704510483815,1.9319136340322542,3.6269287246276716,6.813050984170983,0.1881411629358594
27,414.0,900.0,2.921066008415879,1.9473773389439193,3.398434849290841,8.352252781156968,0.19071989866728
27,420.0,894.0,2.912913552282042,1.941942368188028,3.273776405870999,7.341238235736301,0.19373813073197804
27,426.0,888.0,3.0935289491739932,2.062352632782662,3.2461986890709436,7.107554768150647,0.19600860541876983
27,432.0,882.0,3.1153984647744832,2.0769323098496555,3.1303236765837505,6.992859300380119,0.20166006259726998
27,438.0,876.0,2.985188469186406,1.9901256461242707,3.3998456420976435,8.028436980494503,0.20560037394662098
27,444.0,870.0,2.8897040640141447,1.9264693760094298,3.3769229367998674,6.974261000129581,0.2090561917467577
27,450.0,864.0,3.085597881513151,2.0570652543421004,2.9407224760859405,7.906856171286629,0.21169041574808442
27,456.0,858.0,3.1066063287832724,2.071070885855515,2.887067074430031,7.437037307187911,0.2143665794071497
27,462.0,852.0,3.2113792533215215,2.1409195022143477,2.9446403105563057,6.648160079671921,0.21696681064278858
27,468.0,846.0,2.98452821564851,1.9896854770990064,3.033277553976116,6.843900437328578,0.21977950297347246
27,474.0,840.0,3.028408621675746,2.018939081117164,3.5751328929163693,7.107407466640158,0.22228359028522537
27,480.0,834.0,2.8855272162162446,1.9236848108108298,3.52599149902188,7.0689555669521145,0.22547936585697753
27,486.0,828.0,3.0327649239349737,2.021843282623316,3.1996897845340344,7.399098928024881,0.22910775631331298
27,492.0,822.0,2.9354458976918103,1.9569639317945402,3.255279216218644,7.050604607440947,0.23194460680512996
27,498.0,816.0,2.9633013401808865,1.9755342267872578,3.184857033011201,6.937289070270347,0.2348279618177287
27,504.0,810.0,3.0346934991436725,2.023128999429115,3.158411027907756,6.875609917589189,0.23808583493568922
27,510.0,804.0,2.7038317619365695,1.802554507957713,3.1579179692323964,7.364699656031473,0.2402321118086692
27,516.0,798.0,3.10423746509425,2.0694916433961668,3.55866760067792,7.478707902834751,0.2429132554004747
27,522.0,792.0,3.0255144023364133,2.017009601557609,2.9925239198992024,7.464367531416852,0.24676196550354124
27,528.0,786.0,3.153970469286272,2.1026469795241813,3.276940996604244,7.572374632952094,0.24949824016773456
27,534.0,780.0,2.9582158125039624,1.9721438750026417,2.9846652098432838,7.041610493224449,0.2523287977439394
27,540.0,774.0,2.947492211390626,1.9649948075937507,3.1620444928242994,6.519152672178475,0.25576429470388495
27,546.0,768.0,3.0425288527255647,2.02835256848371,3.4589292413369623,7.053991691091752,0.26064541541086916
27,552.0,762.0,3.1190739285497298,2.079382619033153,2.9094120690799823,7.611907423613508,0.2650043883381247
27,558.0,756.0,3.1134920605686127,2.0756613737124083,3.459366890884306,7.775696727514728,0.26798613121603726
27,564.0,750.0,2.9680703079765554,1.9787135386510368,3.092793821696846,8.320587180978544,0.2707001804933572
27,570.0,744.0,3.0360858449854726,2.0240572299903152,2.6743152995595407,7.394307142702828,0.2732794385942916
27,576.0,738.0,3.0317760990211093,2.0211840660140727,2.9980392991087466,7.696821538272959,0.2762004526797419
27,582.0,732.0,3.0742229239045633,2.0494819492697087,2.9613808646264532,7.654952764480003,0.2794735637580494
27,588.0,726.0,3.1251932068735453,2.083462137915697,3.0709199504923124,7.7020840574372835,0.28129484606813776
27,594.0,720.0,2.9659680138649023,1.977312009243268,3.2743682930768427,7.809278378994921,0.2836260703502609
27,600.0,714.0,3.05744175747749,2.0382945049849934,3.273863752979602,7.230111081749602,0.2864932783614523
27,606.0,708.0,3.17939837728587,2.11959891819058,2.9050172403765577,7.3318246193907735,0.2905187065446873
27,612.0,702.0,3.2661460309764485,2.1774306873176323,3.4469069213109798,7.206111308300611,0.29414222516698624
27,618.0,696.0,3.2133631618669627,2.1422421079113083,3.2167388593189177,7.08494171532466,0.29878817466576024
27,624.0,690.0,3.078975662593153,2.0526504417287685,3.095708518791334,6.874911180932484,0.30184746686412933
27,630.0,684.0,3.1493081463348505,2.0995387642232335,3.25727393313465,7.555447520179119,0.30358507028457316
27,636.0,678.0,3.2031519039549705,2.135434602636647,2.9800884493757134,6.806453878328984,0.30585805074392897
27,642.0,672.0,3.1981747539543117,2.1321165026362077,3.320159016536365,7.272081793620025,0.30960952985781715
27,648.0,666.0,2.9202100852260853,1.946806723484057,3.2470931565518546,7.346487709250937,0.31202211952159925
27,654.0,660.0,3.109710011114287,2.0731400074095245,2.910172278689506,6.704438885205556,0.31555073958167057
27,660.0,654.0,3.059582107847397,2.039721405231598,3.4923154101087714,6.554797739320358,0.3188727504969412
27,666.0,648.0,3.1381083069158495,2.092072204610566,3.055096883834968,6.8380829736529405,0.32165556059578787
27,672.0,642.0,2.9998733856657287,1.999915590443819,3.0414378659427226,6.922713622041687,0.3258424028044619
27,678.0,636.0,3.1235253292019816,2.0823502194679877,3.1039208641967257,6.99548249036374,0.329620969058447
27,684.0,630.0,3.296829392927152,2.1978862619514348,3.422089204838151,7.589520009385179,0.33230621609285543
27,690.0,624.0,3.195245398254516,2.130163598836344,3.0241514873413387,6.384706974758386,0.33655604817413565
27,696.0,618.0,3.016943099132528,2.011295399421685,3.153542079342296,6.857949893283127,0.33992342349080884
27,702.0,612.0,3.1409830744785845,2.0939887163190565,2.664575456727092,6.632656447203643,0.3430464438949506
27,708.0,606.0,3.245630381010246,2.163753587340164,2.871343384298531,6.310444800514498,0.3473370675800905
27,714.0,600.0,3.361505784837889,2.2410038565585926,2.826330592017868,6.379085973433545,0.3514571522581927
27,720.0,594.0,3.258802491632642,2.172534994421761,2.7446458063498254,7.0981714853780575,0.3551114566105082
27,726.0,588.0,3.1231817159652535,2.0821211439768357,3.2961372717810256,6.860733479575265,0.35880301063778736
27,732.0,582.0,3.111817033663355,2.074544689108903,2.7467814691350685,6.680755895894283,0.3632369425292703
27,738.0,576.0,3.32874108142327,2.2191607209488464,3.0030195715972496,6.493175009926068,0.36654365786721255
27,744.0,570.0,3.362865685786163,2.2419104571907753,2.8913195988312133,6.257120431309837,0.3705508131719393
27,750.0,564.0,3.5060507616719145,2.337367174447943,2.813555628214173,6.450167371931362,0.37457450503681206
27,756.0,558.0,3.307913754603803,2.2052758364025355,3.288167119102942,6.962821848714881,0.37876907993149295
27,762.0,552.0,3.439311846865575,2.29287456457705,2.9892301535274894,6.232899190479005,0.3827424009585025
27,768.0,546.0,3.2855884322879336,2.1903922881919557,2.62181781773265,6.603104539185561,0.38602736111223745
27,774.0,540.0,3.309903850014795,2.20660256667653,3.5204203212088467,6.357337935330165,0.38913334766556706
27,780.0,534.0,3.1355587018224287,2.090372467881619,2.9291756034592353,5.4948315064827975,0.39215014153719313
27,786.0,528.0,3.3326670115278194,2.221778007685213,2.674140815288121,6.162789354410623,0.39587261635189147
27,792.0,522.0,3.332745394583609,2.221830263055739,2.728588509664239,5.7007746163069015,0.40062567153246414
27,798.0,516.0,3.1940801609558,2.129386773970533,2.7858670909880936,6.758732543306204,0.40474772170494105
27,804.0,510.0,3.26911514024626,2.179410093497507,3.0903600183740476,6.34805156741066,0.40799805149421914
27,810.0,504.0,3.1940496014966144,2.129366400997743,2.995628100559573,6.304085388715991,0.4110192426199945
27,816.0,498.0,3.4687742366109386,2.312516157740626,2.9583220697174553,6.923995000992445,0.41616611222415006
27,822.0,492.0,3.3085673418127395,2.205711561208493,2.9003294362479677,5.53921064200418,0.4213575074407284
27,828.0,486.0,3.184459094413071,2.122972729608714,2.6038422200634534,6.462106269069235,0.42390065295279267
27,834.0,480.0,3.2722841043860167,2.1815227362573446,2.9085321665093415,6.23486463064371,0.42817246022760563
27,840.0,474.0,3.3781093439365457,2.252072895957697,2.766341905491457,5.5354498472294384,0.4334040698620391
27,846.0,468.0,3.5060522219929346,2.33736814799529,2.886256154226511,5.255942118830997,0.438913488214158
27,852.0,462.0,3.1900202181174895,2.1266801454116595,2.9153898242884813,5.588809685917329,0.442207384172771
27,858.0,456.0,3.3037604226858748,2.2025069484572497,2.577266305837939,5.416589892182271,0.4461848812398604
27,864.0,450.0,3.2693133723742616,2.1795422482495077,2.891481438133681,6.453132632964203,0.44990115214724397
27,870.0,444.0,3.5161427957680598,2.3440951971787065,2.376814983013788,5.420790735178751,0.4536682555781943
27,876.0,438.0,3.458840956118487,2.305893970745658,2.8578969243671786,5.4158536555199435,0.45653516325431986
27,882.0,432.0,3.438643332271178,2.2924288881807855,2.668685368232004,5.754468991870105,0.4609226582052627
27,888.0,426.0,3.2015603732320908,2.134373582154727,2.861499157102765,5.256660654757175,0.4644558294674206
27,894.0,420.0,3.5287582252707,2.3525054835138,2.634552158815716,5.243417712054309,0.46777872760143596
27,900.0,414.0,3.3704938705917096,2.2469959137278064,2.5941724882126316,4.987802399522609,0.4699549005766837
27,906.0,408.0,3.5582209704149683,2.372147313609979,2.702202176123392,5.66366904800991,0.4749167208358122
27,912.0,402.0,3.448239724364757,2.298826482909838,2.705253808601101,6.426222964247583,0.4795669358157326
27,918.0,396.0,3.389621796477486,2.259747864318324,2.8087639898559633,5.452465468909438,0.48271606327116595
27,924.0,390.0,3.487162472817393,2.324774981878262,2.6375220270465287,5.121519390314772,0.48651540493318524
27,930.0,384.0,3.5333145683215763,2.3555430455477175,2.6730027975221207,6.711707483523598,0.49061480929200674
27,936.0,378.0,3.618256305439557,2.412170870293038,2.5475508624651035,5.433762167478978,0.4954896278637699
27,942.0,372.0,3.6985926204023434,2.4657284136015623,2.561493174378582,4.7245748682394195,0.49975105150014565
27,948.0,366.0,3.5001270671050633,2.333418044736709,2.681672143922391,5.321830329517957,0.5015050412694606
27,954.0,360.0,3.6799492554746074,2.4532995036497383,2.648625387248538,5.437157126208238,0.5044154591421153
27,960.0,354.0,3.4556062394364657,2.303737492957644,2.1133952393414757,5.707698938870801,0.508768697762796
27,966.0,348.0,3.664566653361941,2.4430444355746275,2.7113108293425014,5.303872145927337,0.514282925270985
27,972.0,342.0,3.5841115861098714,2.3894077240732474,2.3566615084128926,4.816459380918316,0.5194608169039024
27,978.0,336.0,3.7846919269250017,2.5231279512833344,2.7290611849654223,5.680839682871837,0.523675082490938
27,984.0,330.0,3.6104854567724107,2.4069903045149403,2.386081361776628,5.164677494739015,0.5287243939727391
27,990.0,324.0,3.6834539138505917,2.4556359425670613,2.6276371611568985,4.789984981060011,0.5340533092641313
27,996.0,318.0,3.5788680256675427,2.385912017111695,2.459424774147217,5.851161034085598,0.538507165537789
27,1002.0,312.0,3.4947078219638725,2.329805214642582,2.36700610057044,5.787255459311364,0.5408814790452607
27,1008.0,306.0,3.6152697190698637,2.4101798127132423,2.1907899433200773,4.625315211257828,0.5441723875158467
27,1014.0,300.0,3.643442823040328,2.4289618820268855,2.2304333943425383,3.9052359228234375,0.548006520761035
27,1020.0,294.0,3.790514578551815,2.527009719034543,2.3524427982543306,4.696539695712841,0.5520541967247733
27,1026.0,288.0,3.7610327756156936,2.5073551837437957,2.29559913091216,4.986934741419902,0.553731627071403
27,1032.0,282.0,3.6773731865516215,2.451582124367748,2.4087850289316184,4.887291905250262,0.5561542614353585
27,1038.0,276.0,3.9112104435074655,2.607473629004977,2.346249710488453,5.838323186986242,0.5600142023639533
27,1044.0,270.0,3.9096477273074086,2.606431818204939,2.044085728132382,4.281350119130018,0.5643478950050049
27,1050.0,264.0,3.6694441436594154,2.4462960957729436,2.204492907265446,4.898822548492088,0.5698492004214442
27,1056.0,258.0,3.9833814396284044,2.6555876264189364,2.6420463288784886,5.39161342148849,0.5725613223111794
27,1062.0,252.0,3.5487628777615967,2.3658419185077313,2.561267520279752,5.167804490287088,0.5760519439642328
27,1068.0,246.0,3.7458670109199583,2.4972446739466387,2.498520571263339,3.804202242981474,0.5818976194708048
27,1074.0,240.0,3.7829210882561224,2.5219473921707483,2.5117701161370802,4.330399699742354,0.5876629620397286
27,1080.0,234.0,3.6356389544435657,2.423759302962377,2.5638556537134205,4.521396123638835,0.5929640463111179
27,1086.0,228.0,3.9157291161025416,2.6104860774016942,2.121562664017652,4.817525080993256,0.5984692943654105
27,1092.0,222.0,3.7272543484870786,2.484836232324719,2.3051999054994528,3.3800038045770684,0.6023291999778347
27,1098.0,216.0,3.8121211431970696,2.541414095464713,2.351668667687959,4.943498692267467,0.6070905414647434
27,1104.0,210.0,4.041719118924098,2.694479412616065,2.1037798805609875,5.237689686837552,0.6126783290592988
27,1110.0,204.0,3.9056786396399024,2.6037857597599348,2.1824120232813042,5.458656870441296,0.6193254253371798
27,1116.0,198.0,3.8990307456897746,2.5993538304598496,2.336701007819385,4.306429930008885,0.6242672800654819
27,1122.0,192.0,3.8953824620855135,2.596921641390342,1.9840045837249418,3.7666609679633236,0.6303768639007711
27,1128.0,186.0,3.9887986084562006,2.659199072304134,2.1008158184111525,3.9448437943701915,0.6333298726130292
27,1134.0,180.0,3.8437300381158854,2.562486692077257,2.2629980625633634,4.05717083280958,0.6380026456807409
27,1140.0,174.0,3.7383550036027278,2.492236669068485,1.9486422700985717,5.452900804654626,0.6411114164575555
27,1146.0,168.0,3.9144563703873003,2.6096375802582004,2.1745199063478973,3.8979992290112593,0.646772567661783
27,1152.0,162.0,3.7349559379431714,2.4899706252954474,2.031112271272326,4.4930957729218,0.6501328017655792
27,1158.0,156.0,3.8864304767288615,2.5909536511525744,2.2381400123413595,5.120315863753834,0.6555316929170939
27,1164.0,150.0,4.187598378409474,2.7917322522729826,2.238395001993604,4.722716961777943,0.6633652339127452
27,1170.0,144.0,4.125611440177397,2.750407626784931,2.1177742879847687,3.727667330971468,0.6701759249205808
27,1176.0,138.0,3.913760661516309,2.6091737743442063,1.8316280129246703,4.071066827634547,0.6750641851768466
27,1182.0,132.0,4.058386351329613,2.7055909008864085,2.2274153161365744,4.4823081425724,0.6799656269856
27,1188.0,126.0,3.781805484811994,2.521203656541329,2.237786922128449,5.245947258745148,0.6841312797719187
27,1194.0,120.0,4.049640222370989,2.6997601482473264,2.4583652829470375,4.3984150701093165,0.6865240959005198
27,1200.0,114.0,3.969165769390503,2.646110512927002,2.1968511985897643,5.026745765576886,0.6883516001188108
27,1206.0,108.0,4.276632820107418,2.8510885467382785,1.9323957395831461,4.327602084720686,0.6921610260774357
27,1212.0,102.0,3.808068028941878,2.5387120192945853,1.8350966435344243,3.805407317173489,0.6972467595585479
27,1218.0,96.0,3.868327883877411,2.578885255918274,2.4264190457183394,5.174001867961524,0.7022548244327226
27,1224.0,90.0,3.9940548840782895,2.662703256052193,2.045248979694612,3.69313466624946,0.710153819511408
27,1230.0,84.0,4.038609686153935,2.6924064574359563,2.091621889976511,4.204458292091194,0.7126413645218931
27,1236.0,78.0,4.103996869962703,2.7359979133084686,1.9428710278803694,4.512899255134728,0.7189995581341909
27,1242.0,72.0,4.14133619674181,2.7608907978278734,2.175267848274131,4.376386935777671,0.7245486509360146
27,1248.0,66.0,3.9995229195411834,2.6663486130274556,2.309967563290935,3.0,0.7291263809340174
27,1254.0,60.0,4.242211056814518,2.828140704543012,1.702119915361759,4.414942892874943,0.735521580595107
27,1260.0,54.0,4.121977315395423,2.747984876930282,1.9458598850046276,3.1926259311069813,0.7401991691419308
27,1266.0,48.0,4.347541490190343,2.8983609934602286,2.1732590246943566,3.8421423314526586,0.7502735116672135
27,1272.0,42.0,4.169432025383332,2.779621350255555,2.1199479364280056,3.7439345547036944,0.7565658963205252
27,1278.0,36.0,4.053163422985238,2.702108948656825,1.9506759734510732,4.718762433253144,0.7636158439196533
27,1284.0,30.0,4.341299811550703,2.8941998743671355,2.017501710506814,3.7321358233185813,0.7697577837674165
27,1290.0,24.0,4.084213387896014,2.7228089252640095,1.9799290544905765,4.596707737513583,0.7767996915941233
27,1296.0,18.0,4.205942164787923,2.8039614431919486,1.8185406179731762,3.374411433713455,0.783546449804077
27,1302.0,12.0,4.338312276231233,2.892208184154155,1.6867970682845554,4.741818167397279,0.7907574868185651
27,1308.0,6.0,4.0804253508303665,2.7202835672202443,2.2080956985978983,3.7124373346368653,0.7950559819713866
27,1314.0,0.0,4.315285878667433,2.8768572524449554,1.7511635716567149,3.8379337192472724,0.8015959279261544
28,0.0,1254.0,2.7342473606842344,1.8228315737894896,2.0724271222493043,3.265223823236678,0.0033983585330759217
28,6.0,1248.0,2.6732322208278703,1.7821548138852468,1.4139117343683343,3.0,0.005684682343596429
28,12.0,1242.0,2.6193423033183074,1.7462282022122049,1.8546850521532632,3.0,0.008576505756318166
28,18.0,1236.0,2.792277423814936,1.8615182825432905,2.2711256289575177,3.2638137118899895,0.01020445111028246
28,24.0,1230.0,2.7918450138983313,1.8612300092655543,1.7927289188002493,4.367939145266659,0.01215492153288866
28,30.0,1224.0,2.8520753176995943,1.901383545133063,1.6368279590758312,3.0,0.01509825905243705
28,36.0,1218.0,2.657925811250433,1.771950540833622,2.0927375974599474,4.149490361745105,0.01712695160355098
28,42.0,1212.0,2.8697210292786517,1.9131473528524345,1.754818401508726,4.676528890530883,0.01933787798077528
28,48.0,1206.0,2.678353489509031,1.7855689930060208,2.351320362799609,4.093834985807459,0.021849801901354396
28,54.0,1200.0,2.8085136357426257,1.8723424238284172,2.1870317006771303,3.4356827605902023,0.0234049876033736
28,60.0,1194.0,2.859824801226641,1.9065498674844275,2.1217666483461457,4.757396736839293,0.02680472946738285
28,66.0,1188.0,2.7538168074439167,1.8358778716292778,1.998949268008849,4.161070138228391,0.028563604215975848
28,72.0,1182.0,2.8376208639019893,1.8917472426013262,1.839298606915111,4.588984025231203,0.03138060310581544
28,78.0,1176.0,2.9099784683299172,1.9399856455532782,2.463899549290379,4.18991105415552,0.033879036591480734
28,84.0,1170.0,2.9121973414967592,1.9414648943311728,2.0664480388456328,4.612504947925258,0.03520975022617299
28,90.0,1164.0,2.824293143826041,1.8828620958840272,2.497884227760924,4.284441183257984,0.03760789940944142
28,96.0,1158.0,2.601229581601346,1.7341530544008974,2.329492876749779,4.124444432497623,0.03965231332799806
28,102.0,1152.0,2.9972735927020624,1.9981823951347082,2.2052806897709796,5.27081285196958,0.04280471415930133
28,108.0,1146.0,2.8489522348854086,1.8993014899236058,2.6240308392277263,4.574625184287422,0.04541778279993204
28,114.0,1140.0,2.691160650077836,1.7941071000518907,2.559332722244371,4.250468891234256,0.048084123508970594
28,120.0,1134.0,2.88960021525809,1.9264001435053935,2.6404467911249205,5.841541431576593,0.05032786594161695
28,126.0,1128.0,2.8684827717587207,1.912321847839147,2.6234395013384697,5.526145708219897,0.052398489306731924
28,132.0,1122.0,2.6638019385059417,1.7758679590039612,2.6415978379770904,5.772360211566017,0.05513869598227937
28,138.0,1116.0,2.9569975961267274,1.9713317307511515,2.6152956464789674,4.75265626626229,0.05913625696112878
28,144.0,1110.0,2.8015718686013495,1.8677145790675664,2.678730764837026,6.248925016690838,0.06242267466433049
28,150.0,1104.0,2.7596401558983046,1.8397601039322031,2.708875923629301,5.326556318413928,0.06518813815324545
28,156.0,1098.0,2.8898135661747038,1.9265423774498025,2.572922373543805,5.102104222789553,0.06794932953667233
28,162.0,1092.0,2.9670246291181184,1.9780164194120788,2.903906947228244,5.895072781979871,0.07157445670137594
28,168.0,1086.0,2.87141201677924,1.9142746778528268,2.2403385481359424,6.206088328231524,0.07389213730030597
28,174.0,1080.0,2.935423095151,1.9569487301006667,2.976630826245804,6.219694557149214,0.07831115727237035
28,180.0,1074.0,2.8631215690098952,1.9087477126732635,3.00576566781389,5.685672210239695,0.08251022642795222
28,186.0,1068.0,2.5490298570514973,1.6993532380343315,2.7531218922452436,5.780144823799369,0.08473223438035402
28,192.0,1062.0,2.728125871808791,1.8187505812058606,3.003559733495541,5.839303334002044,0.08787533196548061
28,198.0,1056.0,3.0223970703859484,2.014931380257299,2.9590775009133576,6.062249922996641,0.09032956962005037
28,204.0,1050.0,2.650376161083638,1.7669174407224253,3.2323522744881146,6.3933564832848475,0.09314819651052142
28,210.0,1044.0,2.832531966187338,1.888354644124892,2.915531091494236,7.778149621934615,0.09683836216872972
28,216.0,1038.0,2.8879557602154105,1.925303840143607,2.9577259181670716,6.069444437593086,0.10032946179970323
28,222.0,1032.0,3.015887375122305,2.01059158341487,3.3320447261790873,6.963702553758015,0.10450188474308106
28,228.0,1026.0,2.744543909888655,1.82969593992577,2.8569070953491327,6.6983146371217375,0.1071085644804575
28,234.0,1020.0,2.753030881595702,1.8353539210638015,3.4971890804493113,7.356439168594168,0.10881585802783028
28,240.0,1014.0,2.6993182808398255,1.7995455205598836,3.323199659124347,6.6566901632090065,0.11112001150727975
28,246.0,1008.0,2.9338842100300035,1.955922806686669,3.2449457705793963,7.174407815947438,0.11350169743989127
28,252.0,1002.0,3.247116992943834,2.164744661962556,3.1677102866622193,6.482355980321121,0.11679978326814212
28,258.0,996.0,2.969225657409789,1.979483771606526,2.9906953889944643,6.749316705328029,0.12040971720035538
28,264.0,990.0,2.7612375042581263,1.840825002838751,3.1409342550575015,6.580664962233161,0.12235907452983287
28,270.0,984.0,2.9367253034613126,1.9578168689742084,3.3730884111935624,7.020330163511865,0.12540837682898773
28,276.0,978.0,2.9041237839734872,1.9360825226489915,3.0289880168632477,6.41550475910306,0.1278163386633639
28,282.0,972.0,2.920644301529485,1.9470962010196569,3.161523090889867,6.871816157691728,0.13120338092580688
28,288.0,966.0,2.8125547079102304,1.8750364719401535,3.0941991411712366,6.665455672432543,0.13378672254501792
28,294.0,960.0,2.7178486168628995,1.8118990779085997,3.5595655227701526,7.618384964893602,0.13690608255565517
28,300.0,954.0,2.8983465655387515,1.932231043692501,3.303603755992225,6.936470187384539,0.1399233231018442
28,306.0,948.0,2.914645421393674,1.9430969475957827,3.3321967471442555,6.685208131171929,0.14084357119137692
28,312.0,942.0,3.001253416748953,2.0008356111659684,3.3796278104946262,6.878229743327978,0.1451362480733345
28,318.0,936.0,2.9164404979424967,1.9442936652949978,3.2776732208661947,7.360287930747279,0.14718239482243478
28,324.0,930.0,2.7913975753209095,1.8609317168806063,3.3251234438413406,7.304688465857096,0.15010862255014729
28,330.0,924.0,2.857222626764532,1.904815084509688,2.8875465538696945,8.312641584758309,0.15419782133095855
28,336.0,918.0,3.035883852497099,2.023922568331399,3.468471319850466,6.628905911399002,0.15823893015366677
28,342.0,912.0,2.8088999447120617,1.8725999631413746,3.3951914422567913,7.255839987890748,0.1608236106650421
28,348.0,906.0,3.058145222955097,2.0387634819700646,3.307142272457213,7.2213336273924575,0.16347296992068638
28,354.0,900.0,2.8527207460813075,1.9018138307208716,3.459817255441676,7.987837105106111,0.16494183258379283
28,360.0,894.0,2.8221992357215337,1.8814661571476892,3.4018631619215576,7.388120630269634,0.1671077004753137
28,366.0,888.0,2.9113715614340214,1.9409143742893475,3.4632737851352693,6.142251363069869,0.16918517812601117
28,372.0,882.0,2.870021144730968,1.9133474298206454,3.309956333881027,7.000149560733265,0.1707524922075619
28,378.0,876.0,2.9064029186330713,1.9376019457553808,3.6642553506666267,7.193095616028257,0.17315590847995316
28,384.0,870.0,2.875475994114756,1.916983996076504,3.358362121151562,7.079095785691146,0.17513699411268288
28,390.0,864.0,2.8227219997571096,1.8818146665047397,3.656359694220737,7.5637549325514,0.17705900557089715
28,396.0,858.0,2.948161279242358,1.9654408528282385,3.6918567715539465,8.236021040278342,0.18033521653973736
28,402.0,852.0,2.918342582887511,1.9455617219250074,3.4709474365358495,7.4131890076859746,0.18383837723441995
28,408.0,846.0,3.0255757825242413,2.0170505216828274,2.9634251887921716,7.355966271423056,0.18742689409758556
28,414.0,840.0,2.929536171067175,1.9530241140447833,3.2916574732999675,7.512644611989376,0.18952554134224547
28,420.0,834.0,2.8509205056580207,1.9006136704386805,3.1481843848575983,6.521230600793042,0.19349798933412998
28,426.0,828.0,2.9624338199565914,1.974955879971061,3.1473471314157786,7.415871434915231,0.19665449255626494
28,432.0,822.0,2.8954993500863577,1.9303329000575717,3.349739970912597,7.873510023289441,0.20144406380133603
28,438.0,816.0,3.240107073308546,2.160071382205697,3.1579431366932047,7.505689932322467,0.20362461605135662
28,444.0,810.0,2.7394918764409053,1.8263279176272702,3.0146581585849437,7.17145437519595,0.20607073617666208
28,450.0,804.0,2.825988822379795,1.8839925482531967,2.885931365078246,7.831930372057242,0.2102020874146715
28,456.0,798.0,2.9828495909751296,1.9885663939834197,3.3994423920799957,6.959394180731321,0.21223630976460425
28,462.0,792.0,3.0074219163187554,2.0049479442125038,3.1076480681539955,6.762742845908486,0.21682988246804769
28,468.0,786.0,3.0798193684254027,2.053212912283602,3.367915469150216,7.694923393443666,0.22019033172769184
28,474.0,780.0,3.121515720675575,2.081010480450383,3.261299692415143,7.4426421112433925,0.22232409307690773
28,480.0,774.0,2.9984284672190142,1.9989523114793428,3.395670968463714,7.857798775284679,0.2257047337811586
28,486.0,768.0,2.826379566586064,1.8842530443907093,3.0213887801099646,7.067674329296454,0.22688759466032232
28,492.0,762.0,3.1057094004309467,2.070472933620631,3.4913168258183678,7.103353144639039,0.23136802790927619
28,498.0,756.0,2.840574193012374,1.8937161286749158,3.4135919056202786,7.062493038080403,0.2331496461491713
28,504.0,750.0,3.050036044860847,2.033357363240565,3.2939406250278322,6.8119205050115665,0.23755817621692008
28,510.0,744.0,2.990300089046736,1.993533392697824,3.097762182392759,7.36399418557113,0.24258063480242054
28,516.0,738.0,3.0055843815293715,2.003722921019581,3.477126483451333,7.226925654612489,0.24648738504020756
28,522.0,732.0,3.1984179579148115,2.132278638609874,3.0750953711023805,6.845677132509425,0.2499002741916541
28,528.0,726.0,3.138051101259139,2.0920340675060927,3.4222947393776844,7.766501291533147,0.2536470487731687
28,534.0,720.0,3.0171623290330074,2.0114415526886718,3.345813967865267,7.803415533780235,0.25802040969503787
28,540.0,714.0,3.015294439042306,2.0101962926948707,3.3276433821685774,7.2146135094848285,0.26093711573248546
28,546.0,708.0,3.110358591615726,2.073572394410484,3.4666570883106442,6.567092022377605,0.2632010551961945
28,552.0,702.0,3.0979353548755304,2.065290236583687,3.160792541345996,7.608907128785709,0.2684748195911108
28,558.0,696.0,3.372368682051157,2.248245788034105,3.2168654741046367,7.5668545332461505,0.2709435677611972
28,564.0,690.0,3.0974610003739054,2.0649740002492702,3.2709170244778694,6.627282355262235,0.2748892226003662
28,570.0,684.0,2.9083693333087095,1.938912888872473,3.3007928596253424,7.16836376439347,0.2786374190791085
28,576.0,678.0,3.2142487007781044,2.142832467185403,3.117492401704469,6.9834798007473475,0.28309946393250024
28,582.0,672.0,3.2503042573190513,2.1668695048793674,3.4251430371323135,6.309489489536036,0.2861702575930919
28,588.0,666.0,3.105012057089188,2.0700080380594588,3.0132897109086745,6.542668510896535,0.29042310449409664
28,594.0,660.0,3.02146353894471,2.01430902596314,3.117180496406371,7.081777685474973,0.2926444228033858
28,600.0,654.0,3.200707630815739,2.133805087210493,3.2624136952215137,6.738199102076395,0.2961575666521906
28,606.0,648.0,3.2047423710967062,2.1364949140644707,3.296973685519997,7.3207831301892625,0.3002211340225805
28,612.0,642.0,3.198862250022195,2.13257483334813,3.249643312544793,7.239595602072578,0.3034872446675169
28,618.0,636.0,3.152037481159591,2.1013583207730604,2.7568597312312084,6.832738112141072,0.3055435026619629
28,624.0,630.0,3.140643404449369,2.093762269632913,3.22537117676077,6.8133609242513185,0.3076458009020639
28,630.0,624.0,3.211958863521616,2.141305909014411,2.9608679213237923,6.608961759183209,0.3119881804119004
28,636.0,618.0,3.247253328349185,2.16483555223279,2.930076910660913,6.7385195431313125,0.315501604858873
28,642.0,612.0,3.2199924298195453,2.146661619879697,2.9731134382939897,6.9820361942349685,0.3185121326494632
28,648.0,606.0,3.077942361271754,2.051961574181169,2.994142878206632,7.0548292597062385,0.32242503729261884
28,654.0,600.0,3.1986587416914274,2.132439161127618,3.254633085548701,6.119411619318754,0.32627643738797246
28,660.0,594.0,3.157191520189333,2.1047943467928887,2.6973108679200224,7.03287455464666,0.3302920979834919
28,666.0,588.0,3.244462964658843,2.162975309772562,2.921749365511496,5.915334766532594,0.3348914409883263
28,672.0,582.0,3.20738314818378,2.13825543212252,2.8400439778452635,7.318232665762389,0.33928930321503653
28,678.0,576.0,3.213388229832678,2.142258819888452,2.7837102022102904,5.803375170679535,0.34239793451221473
28,684.0,570.0,3.3183962222286008,2.2122641481524004,2.8904491294273185,6.437903570322202,0.34781295363544873
28,690.0,564.0,3.1379274893084137,2.0919516595389425,2.8039927005464915,7.512166997701979,0.3515580563995047
28,696.0,558.0,3.048578083886188,2.0323853892574584,3.0787166332816818,6.222173230906156,0.35469562385420084
28,702.0,552.0,3.1100870562277874,2.0733913708185248,2.5862907792126415,7.182562174866833,0.35739777622216995
28,708.0,546.0,3.207788868844472,2.138525912562981,3.2065713440563295,7.50240067271253,0.3607230075248645
28,714.0,540.0,3.3773575948253223,2.251571729883548,2.934095413721189,6.61963843209478,0.3650113830183554
28,720.0,534.0,3.354179095248646,2.236119396832431,2.843796056071856,7.035083885037459,0.36922355671551127
28,726.0,528.0,3.257389797754468,2.1715931985029786,3.1029105926568583,6.461475993966871,0.3713547263630566
28,732.0,522.0,3.189201596554969,2.126134397703313,2.8016956471616834,7.06621614894195,0.3760120815700077
28,738.0,516.0,3.375509762262722,2.2503398415084814,2.8287639856623086,6.786453775415677,0.37965717931919457
28,744.0,510.0,3.243554091973129,2.1623693946487528,2.73547138650377,6.317906939126277,0.3837552526935686
28,750.0,504.0,3.459133806542915,2.3060892043619434,2.781252521436093,6.659133301525047,0.3880553064803205
28,756.0,498.0,3.4881052647135453,2.32540350980903,2.9489876355322497,6.258855900351308,0.39262591513323025
28,762.0,492.0,3.441547084243239,2.294364722828826,3.007178410706784,5.808403641835307,0.396698457954083
28,768.0,486.0,3.4753581409148913,2.3169054272765943,2.872556374942569,5.545120341265644,0.40111267766673603
28,774.0,480.0,3.2805123714076987,2.1870082476051325,3.015246576624179,5.845212626541829,0.40563560113412717
28,780.0,474.0,3.1999251222195952,2.1332834148130635,2.6182064355199355,6.187809948972063,0.41027057951664603
28,786.0,468.0,3.2205115192161324,2.1470076794774218,2.672304484752747,5.916465068351415,0.4144188412028466
28,792.0,462.0,3.1999405857539287,2.1332937238359526,3.1452748594387976,6.910203798337094,0.41933611895036116
28,798.0,456.0,3.456496609833068,2.3043310732220452,2.5596010154702316,6.077107172110027,0.4225482924075442
28,804.0,450.0,3.440322637476947,2.2935484249846314,2.3578119113140787,5.877602345112253,0.4285280429302623
28,810.0,444.0,3.440302968881146,2.2935353125874305,2.8045584809794297,5.568015263434905,0.4336552723798909
28,816.0,438.0,3.5145473585191516,2.343031572346101,2.973046017475507,6.88359334668025,0.4369959157702526
28,822.0,432.0,3.3434230274399077,2.2289486849599385,2.4999352480589723,5.5823227669318,0.4399552869383612
28,828.0,426.0,3.512569990914662,2.3417133272764414,3.078687966310631,5.994232488870629,0.44616684619054503
28,834.0,420.0,3.5963827975768634,2.397588531717909,2.613634131296812,5.810218803417775,0.45097515727009946
28,840.0,414.0,3.287611990975837,2.191741327317225,2.8720636283978056,6.5770691100962555,0.4552770930693586
28,846.0,408.0,3.344164488815918,2.2294429925439454,2.7100371499481932,5.800390004732226,0.460615059223074
28,852.0,402.0,3.4273518308242545,2.284901220549503,2.5529122173220666,5.977726621541912,0.4665710302693231
28,858.0,396.0,3.586754274150957,2.391169516100638,2.494094746480986,6.030382076387511,0.4712355980147354
28,864.0,390.0,3.419661413131389,2.2797742754209263,2.571294895984677,5.444453963249305,0.476670144290681
28,870.0,384.0,3.44510096912976,2.29673397941984,2.4923008332256242,6.596852301057234,0.4820898666811367
28,876.0,378.0,3.5344049600516163,2.3562699733677444,2.8455258317444896,5.478937233695652,0.48660549527714153
28,882.0,372.0,3.507987490188227,2.3386583267921512,2.5875471843661177,6.608784219843193,0.4902719534342172
28,888.0,366.0,3.5450708825640964,2.363380588376064,2.208249132017974,4.596903467773019,0.495767714118321
28,894.0,360.0,3.5640399479593077,2.376026631972872,2.6160226261526747,4.043775579485745,0.5002201616478483
28,900.0,354.0,3.4069301990956142,2.271286799397076,2.595194797696158,6.135285037706435,0.5037391636545197
28,906.0,348.0,3.5761825354871455,2.3841216903247635,2.3703435743847563,5.5756307038290895,0.5090669017807818
28,912.0,342.0,3.652130091471681,2.434753394314454,2.715011192969345,5.54597177359621,0.5134214601346769
28,918.0,336.0,3.6778306539967915,2.4518871026645277,2.5449161569456984,5.195491086750591,0.5172197262379798
28,924.0,330.0,3.683639798216302,2.4557598654775346,2.6159506769739305,5.174837110579861,0.5203444560817435
28,930.0,324.0,3.6526204417593733,2.435080294506249,2.5562272509854393,5.179802199877162,0.5246560054775381
28,936.0,318.0,3.6923197162297656,2.4615464774865106,2.4520529863984715,5.236817267789943,0.5280743095551692
28,942.0,312.0,3.7366278519946934,2.491085234663129,2.618643349786149,5.953612610707073,0.5340822638501312
28,948.0,306.0,3.6451618693813184,2.430107912920879,2.3379929348640744,4.769068101978606,0.5390356450996059
28,954.0,300.0,3.7822717412310896,2.5215144941540597,2.2689972002205736,5.02562180069696,0.5444323520723041
28,960.0,294.0,3.6722288516891393,2.4481525677927594,2.719896084078102,5.682909029665629,0.5493198911695214
28,966.0,288.0,3.5112855786606945,2.340857052440463,2.7710190558589978,5.5338278720942435,0.552384601495153
28,972.0,282.0,3.6514028708430333,2.4342685805620223,2.1917153948788237,5.341285190158766,0.5562482864228814
28,978.0,276.0,3.6786761359166054,2.4524507572777368,2.314021618796575,5.587140193599321,0.5621988426650216
28,984.0,270.0,3.671032044499317,2.447354696332878,2.085282477421166,4.7070997363875975,0.567667371166263
28,990.0,264.0,3.6440289198621443,2.4293526132414294,2.128047743310677,4.998305535807446,0.571374742504759
28,996.0,258.0,3.8094332802208015,2.5396221868138675,2.2029791595684873,4.4380541990513,0.5753317218734831
28,1002.0,252.0,3.7436146408107525,2.495743093873835,2.006525567632345,5.4216309190312035,0.5830679155532127
28,1008.0,246.0,3.5886643641543876,2.3924429094362583,1.9431432925170742,5.074794813442976,0.5870684194375752
28,1014.0,240.0,3.7402557447657068,2.4935038298438044,2.097663697999706,4.307361413201638,0.5918124353978906
28,1020.0,234.0,4.016443389306282,2.677628926204188,2.322234527357132,5.594335001687661,0.5977694920775066
28,1026.0,228.0,3.9663868892765626,2.644257926184375,2.219064331822246,4.337458817465699,0.6039252241020197
28,1032.0,222.0,3.727881439530012,2.485254293020008,2.2705506458973086,4.601806272087044,0.6111444014543316
28,1038.0,216.0,3.550848308602807,2.367232205735205,2.1450052800742077,4.240883947745815,0.6143750275788199
28,1044.0,210.0,3.822251631096142,2.5481677540640946,2.0200186142722325,5.138978100241547,0.619241825754947
28,1050.0,204.0,3.7879738989584224,2.5253159326389483,2.138057297702139,4.553286633125943,0.6238606921735261
28,1056.0,198.0,3.896611116999002,2.5977407446660012,1.9772992609595517,4.723770282592308,0.6280389643193585
28,1062.0,192.0,3.7568615440838475,2.504574362722565,2.2224582838854374,4.126108204708926,0.6319732245302062
28,1068.0,186.0,3.747003801535226,2.4980025343568175,2.2223397321576925,4.343584982778781,0.6372826234843203
28,1074.0,180.0,4.085669382941111,2.723779588627407,2.4817053427019187,4.525983349200598,0.6442887047832754
28,1080.0,174.0,4.03251214877408,2.688341432516053,2.277610077572378,3.8618952676456475,0.6516181941843617
28,1086.0,168.0,4.04991857826593,2.6999457188439533,1.9197430863264362,4.106798067784529,0.6553786724659176
28,1092.0,162.0,3.9983441078328195,2.665562738555213,1.7498651711984692,4.279626219017161,0.6597779336596798
28,1098.0,156.0,4.041949674703703,2.6946331164691357,2.1603413254812636,4.340744597160293,0.6654988140381066
28,1104.0,150.0,3.9784058610564226,2.652270574037615,1.923254260817971,4.257134969389658,0.6665146382196168
28,1110.0,144.0,3.851569589666263,2.5677130597775086,2.3234012658903938,3.9080099725338058,0.6714005662351045
28,1116.0,138.0,4.049915648321433,2.6999437655476224,2.2757035140187574,4.150004488418315,0.6772933654205889
28,1122.0,132.0,3.96058269101418,2.64038846067612,1.720985919960642,4.230164857755853,0.6818848399371533
28,1128.0,126.0,4.07607030712188,2.71738020474792,1.9768001159337067,3.974992674814445,0.6868224427842651
28,1134.0,120.0,3.8903290821368097,2.59355272142454,1.829549300669249,4.076801038509882,0.6900721225692458
28,1140.0,114.0,4.045919952324475,2.6972799682163164,1.9390251279438755,4.936762976542609,0.6945161252491989
28,1146.0,108.0,4.09722102449433,2.7314806829962204,1.9256271883962708,5.302265788213845,0.7014153898208717
28,1152.0,102.0,4.211546256547729,2.807697504365153,2.078393890067735,4.888570894896123,0.709390456562922
28,1158.0,96.0,4.117782739500992,2.7451884930006614,2.15154411555065,3.4341658934408468,0.7133663500330275
28,1164.0,90.0,3.9426599434155745,2.62843996227705,2.005930120032595,5.0227963542162986,0.7178592012423036
28,1170.0,84.0,4.026820050020768,2.684546700013845,2.047359860579374,4.6232915200625495,0.7221702597287889
28,1176.0,78.0,3.9387772276873205,2.62585148512488,2.1531928146881674,4.4131323804348295,0.7255139979779459
28,1182.0,72.0,4.067820750143921,2.7118805000959476,1.7815591432102598,4.5692141975351985,0.7294533898752928
28,1188.0,66.0,4.04228650286124,2.69485766857416,2.0063601218009044,4.75364143470504,0.734839450548761
28,1194.0,60.0,4.020576818451355,2.6803845456342366,1.9762434758508065,3.325770427368904,0.7407597308581108
28,1200.0,54.0,4.292161785664352,2.8614411904429016,2.0204243489804874,3.9814201423153537,0.7457610561784004
28,1206.0,48.0,4.293143422428083,2.8620956149520556,1.8130519516222312,4.129502887205211,0.7516306960732756
28,1212.0,42.0,4.070735496458972,2.713823664305981,1.981017448970459,4.311554671663768,0.7585301529682552
28,1218.0,36.0,4.069654175974719,2.713102783983146,1.9985244168721332,3.215237357839248,0.763649050017573
28,1224.0,30.0,4.216534981121048,2.811023320747365,1.7010630161337552,4.046375534696581,0.7724774104810644
28,1230.0,24.0,4.224615757905185,2.8164105052701234,1.620562436231071,3.8464500740031524,0.7786860094921545
28,1236.0,18.0,4.246396092675882,2.830930728450588,1.6050546198886557,4.449963930464241,0.7830335707564343
28,1242.0,12.0,4.083365459108772,2.722243639405848,1.9893746282586513,4.414156856253827,0.7887381751625958
28,1248.0,6.0,4.247122671068559,2.831415114045706,1.5312657567172323,5.048163455486722,0.794382909972187
28,1254.0,0.0,4.163905830739172,2.7759372204927817,1.6982989048738766,3.3195417866330974,0.8018207794187315
29,0.0,1266.0,2.9240361043661673,1.9493574029107783,1.5568573289436094,3.4934289014441244,0.002810448837785694
29,6.0,1260.0,3.016356892179891,2.010904594786594,1.628332121327179,3.2922561835744153,0.005845711609115307
29,12.0,1254.0,2.712829906964542,1.8085532713096946,1.5326746303511165,3.1851836829300217,0.00858375331104931
29,18.0,1248.0,2.966722899251414,1.9778152661676094,1.8361322564405314,3.517171130881865,0.012588022858885045
29,24.0,1242.0,2.614716566031751,1.7431443773545006,1.8325597391239012,3.6821602715128976,0.014895581540497183
29,30.0,1236.0,2.7092922143086824,1.8061948095391216,1.862780342888069,4.2549503263029385,0.01722565212350844
29,36.0,1230.0,2.7516337535528144,1.834422502368543,2.0071397156307853,4.615717116685183,0.020474558433423128
29,42.0,1224.0,2.5476029295011964,1.6984019530007977,1.7912919452590579,4.157980760964848,0.023141716692469484
29,48.0,1218.0,2.811482664272742,1.874321776181828,2.4343241916495235,3.99236931635377,0.026394440693092866
29,54.0,1212.0,2.813658713814203,1.8757724758761354,1.8960547545709006,4.893134496604719,0.02870645325453191
29,60.0,1206.0,2.837863114903556,1.8919087432690374,2.104529151385844,3.721860888119836,0.032668262991798355
29,66.0,1200.0,2.669181271937895,1.77945418129193,2.3686471234727073,5.067728975081921,0.0361065637416552
29,72.0,1194.0,2.760514524801969,1.8403430165346462,2.4105642530403646,4.823661918407465,0.038409372013428464
29,78.0,1188.0,2.6271349763700376,1.7514233175800251,2.1842495687767416,4.588310150933446,0.04106457377778111
29,84.0,1182.0,2.849869032585922,1.8999126883906146,2.6792313005580985,5.007782098425855,0.0433500267823645
29,90.0,1176.0,2.7294223724957396,1.8196149149971597,2.278714177085524,5.791134064411867,0.045219973063673397
29,96.0,1170.0,2.8265934664676204,1.8843956443117469,2.425219616287177,5.818071650917482,0.05035086086193234
29,102.0,1164.0,2.66652274439535,1.7776818295969,2.3741886595547212,5.599143569592571,0.053001039670735044
29,108.0,1158.0,2.752684049053369,1.8351226993689125,2.284409353249047,6.2874404208896575,0.05516151176229846
29,114.0,1152.0,2.7476882772086997,1.8317921848057999,2.6312771116705447,4.633983017664833,0.05834145399902262
29,120.0,1146.0,2.7968967465436725,1.864597831029115,2.6812771930893025,5.6338048536456,0.060045205897611295
29,126.0,1140.0,2.809753622771651,1.8731690818477673,2.978754610104512,5.1036225214615385,0.06312507471678683
29,132.0,1134.0,3.052277447739368,2.0348516318262453,2.713925890221362,5.707665985233007,0.06606340888993123
29,138.0,1128.0,2.7867247435029823,1.857816495668655,2.8696714599833704,6.91249810421211,0.06808967737910726
29,144.0,1122.0,2.847277353265981,1.8981849021773207,2.679622467755433,5.720785863380039,0.07063607729470799
29,150.0,1116.0,2.715411237370681,1.8102741582471207,2.700831676071406,6.388985614603977,0.07296011234090985
29,156.0,1110.0,2.6135208263970022,1.7423472175980015,2.7154698379271314,6.708314659294643,0.07474127970062389
29,162.0,1104.0,2.8093905850912946,1.8729270567275298,2.683962013734939,5.9169298727656265,0.07775102851519906
29,168.0,1098.0,3.169841295550003,2.1132275303666685,2.7576954512856617,6.4911195308601,0.0793851723112957
29,174.0,1092.0,2.761725963543239,1.8411506423621595,2.8883580774466076,6.023761385298084,0.08170720721465019
29,180.0,1086.0,2.9279292537768598,1.95195283585124,2.9716654273412657,5.694418817833224,0.08496631264044306
29,186.0,1080.0,2.8684646335387365,1.912309755692491,2.782865301181312,6.80250155157474,0.08779355489535738
29,192.0,1074.0,2.9322352894840087,1.9548235263226725,2.90055507710706,6.6334655656758175,0.09056138774522847
29,198.0,1068.0,2.746501514594062,1.8310010097293745,2.960988985523103,6.429362681024244,0.09273568563495932
29,204.0,1062.0,3.006623529984776,2.0044156866565173,2.81459596431807,6.787746833823877,0.09492989020207443
29,210.0,1056.0,2.776474164402715,1.8509827762684765,3.0499572428214297,6.330677070371788,0.09600518272268613
29,216.0,1050.0,2.985037637026642,1.9900250913510946,2.9605850879569844,7.040297489785398,0.09931442665820553
29,222.0,1044.0,2.9376907677845607,1.9584605118563738,2.753328782014854,6.423296105050056,0.10182113608676618
29,228.0,1038.0,2.763470743981573,1.8423138293210488,2.9648784373483106,6.770603495807593,0.10387770064578691
29,234.0,1032.0,2.8513845969405067,1.9009230646270046,3.383263150020134,6.245996143047602,0.10741817663821587
29,240.0,1026.0,2.783383093320035,1.8555887288800232,2.73058941316153,7.65431132076761,0.11071314395608797
29,246.0,1020.0,2.8970182354937415,1.931345490329161,3.148237053671057,7.039439933339261,0.11403114525078142
29,252.0,1014.0,2.81960336237658,1.87973557491772,3.1256813448843515,6.81865173546224,0.11580213341423962
29,258.0,1008.0,2.871788437102479,1.914525624734986,3.2786078724337373,6.205859914964341,0.11763092159881984
29,264.0,1002.0,2.719434737285249,1.8129564915234992,3.1787851488695957,7.746822539750764,0.11990980043215184
29,270.0,996.0,2.8709013434718034,1.9139342289812022,3.134101788526112,7.598499227415727,0.12305971322337453
29,276.0,990.0,2.7655943384744055,1.843729558982937,3.4071718473720467,7.284529282823126,0.12668525062867267
29,282.0,984.0,2.7774687943564746,1.8516458629043164,3.064274920038131,6.800874054269299,0.12920163944053883
29,288.0,978.0,2.774913599658613,1.8499423997724087,3.008895739496074,6.789049578354258,0.13167949287092703
29,294.0,972.0,2.738380193328712,1.8255867955524747,3.458772578525205,6.3971141999225996,0.13436094493980255
29,300.0,966.0,2.841159270610615,1.8941061804070767,3.110240900213937,8.006007656850924,0.13632403188192455
29,306.0,960.0,2.9925412319051983,1.9950274879367988,3.683410536153898,8.109105936925097,0.14037080357163007
29,312.0,954.0,2.9017838086306473,1.9345225390870981,3.1540234135473004,7.296904019095642,0.1446203293910788
29,318.0,948.0,2.912810272185544,1.9418735147903625,3.5923207043431282,7.699406406395895,0.14734069548343814
29,324.0,942.0,2.7617103242108163,1.8411402161405441,2.881946616226009,7.068059815057901,0.15033142452909742
29,330.0,936.0,2.748467563160427,1.832311708773618,3.372516736038805,7.389888175503557,0.1522445225697167
29,336.0,930.0,2.8282355194436177,1.885490346295745,3.4947509438154714,7.694480514144438,0.15490390951984415
29,342.0,924.0,2.9924841554040658,1.994989436936044,3.2196629553520784,7.1551140419213,0.15872983085677986
29,348.0,918.0,2.9597268309365705,1.9731512206243804,3.3239283239590725,7.293890329175066,0.16091325756181413
29,354.0,912.0,2.8375421533964142,1.891694768930943,3.113692241283736,6.96196132949336,0.16362975029582005
29,360.0,906.0,2.841889535698694,1.8945930237991293,3.4534915676762465,6.717350792731488,0.16547063281833418
29,366.0,900.0,2.754444366636528,1.836296244424352,3.4821207316032794,7.394311074004128,0.16820837368293723
29,372.0,894.0,2.954376510039871,1.9695843400265807,3.4530706536743376,8.154245204825632,0.17050987877614524
29,378.0,888.0,2.900782005756611,1.9338546705044075,3.1825127330984575,7.987786925280332,0.17388724856507654
29,384.0,882.0,2.924369402509976,1.9495796016733173,3.404955685664801,6.845866159956884,0.17768644486495244
29,390.0,876.0,2.761298726595073,1.8408658177300488,3.253067011187523,7.947097738953292,0.18114955355158172
29,396.0,870.0,3.0116155942431626,2.007743729495442,3.4034725422423944,7.654076777174924,0.1853304241606245
29,402.0,864.0,2.961289383648316,1.9741929224322108,3.3124207688464447,6.870626955990252,0.1888808297724899
29,408.0,858.0,3.0484978179017754,2.0323318786011835,3.137291374015305,7.625460226002511,0.19248519463198022
29,414.0,852.0,2.8472298309166613,1.8981532206111076,3.2152774081099786,7.756562941467304,0.19412217442664326
29,420.0,846.0,3.0561810058576477,2.0374540039050983,3.2832932589847217,7.354333617688783,0.19660287021018172
29,426.0,840.0,2.999115681538405,1.9994104543589366,3.3333461258138404,8.49828040029216,0.19883809176052172
29,432.0,834.0,3.1305985233199864,2.0870656822133244,3.370937571761816,7.724385237210191,0.2033009959524143
29,438.0,828.0,2.9724690993618723,1.9816460662412483,3.2252595366898005,7.783187366159751,0.2056965484175856
29,444.0,822.0,3.024867913869289,2.0165786092461926,3.2152899854833543,7.479806658626788,0.2088933963736389
29,450.0,816.0,3.071086219458562,2.047390812972375,3.176349720612059,7.6378373931454,0.21226871767225636
29,456.0,810.0,2.884606195713131,1.9230707971420873,3.1299290653777576,6.766153889347156,0.21561053607838204
29,462.0,804.0,3.0511347350623477,2.0340898233748983,3.019726759242085,6.911762897220187,0.21914533371549558
29,468.0,798.0,3.01892589737112,2.01261726491408,3.316996354860138,8.358308232045527,0.22133332409670303
29,474.0,792.0,3.0041863624220375,2.002790908281358,3.1451812519945546,6.6714267671397955,0.22500354791683203
29,480.0,786.0,2.8972863103275124,1.9315242068850083,3.5223214067013506,7.990522106854922,0.22778686686762548
29,486.0,780.0,3.0898578306657747,2.05990522044385,3.4561515898004416,6.834889489731843,0.23026630153548208
29,492.0,774.0,2.961749260830473,1.9744995072203153,3.2210632615202535,7.5987045898040035,0.23192932354111784
29,498.0,768.0,3.0663711393699367,2.0442474262466246,3.649187605842376,6.980927055889634,0.23411021549643005
29,504.0,762.0,3.193999586521868,2.1293330576812455,3.0699088066240563,7.050212100601316,0.23900085643808508
29,510.0,756.0,3.0706871495380827,2.047124766358722,3.7498391284483006,7.862320570895065,0.24291661384114907
29,516.0,750.0,3.1838043645261496,2.122536243017433,3.3926804343638675,7.4113499566543934,0.2462067764216806
29,522.0,744.0,2.9563538133350216,1.9709025422233477,3.1691361750461957,8.198103922153992,0.24917587978744885
29,528.0,738.0,2.737196488366707,1.824797658911138,3.2319838403418366,7.278843965749038,0.25186838022581776
29,534.0,732.0,2.889435688082129,1.9262904587214191,3.155220905644529,8.261262449155785,0.2549063125523896
29,540.0,726.0,3.1551651945591157,2.1034434630394103,3.154287858501087,7.038931588112258,0.25755353356915045
29,546.0,720.0,2.966941921982037,1.977961281321358,3.161128743991605,7.183265585214421,0.259882187715098
29,552.0,714.0,3.248749700113112,2.1658331334087415,3.2516336489793356,8.020986214854485,0.26361561454993127
29,558.0,708.0,2.9304486484718066,1.9536324323145378,3.057186313139377,7.534026092618247,0.2672021677280501
29,564.0,702.0,3.177053895636125,2.1180359304240834,3.4549348178269934,6.5316576291179045,0.2716874861619405
29,570.0,696.0,3.0968616128387154,2.0645744085591438,3.1554093001405574,6.670993381297378,0.27494108856960586
29,576.0,690.0,3.143572967702111,2.0957153118014076,3.2021742789480214,7.635343683960573,0.2795551322736482
29,582.0,684.0,2.820559444212804,1.8803729628085362,3.1334974852751967,6.232066470866749,0.2820579127298459
29,588.0,678.0,3.1601521623045152,2.1067681082030103,3.430626116372053,6.912693068160544,0.28519266690778367
29,594.0,672.0,3.18781363717526,2.125209091450173,3.2126353848928013,8.021456264988851,0.28893901132165906
29,600.0,666.0,3.1408929853840704,2.0939286569227136,3.2246728991552267,6.787977886441547,0.29331117360753056
29,606.0,660.0,3.060605827116285,2.04040388474419,3.0110652900393147,6.937232241736929,0.29737224662718936
29,612.0,654.0,3.1864034196189133,2.124268946412609,3.359497144993911,7.338053205482553,0.3012849577776359
29,618.0,648.0,3.2388885496381024,2.1592590330920682,3.0298686780135538,6.981109798599118,0.3053276336887779
29,624.0,642.0,3.0621410407440863,2.0414273604960576,3.0832262017493464,6.146002971871581,0.3075905802466355
29,630.0,636.0,3.181363679383376,2.120909119588917,3.09466019116138,6.903977030292333,0.31241275540937224
29,636.0,630.0,3.225969209829477,2.150646139886318,3.2856920088354213,7.431899927098847,0.3165629215589576
29,642.0,624.0,3.3562049840234116,2.237469989348941,2.9708334587698957,6.29719395497062,0.3200904126093083
29,648.0,618.0,3.2781399186682663,2.185426612445511,3.0609292282762475,7.231908654183442,0.32384650443109414
29,654.0,612.0,3.3200342432761882,2.2133561621841253,2.6762084211519226,6.440386153795707,0.32739801055810863
29,660.0,606.0,3.055060832604691,2.0367072217364606,3.2333309632465332,6.780795983494495,0.33102579924366615
29,666.0,600.0,3.394190087627643,2.262793391751762,3.0917685269850894,6.832826037133526,0.33554858443929947
29,672.0,594.0,3.096073730438999,2.0640491536259993,2.912088288322666,7.1683524020056995,0.3387946319929883
29,678.0,588.0,3.2730396818987613,2.1820264545991743,3.1098636607398364,6.6162696440389075,0.34144453854760654
29,684.0,582.0,3.3523685421007796,2.2349123614005197,2.9676925239030973,6.219236124554361,0.34578287763926924
29,690.0,576.0,3.2755350875788314,2.1836900583858876,3.057536718867675,6.774656841837731,0.34990107995696
29,696.0,570.0,3.2710252639115396,2.1806835092743597,3.340211422585288,6.23119885260079,0.35185312090608284
29,702.0,564.0,3.353223719679515,2.2354824797863433,3.0120104579046445,6.539465573385155,0.3561429484728481
29,708.0,558.0,3.2459361902242527,2.163957460149502,3.3969202894560326,6.5970831838492066,0.3614516989541186
29,714.0,552.0,3.359264624073331,2.2395097493822207,3.112055280461623,6.903947336899297,0.3673916951048357
29,720.0,546.0,3.2889078583492037,2.192605238899469,2.9096395656235723,7.540649080043313,0.37204429863865734
29,726.0,540.0,3.2767580191740056,2.1845053461160036,2.7890767641579304,5.92911728181479,0.37755652612051827
29,732.0,534.0,3.2490390659975574,2.1660260439983716,2.642243756424463,7.5895461056757485,0.3824420455569462
29,738.0,528.0,3.3382815616982704,2.2255210411321804,3.0852882014886136,5.342565295557939,0.3845799547901896
29,744.0,522.0,3.288727645948301,2.192485097298867,2.962797079842681,6.826770775115379,0.38795407170889945
29,750.0,516.0,3.4930635750230823,2.328709050015388,2.729991778047884,6.078569992916331,0.393369538601541
29,756.0,510.0,3.2968514680259915,2.1979009786839945,2.960465771856176,5.7636935609054,0.3979047518363052
29,762.0,504.0,3.3393730716382395,2.226248714425493,2.8615896058572665,6.8815740830055345,0.4001098141979107
29,768.0,498.0,3.3841234809813594,2.2560823206542397,2.728623162347255,6.013152129729716,0.40394231864845576
29,774.0,492.0,3.480211175790369,2.320140783860246,2.8753180892504075,6.7512156990521905,0.40841997790810713
29,780.0,486.0,3.4255903614684304,2.28372690764562,2.9456762968298995,6.3890960227366715,0.4119417421026847
29,786.0,480.0,3.514919781642495,2.34327985442833,2.819131684548682,6.271356250814473,0.41443505692963206
29,792.0,474.0,3.1533249457905015,2.102216630527001,2.849227242811664,5.920849715280853,0.41731143083992517
29,798.0,468.0,3.530909653931015,2.353939769287343,3.0770618040642286,5.940608905698892,0.4221645438602513
29,804.0,462.0,3.58429882178053,2.3895325478536864,3.1168020194367347,6.332601753575816,0.4276386402008722
29,810.0,456.0,3.2267084244822644,2.1511389496548428,2.8134446913438897,5.443991179278451,0.4304105544588492
29,816.0,450.0,3.471595238119903,2.3143968254132687,2.913343811431377,6.293170117406288,0.4345903169908752
29,822.0,444.0,3.4523965115856976,2.301597674390465,2.521905708845247,4.6771751823947625,0.43824468642393677
29,828.0,438.0,3.3874815164248258,2.2583210109498837,2.267589976479728,4.746281945769419,0.4430834329847719
29,834.0,432.0,3.479992185166833,2.319994790111222,2.719687369080355,5.224873143101956,0.44719585986292143
29,840.0,426.0,3.359834545144656,2.239889696763104,3.150869806289677,5.0587240397330095,0.45013777263755383
29,846.0,420.0,3.514693090957721,2.3431287273051473,2.9233848670584157,6.373883837621581,0.45600826282817836
29,852.0,414.0,3.406666522921535,2.2711110152810234,2.8247285925669154,6.278763367490246,0.4606973319447832
29,858.0,408.0,3.605803002424462,2.4038686682829744,2.7682762353151737,5.513316157510994,0.46298895512844307
29,864.0,402.0,3.7092963167995547,2.472864211199703,2.776118187984002,5.248782143786079,0.46486279202094793
29,870.0,396.0,3.3763889953099637,2.2509259968733093,2.3534264572876324,6.441236388787182,0.4683843877896457
29,876.0,390.0,3.429636832181713,2.2864245547878084,2.501953756711493,5.67544782260303,0.47297432248537546
29,882.0,384.0,3.6674866354698814,2.444991090313254,2.740432283711198,6.043816462120428,0.4779847963240815
29,888.0,378.0,3.612106553147012,2.4080710354313415,2.6083050518736877,6.284740514828249,0.48309580030407373
29,894.0,372.0,3.4101197186875396,2.273413145791693,3.0803424626669176,5.711276293536434,0.4865694202368321
29,900.0,366.0,3.55598683719695,2.3706578914646332,2.4786144463549693,4.393895015323423,0.4902223089094902
29,906.0,360.0,3.5695060173475586,2.379670678231706,2.4618248710314123,5.754526863375075,0.49526905367771645
29,912.0,354.0,3.749941746483147,2.499961164322098,2.9129105109052404,5.551268843739618,0.49956818131157854
29,918.0,348.0,3.3522224458854275,2.2348149639236183,2.415469378691696,4.806155406872961,0.5024404801786667
29,924.0,342.0,3.576759707888715,2.38450647192581,2.390132281857623,5.838515858832288,0.506883414471684
29,930.0,336.0,3.529880966157463,2.3532539774383086,2.4057464243750215,5.279893900055599,0.5104984805764577
29,936.0,330.0,3.491345871115025,2.3275639140766833,2.503663242974836,5.201695993048166,0.5158318439093873
29,942.0,324.0,3.8273720647274025,2.551581376484935,2.037726832707102,5.648007140469082,0.5208263837596131
29,948.0,318.0,3.479745740938492,2.3198304939589947,2.320771905566814,5.76635794073547,0.5249260252593699
29,954.0,312.0,3.596150518040049,2.397433678693366,2.3898634061885775,5.985317046607681,0.5286448802500578
29,960.0,306.0,3.4129740516419016,2.2753160344279344,2.5237890602500745,5.579853892311584,0.5321328316989461
29,966.0,300.0,3.72253806679209,2.48169204452806,2.8027111303561276,5.066539934441912,0.5346114437634922
29,972.0,294.0,3.5726482163473734,2.3817654775649157,2.46859051232393,4.610220728307131,0.5381876373295947
29,978.0,288.0,3.6533905558944237,2.435593703929616,2.7842188569617408,5.093132691487481,0.5404783828325294
29,984.0,282.0,3.580979670028098,2.387319780018732,1.7188196631914616,4.363433290819154,0.5437244597211636
29,990.0,276.0,3.5424418512278764,2.361627900818584,2.2735281636921485,4.3430851568448325,0.5486179578026019
29,996.0,270.0,3.8187039277130688,2.545802618475379,2.1228989198855226,5.168687615871342,0.552907830578225
29,1002.0,264.0,3.7400933579144615,2.4933955719429743,2.272901742606527,4.152514921041838,0.5575210025233485
29,1008.0,258.0,3.734458060176479,2.4896387067843193,2.3664622096613614,4.710726669787145,0.563302948393112
29,1014.0,252.0,3.6426778437207403,2.428451895813827,2.463068984272765,5.372756341683904,0.5678967774150419
29,1020.0,246.0,3.8023751992442008,2.5349167994961337,2.6622052464567845,5.080963969608566,0.5740822576420167
29,1026.0,240.0,3.7001110572529248,2.466740704835283,2.238364960710769,4.983057062715855,0.5794772749000191
29,1032.0,234.0,3.8456045131031003,2.5637363420687334,2.0950232544221223,4.815077017928068,0.5829959374485425
29,1038.0,228.0,3.8290747726847383,2.552716515123159,2.255157526988517,5.3614953626719295,0.5894181606775157
29,1044.0,222.0,3.838380837423081,2.558920558282054,2.4305706285514965,4.4918178841540435,0.594190440380543
29,1050.0,216.0,3.785742061710345,2.5238280411402303,2.1958279943774643,4.872452953586325,0.5980370771182062
29,1056.0,210.0,3.7971648399655162,2.5314432266436775,2.5703465509304406,4.763861814373522,0.6037163013050391
29,1062.0,204.0,3.828856584476325,2.55257105631755,2.126358183182774,4.745140472737181,0.6111373075848765
29,1068.0,198.0,3.891097738877922,2.594065159251948,2.2294565092395544,4.406694956665149,0.6165429295204267
29,1074.0,192.0,3.7930580446899933,2.528705363126662,1.7234985378113419,4.683308639337849,0.6218082094215137
29,1080.0,186.0,4.10831386104453,2.73887590736302,2.2376795433916077,4.445126874866794,0.6293426768689537
29,1086.0,180.0,3.705461925398172,2.470307950265448,1.8879809077365963,4.245339678342594,0.6342927516823107
29,1092.0,174.0,3.86830235829885,2.5788682388659,1.9993542713918246,4.27223679335831,0.6382262440501045
29,1098.0,168.0,3.9358359436178514,2.6238906290785677,2.209896863877276,4.357558162386511,0.6419635412896554
29,1104.0,162.0,3.8008082400217273,2.533872160014485,2.3277924609989995,3.453482299896557,0.6483554210517083
29,1110.0,156.0,3.9492309365492835,2.632820624366189,2.075833914708943,4.111352434742304,0.6525843380295442
29,1116.0,150.0,3.864297797563918,2.5761985317092786,2.122331870621618,4.549079504089746,0.6574369991426273
29,1122.0,144.0,3.9846497346164864,2.656433156410991,2.1553922564247063,3.787103084275433,0.6612043876949935
29,1128.0,138.0,4.036749604997719,2.691166403331813,2.1291164657472583,4.52396728622741,0.6675850307700691
29,1134.0,132.0,4.041316720783621,2.694211147189081,2.1732640951066426,4.201873278756312,0.6715994950015385
29,1140.0,126.0,4.120303402690133,2.7468689351267552,2.25911134527848,4.133499787434162,0.677953074921152
29,1146.0,120.0,3.8696901078697983,2.5797934052465323,2.3687646424759516,4.788857966560186,0.6833976619434333
29,1152.0,114.0,4.132761675506384,2.7551744503375892,1.95554519464098,3.9576737066452203,0.6928268451993017
29,1158.0,108.0,4.038052230627731,2.692034820418487,2.1466922602606355,3.860052019944652,0.6961219588663476
29,1164.0,102.0,4.063000018774155,2.70866667918277,2.1901702371298395,4.24981139452893,0.6991343433061341
29,1170.0,96.0,4.066731880504459,2.711154587002973,2.0895409566646395,3.8708298348660435,0.7062451109353047
29,1176.0,90.0,4.066040887493215,2.7106939249954767,2.0461896666420643,3.789459013413196,0.7136960862873263
29,1182.0,84.0,4.066346046688311,2.7108973644588743,2.3009368552971035,4.827129460786727,0.7205139404378722
29,1188.0,78.0,4.0468598308213295,2.697906553880886,1.918636331177951,3.8312831759063495,0.7236274718706879
29,1194.0,72.0,4.103198159448628,2.735465439632419,1.7073227599289065,3.5942982124197758,0.7285086966345822
29,1200.0,66.0,4.104052555429062,2.736035036952708,1.6915614539445747,4.193177328323047,0.7356126761836368
29,1206.0,60.0,4.169223681496913,2.779482454331275,2.011197668908253,3.907159825245267,0.7416720211797364
29,1212.0,54.0,4.140710917251932,2.760473944834621,2.178546611095536,4.273375707224023,0.7481332270239519
29,1218.0,48.0,4.200692725697983,2.8004618171319886,1.9114159791628305,4.407442380781912,0.7523657372393047
29,1224.0,42.0,4.135205133023155,2.756803422015437,1.7048235995802479,4.418703546804375,0.7599711304695693
29,1230.0,36.0,4.066530868184874,2.7110205787899164,1.9764807102491444,4.596429718651623,0.7662445567744923
29,1236.0,30.0,4.168719701347653,2.779146467565102,1.8423014530128798,4.010983977385044,0.7699537521925301
29,1242.0,24.0,4.347411208998081,2.898274139332054,1.7929378980934003,3.8169466335533597,0.7759116195958906
29,1248.0,18.0,4.2881515918051445,2.8587677278700965,1.771295958027006,3.660363813683064,0.7810258171793676
29,1254.0,12.0,4.324862774470528,2.883241849647019,1.597088002064083,3.0,0.7877473114198082
29,1260.0,6.0,4.26702033059867,2.844680220399113,2.1085418980041637,4.406052828074961,0.7933061818142328
29,1266.0,0.0,4.346158168731089,2.8974387791540592,2.2459354401887293,3.731164885606832,0.8005271641641953
30,0.0,840.0,2.71060680291988,1.8070712019465869,1.566378332702878,3.0,0.003425631683091762
30,6.0,834.0,2.789615801142733,1.8597438674284887,1.611815041901763,3.480899183554396,0.005722096703166057
30,12.0,828.0,2.773566398060123,1.8490442653734152,2.172983022919683,3.3401569248689267,0.010373993830568322
30,18.0,822.0,2.6494626118625315,1.7663084079083544,1.4909551311712745,4.0375743748274155,0.015931927656440123
30,24.0,816.0,2.7219287566103456,1.8146191710735637,1.8295387613056724,3.3659674961047923,0.018964668718385293
30,30.0,810.0,2.6460708645585513,1.7640472430390342,1.8795590890465907,4.743876107103953,0.021955519329635537
30,36.0,804.0,2.9158597447102372,1.9439064964734916,2.0788203419704763,4.231865620853697,0.025393162475054475
30,42.0,798.0,2.80449090330845,1.8696606022056335,1.8165387573767462,4.794758788505824,0.028856041770981188
30,48.0,792.0,2.6006268627358833,1.7337512418239223,2.1750802705264625,4.203968427940125,0.032336225837247184
30,54.0,786.0,2.982370463797625,1.9882469758650834,2.5113889397746454,4.971699798589907,0.03737417815870234
30,60.0,780.0,2.846974899709715,1.8979832664731433,2.3833535659255283,5.369970177788635,0.04255981130678367
30,66.0,774.0,2.9302068702235458,1.9534712468156972,2.7271253216926645,5.446209537607378,0.04731010647424918
30,72.0,768.0,2.757305983741855,1.8382039891612367,2.24425588804933,5.529943878125753,0.05230532367180181
30,78.0,762.0,2.880009659882183,1.9200064399214554,2.5373966201517186,5.407080727204402,0.05703317951553638
30,84.0,756.0,3.002023498134357,2.0013489987562383,2.6965706935800577,5.864318105246384,0.0628704239019126
30,90.0,750.0,2.7577958947911534,1.8385305965274357,2.831546314474625,5.738637656763188,0.06703501760566374
30,96.0,744.0,2.7905939430970292,1.8603959620646862,2.797225519220044,5.826768846581851,0.07162157483282874
30,102.0,738.0,3.0520010564535656,2.0346673709690437,2.815619435638097,6.238861431532737,0.07753794729970923
30,108.0,732.0,2.6146301120857776,1.7430867413905184,3.0762076266617733,6.354042645060866,0.08107054866951084
30,114.0,726.0,2.7898358761900677,1.8598905841267117,3.016711189561,6.52496652677377,0.08461137218065369
30,120.0,720.0,2.5843793150929,1.7229195433952667,2.925585289649585,6.884440687129471,0.08842971381608174
30,126.0,714.0,2.7590374681232315,1.8393583120821544,2.9149514629454663,7.391516220648974,0.09143394551444041
30,132.0,708.0,2.7574961990646445,1.8383307993764297,2.9669488472606864,6.625360523128083,0.09568065960264266
30,138.0,702.0,2.849717783611298,1.8998118557408654,2.8306948802126937,6.211984761592328,0.09877348755105367
30,144.0,696.0,2.7755115769339125,1.850341051289275,2.7402507671081184,7.548290719689198,0.10414002311240361
30,150.0,690.0,2.872054155223445,1.9147027701489634,3.0026711956924848,7.170232248413164,0.10817827545590605
30,156.0,684.0,3.0839855715664974,2.0559903810443316,2.9278125140684264,7.3436699427926015,0.11252837187258519
30,162.0,678.0,2.716085707131965,1.8107238047546435,3.437021007699391,7.376598977075885,0.11585353046659798
30,168.0,672.0,2.958086258154078,1.9720575054360518,3.0381239401439672,6.431496713362892,0.12098949085138247
30,174.0,666.0,2.856996374149395,1.90466424943293,3.178648869827901,7.0139235987213056,0.12374896265590654
30,180.0,660.0,2.751679436778835,1.8344529578525568,3.001988185031714,7.027214445064058,0.12868153086404033
30,186.0,654.0,2.9165866754838983,1.9443911169892656,3.361865614651296,6.835270681634117,0.13184421450089587
30,192.0,648.0,2.9750739591122564,1.9833826394081708,3.1864285336194924,6.879498660034152,0.1353520190463808
30,198.0,642.0,2.8029602819338595,1.8686401879559063,3.371616918166535,6.999578234914702,0.14105836874383101
30,204.0,636.0,3.0825400495139683,2.0550266996759787,3.2405668841299455,6.361621397878741,0.1463732393321396
30,210.0,630.0,2.8945657063932995,1.9297104709288664,3.415632712705602,7.293245042462089,0.14962184552935925
30,216.0,624.0,2.9215513767946626,1.9477009178631084,3.150400357474636,7.587137995197832,0.1540280724294193
30,222.0,618.0,3.121254434906444,2.0808362899376296,3.7304903844251633,7.46555192543741,0.16110714821688013
30,228.0,612.0,2.9641599736383126,1.9761066490922083,3.317620982439013,7.545519281687228,0.1648261662348943
30,234.0,606.0,2.8977927986970813,1.9318618657980542,3.6050314882484633,7.717905551541288,0.17011534856273783
30,240.0,600.0,3.0323106573168777,2.0215404382112516,3.3281232612219487,7.693595855477267,0.172548899755124
30,246.0,594.0,2.9363081986236983,1.9575387990824655,3.3479585260021096,6.529146381451916,0.17713559849741914
30,252.0,588.0,2.7974584206286925,1.8649722804191284,3.4396343862111087,7.519484236985543,0.18062223610672218
30,258.0,582.0,2.853342404857729,1.9022282699051527,3.382019055889453,8.259206036694595,0.18660817826402692
30,264.0,576.0,3.1638465186815896,2.109231012454393,3.3817706241520806,7.349121160264235,0.19092349589024457
30,270.0,570.0,2.884170430294688,1.9227802868631254,3.370977790796334,7.373744963464363,0.19286781651959756
30,276.0,564.0,2.848976349176164,1.8993175661174426,3.549188241335881,8.052428437527134,0.19699952027969955
30,282.0,558.0,2.855702377017712,1.9038015846784748,3.545871073354013,6.336797695404924,0.2013620534439143
30,288.0,552.0,3.116469438368742,2.077646292245828,3.089918558565059,8.03855224412933,0.20786360322315656
30,294.0,546.0,3.195260759843794,2.1301738398958627,3.5316132707934242,6.784005103538654,0.2135261517335548
30,300.0,540.0,2.976460035722887,1.9843066904819249,3.4886447878937092,7.473964261445396,0.2198730614534516
30,306.0,534.0,3.088590711424915,2.0590604742832768,3.077183881270431,7.950955839680505,0.22419446300739665
30,312.0,528.0,3.071806418448457,2.0478709456323045,3.320283793283254,7.119965916748259,0.2288301844373603
30,318.0,522.0,3.2972261452706206,2.198150763513747,3.4294526091314776,8.126379308522289,0.23253257775445674
30,324.0,516.0,3.2503714937040895,2.1669143291360595,3.3704475928928552,7.176249608880208,0.23869486597630693
30,330.0,510.0,2.9462189822755307,1.9641459881836871,3.701462626607925,7.556548081015439,0.2454308757095078
30,336.0,504.0,3.217685965428517,2.1451239769523447,3.485514986497944,7.14514644888974,0.25082086883273264
30,342.0,498.0,3.0692532580349456,2.046168838689964,3.160941165343152,7.558247889022446,0.2531707712911466
30,348.0,492.0,3.1549688869586734,2.1033125913057824,3.2688612964754964,7.400214493107657,0.2579415676202916
30,354.0,486.0,2.9388936366339484,1.9592624244226322,3.0621994662179466,7.7449008024172965,0.2620829377168571
30,360.0,480.0,3.1209998013151368,2.080666534210091,3.3541342731953794,8.059564745408686,0.2696243334446048
30,366.0,474.0,3.2143360801704746,2.1428907201136496,3.233372075755951,7.249846356085094,0.27275496564906376
30,372.0,468.0,3.091793029010282,2.0611953526735216,3.4145036801818183,5.953933962786661,0.2778809520232114
30,378.0,462.0,3.098383223888798,2.065588815925865,3.0004081091615156,6.475733749849433,0.2838478193859932
30,384.0,456.0,3.0986998552955636,2.0657999035303756,3.011027403009291,6.446651613258297,0.2910302000460835
30,390.0,450.0,3.1953510468967625,2.1302340312645085,2.9430483123274396,7.17553108320614,0.29472962828472493
30,396.0,444.0,3.27951350895697,2.186342339304647,3.0712018450620397,6.743704664423122,0.29778832470312555
30,402.0,438.0,2.9497769602438515,1.966517973495901,3.4343905889171906,6.729963020531945,0.30195544094823906
30,408.0,432.0,3.004696833265766,2.0031312221771773,3.428140297823319,7.069981782570628,0.30641883192129366
30,414.0,426.0,3.161036495333476,2.107357663555651,3.018574388831684,6.453149258811676,0.31353399485545097
30,420.0,420.0,3.2247759914027463,2.149850660935164,2.861394694131898,6.32037135781146,0.31706637518083686
30,426.0,414.0,3.312665279141895,2.20844351942793,3.1070801124594754,5.699433595134654,0.32209395777789246
30,432.0,408.0,3.084215674779065,2.056143783186043,3.2495355052864556,5.817179361603586,0.327146704981392
30,438.0,402.0,3.329010046076422,2.2193400307176145,2.9796624709927246,6.910660518851989,0.33300074869479024
30,444.0,396.0,3.306611798297969,2.204407865531979,3.0940851207642273,6.985240461303575,0.33838614372188125
30,450.0,390.0,3.265550565392218,2.1770337102614787,2.960038014257679,7.023757834632844,0.34638585280040635
30,456.0,384.0,3.109673598485838,2.0731157323238922,2.9098048878597353,7.101234715241819,0.3519294884051531
30,462.0,378.0,3.2458882224838512,2.163925481655901,3.049826074985708,6.422683471552086,0.3578230498197334
30,468.0,372.0,3.318349427890862,2.2122329519272412,2.867016231096123,6.635591507259536,0.36210973711762096
30,474.0,366.0,3.1049026373901105,2.069935091593407,2.643973129289713,6.593638221821829,0.3678042463685059
30,480.0,360.0,3.0657977234261864,2.043865148950791,2.916392543121071,6.885548448754979,0.3730948780599223
30,486.0,354.0,3.3882972130737232,2.2588648087158156,2.9639624098982975,5.8185857668329115,0.3805577649400756
30,492.0,348.0,3.1822169000064546,2.1214779333376366,2.9312736905314174,6.646681133492365,0.3848323651793566
30,498.0,342.0,3.1607204959839117,2.107146997322608,3.0351461410091516,6.147748586371161,0.3898991981020487
30,504.0,336.0,3.2200119630032593,2.1466746420021727,2.8446409944045272,6.106193854131155,0.3942342952225538
30,510.0,330.0,3.1805016943551614,2.120334462903441,2.737358715471124,6.4054527586293,0.4013596947679401
30,516.0,324.0,3.498780215713099,2.3325201438087326,2.615544194338041,5.833725311028355,0.40774013137498455
30,522.0,318.0,3.4705953944900405,2.3137302629933605,2.732097855539407,7.5469451314906415,0.4145396382171252
30,528.0,312.0,3.326994009842105,2.2179960065614033,2.433249803601006,5.899422393024645,0.42157735778719774
30,534.0,306.0,3.3107623074841035,2.207174871656069,2.9481614694891998,6.197692323888227,0.4277412497209986
30,540.0,300.0,3.349937011634487,2.2332913410896578,2.612722161906283,6.525886997868235,0.43492677157814874
30,546.0,294.0,3.4237143361881817,2.2824762241254546,2.5067536226692666,6.669831991570539,0.4418913307455442
30,552.0,288.0,3.4235070368782323,2.282338024585488,2.7789144840214988,6.694598567331365,0.44866150449269554
30,558.0,282.0,3.41724653570033,2.2781643571335533,2.261849708281043,5.649334744788168,0.4545055969779177
30,564.0,276.0,3.4885455421197156,2.3256970280798104,2.7264283689312636,5.721238352456207,0.46325205433609246
30,570.0,270.0,3.6316677487707154,2.42111183251381,2.514385320777235,5.3340802768606785,0.47150063279796695
30,576.0,264.0,3.6542158358876007,2.4361438905917336,2.486083374522966,5.016363589110191,0.47442975632826984
30,582.0,258.0,3.4372414621385796,2.2914943080923864,2.40695339610723,5.9388507188937085,0.48133859306549975
30,588.0,252.0,3.592729116265183,2.3951527441767886,2.5834733884023717,5.835755492043008,0.48881654685370357
30,594.0,246.0,3.5949352991733807,2.396623532782254,2.533439275394841,4.948349600873958,0.49416883352759033
30,600.0,240.0,3.229223789567794,2.1528158597118625,2.8092241444068518,5.481995193522734,0.49938909902701695
30,606.0,234.0,3.6048750163867127,2.403250010924475,2.4815205612436855,5.896876591500134,0.5045154370657756
30,612.0,228.0,3.661243814436871,2.4408292096245807,2.369233385034223,5.226575961519442,0.511722074916441
30,618.0,222.0,3.699954083409796,2.4666360556065308,2.6901229138464084,5.0517901707715,0.5203374083557853
30,624.0,216.0,3.4492682126623913,2.2995121417749274,2.5847690412286406,6.1018834652172425,0.5259279869215351
30,630.0,210.0,3.7364047524622968,2.490936501641531,2.3939632777209177,4.478006815733494,0.5303204337052186
30,636.0,204.0,3.6760665264945596,2.4507110176630396,2.552382063319495,5.931718002855264,0.5329032503936957
30,642.0,198.0,3.8925413839668344,2.595027589311223,2.2815710835722682,4.908344529501344,0.5392223447987744
30,648.0,192.0,3.528949792902517,2.3526331952683446,2.460732181691655,4.963236292251191,0.544565576826687
30,654.0,186.0,3.611632694943037,2.4077551299620246,2.3964900080914355,4.368232565387389,0.5477451982251486
30,660.0,180.0,3.5608182505703554,2.37387883371357,2.2990758651465164,5.16383866924058,0.5561246617560093
30,666.0,174.0,3.738619943730227,2.4924132958201515,2.016476126363666,5.635560077402095,0.5624188806136264
30,672.0,168.0,3.758077131190935,2.5053847541272902,1.970415683252055,5.181764081782867,0.5692992659975559
30,678.0,162.0,3.6200170058890344,2.4133446705926898,2.5648530475941596,4.534568465359045,0.5786847859876396
30,684.0,156.0,3.7294222135486934,2.486281475699129,2.0162924114685548,5.469217304585312,0.5892701939081997
30,690.0,150.0,3.719259613304288,2.479506408869525,2.448079897216525,4.514470556483561,0.5952873783116434
30,696.0,144.0,3.9936727781027144,2.6624485187351428,2.479247507859687,4.980475715148737,0.6043159303418608
30,702.0,138.0,3.7426508051645686,2.495100536776379,2.223648142861097,5.150004310657104,0.6102659307862205
30,708.0,132.0,3.757855207636726,2.5052368050911507,2.1938563969948683,4.618868704579114,0.6164978839852303
30,714.0,126.0,3.852284556427928,2.5681897042852855,2.1331948935090237,4.338920189552367,0.6256244026252473
30,720.0,120.0,3.7915667841008505,2.527711189400567,2.6600601409772864,4.353463942555563,0.630408233459135
30,726.0,114.0,3.87928321455224,2.5861888097014933,1.8532439523817148,3.621820215784988,0.6383459706045034
30,732.0,108.0,3.831746239318942,2.5544974928792947,2.421893714156746,4.736711067023658,0.6450516705097187
30,738.0,102.0,3.90724689699445,2.6048312646629666,2.232424833323437,3.972135363054112,0.6541115624627583
30,744.0,96.0,3.897191585115981,2.598127723410654,2.014696061224246,4.746385947064664,0.6651386050730179
30,750.0,90.0,3.8448535213675394,2.563235680911693,2.1112455264570626,4.963339602515614,0.6698255875580518
30,756.0,84.0,3.8504489541956013,2.5669659694637343,1.821681655138268,3.9232003166512968,0.6800480692653755
30,762.0,78.0,4.018686196989657,2.679124131326438,2.187017640122138,5.119967598789438,0.684171535848012
30,768.0,72.0,4.095357913522867,2.730238609015245,2.155638813110436,4.171887053541279,0.6963485737439428
30,774.0,66.0,4.109330159460466,2.7395534396403107,2.1095612542086752,4.219488141109701,0.7061054967338731
30,780.0,60.0,4.0107146096263655,2.67380973975091,2.173911925237038,3.2941265650189058,0.7135872953527815
30,786.0,54.0,4.16151110983,2.7743407398866666,2.318704806791567,4.145558783871083,0.7226943064866099
30,792.0,48.0,4.291839164214034,2.8612261094760227,2.037077621494895,3.737108294374969,0.7331610432545375
30,798.0,42.0,4.144359806598018,2.7629065377320123,2.0637175718682657,3.8341063231152783,0.7423650388543775
30,804.0,36.0,4.292888486372348,2.8619256575815655,1.60263991504736,4.9992200649372895,0.7503745461085195
30,810.0,30.0,4.114243316858968,2.7428288779059784,1.6967839756582723,3.662310652910053,0.7554547534969298
30,816.0,24.0,4.1371382313958796,2.75809215426392,2.1404445008934125,4.918998121082705,0.7646118896004476
30,822.0,18.0,4.178158064759146,2.785438709839431,1.7654026632608195,3.674541353493117,0.7768183190436502
30,828.0,12.0,4.249538563600601,2.8330257090670674,2.0951674085449405,3.0,0.7863088334395775
30,834.0,6.0,4.237747715370577,2.8251651435803846,1.9165393633765828,3.4417303666476036,0.7936326976631837
30,840.0,0.0,4.299856527309815,2.866571018206543,1.8213995742353204,3.045975842761664,0.808187884170784
31,0.0,1080.0,2.7516298503008847,1.8344199002005899,1.5476468237298446,3.0,0.0021429341064473214
31,6.0,1074.0,2.6594070900691484,1.7729380600460989,1.742075808318218,3.4468180395679373,0.006043844031476938
31,12.0,1068.0,2.6561819682761088,1.7707879788507392,1.834103804593864,3.995656833219761,0.009198276104274955
31,18.0,1062.0,2.672146781186287,1.7814311874575246,2.1046291719216432,3.312231537426361,0.012343293456252975
31,24.0,1056.0,2.8167061161947595,1.877804077463173,2.282035446961061,5.087968534326025,0.01578521284850371
31,30.0,1050.0,2.570953962882083,1.7139693085880554,1.7983319738184376,3.898846146863384,0.01962590916418823
31,36.0,1044.0,2.8086703458612448,1.87244689724083,2.06684631049539,4.181869843518204,0.0218185134781986
31,42.0,1038.0,2.612047341582737,1.7413648943884914,2.019635055648591,4.0426035386828385,0.024008089227097112
31,48.0,1032.0,2.8637736423440985,1.909182428229399,2.0664646740141914,4.132404858445914,0.02773350303717666
31,54.0,1026.0,2.7340026381028135,1.8226684254018757,2.26145947155813,5.08550829751813,0.030851512318087495
31,60.0,1020.0,2.829973635534554,1.8866490903563695,1.966285626184073,4.496358006991429,0.03365446641451211
31,66.0,1014.0,2.813989930437325,1.8759932869582165,2.0980927354950776,5.527190824330316,0.03636229534323434
31,72.0,1008.0,2.6062320388431854,1.737488025895457,2.1335880914503744,4.5887131852776095,0.03896157722298707
31,78.0,1002.0,2.629148570742786,1.7527657138285242,2.6426941182283854,5.490529213955062,0.04199352562723247
31,84.0,996.0,2.723009758564122,1.815339839042748,2.2754138862590225,5.396908568581626,0.04541091624026436
31,90.0,990.0,2.8248582720660105,1.883238848044007,2.4645350796884733,5.5302971977104685,0.05006310700718953
31,96.0,984.0,2.8458010312405486,1.897200687493699,2.6830238166683156,5.449750699150375,0.05270390978017434
31,102.0,978.0,2.8740377021464396,1.9160251347642931,2.699125510222242,5.542998968636269,0.057373609889359536
31,108.0,972.0,2.7682771170038136,1.8455180780025424,2.4894660885775273,4.852678760198238,0.060313187742014655
31,114.0,966.0,2.8656472490286804,1.9104314993524536,2.8298125825692613,6.3276518759510525,0.06308344745881245
31,120.0,960.0,2.8851043285883913,1.9234028857255943,2.5253230714307717,5.915220519408974,0.06636161880533856
31,126.0,954.0,2.673999029424223,1.7826660196161486,2.361021181776796,6.259132967386547,0.07046275501623114
31,132.0,948.0,2.67366410341578,1.78244273561052,2.7433716890958344,5.905172443839361,0.07313327000410834
31,138.0,942.0,2.751064570201427,1.8340430468009512,2.974939368084663,6.336678666528312,0.07599116272962417
31,144.0,936.0,2.899800257923652,1.9332001719491014,2.9948716978945518,6.574181599029498,0.08005547522627618
31,150.0,930.0,3.082883044479167,2.0552553629861112,2.8097912388804676,6.944197540706438,0.08209797828383565
31,156.0,924.0,2.6552871367582074,1.7701914245054715,2.9349354108690435,5.827333807607116,0.08482034109874419
31,162.0,918.0,2.970434327211053,1.9802895514740353,2.8478401149805412,6.595056072171598,0.08881153205287175
31,168.0,912.0,2.9419290970201786,1.9612860646801191,2.9608322019353204,6.793954149525637,0.09142257681428162
31,174.0,906.0,2.672856382329259,1.7819042548861725,3.0522087197542547,6.462788830595418,0.09416044662907962
31,180.0,900.0,2.848357502956961,1.8989050019713074,3.020984793915875,6.6163627375982585,0.09701501825856598
31,186.0,894.0,2.7504895375094334,1.8336596916729555,2.730033245229593,6.479326907281592,0.1006515068739576
31,192.0,888.0,2.995447510246578,1.9969650068310518,2.9444859055604633,6.8090914544981755,0.10569174707368456
31,198.0,882.0,2.7556484448368463,1.8370989632245642,2.948371451482627,7.879970223940207,0.10850834286594285
31,204.0,876.0,3.1007660354718305,2.06717735698122,2.9399432305112945,7.032400063540701,0.1139209924196239
31,210.0,870.0,2.860687135282689,1.907124756855126,2.9883588722818293,6.57706309643382,0.1162559986754593
31,216.0,864.0,3.0738850016954786,2.049256667796986,3.3254472510836477,6.588058718188035,0.11843362914276791
31,222.0,858.0,2.928059763763332,1.9520398425088878,3.605748446607724,6.707177826706746,0.12154892585075837
31,228.0,852.0,2.841873036906375,1.89458202460425,2.902313175609994,7.192757267822282,0.12432232059783793
31,234.0,846.0,2.820243555731749,1.8801623704878327,3.37308956515935,7.468686915039191,0.1271727821768311
31,240.0,840.0,2.9230157104132037,1.9486771402754692,3.12577327903444,6.2546211607252005,0.1311774652136125
31,246.0,834.0,2.8920179309094647,1.9280119539396432,3.000342778534243,7.02846927128757,0.13472732437946938
31,252.0,828.0,2.914820929328398,1.9432139528855987,3.1510822182824483,7.669394614050254,0.13798009540722206
31,258.0,822.0,2.960572061619836,1.9737147077465573,2.846257301660507,8.280558611226514,0.14153436326907826
31,264.0,816.0,2.940086247448409,1.9600574982989392,3.2348614901282944,7.477823081359274,0.14448368734964073
31,270.0,810.0,3.0854113486287487,2.0569408990858324,3.5717785761593275,5.971435360386704,0.14843273021127465
31,276.0,804.0,2.724837769202885,1.8165585128019233,3.314971999664692,7.44483556583922,0.15102190706351581
31,282.0,798.0,2.861154970240952,1.9074366468273014,3.3230384092331704,6.223108749541294,0.15449125243235137
31,288.0,792.0,2.7684554591179427,1.845636972745295,3.464242719351037,6.973820802798029,0.15821926052714327
31,294.0,786.0,3.0215459650131913,2.014363976675461,3.216945092285109,6.6126413716969985,0.16187011805813334
31,300.0,780.0,2.8964660397656172,1.9309773598437447,3.7099209355174017,7.783487994664137,0.1658203549175016
31,306.0,774.0,2.8346057570893963,1.889737171392931,3.460938480551937,8.085600748486499,0.16816856478750125
31,312.0,768.0,2.8004764587957056,1.8669843058638038,2.939334829868539,8.415076005814573,0.16981377693894711
31,318.0,762.0,2.97121346668516,1.9808089777901066,3.0450669848992824,7.735950809439959,0.17331266332760992
31,324.0,756.0,2.80012193661597,1.86674795774398,3.192404170287039,7.785022169052361,0.17599370187028482
31,330.0,750.0,2.8241046541903394,1.882736436126893,3.420966505313185,7.260685300433709,0.17992430116742564
31,336.0,744.0,2.794944856050336,1.863296570700224,3.119572457802231,7.198437336363689,0.1825815047493401
31,342.0,738.0,2.8525494650779972,1.9016996433853315,3.5133023942488593,7.0084768658539485,0.18527396353552503
31,348.0,732.0,2.734205952907647,1.8228039686050979,3.436187013654929,7.323921567658243,0.18850101266761757
31,354.0,726.0,3.056976636564898,2.0379844243765985,3.3768681608114517,7.203406772879252,0.1925169571699078
31,360.0,720.0,3.1662184879204935,2.110812325280329,2.8737517391670933,7.597005431776153,0.19811833920687477
31,366.0,714.0,3.0328239520563676,2.021882634704245,3.4378518295604303,7.2920394516845555,0.20158866519625718
31,372.0,708.0,2.967986071324044,1.978657380882696,3.906754716237611,6.883088140836275,0.20609089575407
31,378.0,702.0,3.136714195878266,2.091142797252177,3.0869787278413394,7.333338883500983,0.20971137949466637
31,384.0,696.0,2.9473580997165256,1.964905399811017,3.2292746618208774,7.747360411278324,0.2124295739699923
31,390.0,690.0,2.9926719804871165,1.9951146536580777,3.2837878022606155,6.5414255088708915,0.21656267800263745
31,396.0,684.0,3.134934361753774,2.0899562411691828,3.448315500542524,7.044872181154781,0.22037813302243975
31,402.0,678.0,2.85483463304496,1.90322308869664,3.6465328521996843,7.805002019387319,0.22416651457430745
31,408.0,672.0,3.083590102617699,2.055726735078466,3.290371901023583,7.682793785030601,0.22880810283979322
31,414.0,666.0,3.070794829485636,2.047196552990424,3.7070192539735305,7.336127737690056,0.23216358564135223
31,420.0,660.0,3.123318610803007,2.0822124072020047,3.3841495131366455,7.788517763179468,0.23927212985818705
31,426.0,654.0,2.8477942409980117,1.8985294939986745,3.028686161812961,7.114704005457213,0.24323528157889687
31,432.0,648.0,2.818709533420557,1.8791396889470382,3.1318442855771096,6.430653880761682,0.24572680176447317
31,438.0,642.0,2.9614971181314176,1.9743314120876116,3.3804669884025906,6.614280073791562,0.24882678302487235
31,444.0,636.0,2.9337930958159295,1.9558620638772863,3.4070423311832165,7.704341509165486,0.2517221530716459
31,450.0,630.0,3.17257707651638,2.115051384344253,3.463535654573913,7.091419732907586,0.2555295067774565
31,456.0,624.0,2.9668843873004174,1.977922924866945,2.9324143018207725,6.613303791940299,0.2596275149789738
31,462.0,618.0,3.142582526068649,2.0950550173790994,3.1880530849539386,7.083616010810543,0.26243060246741695
31,468.0,612.0,2.9922751030257757,1.9948500686838504,3.298856903923742,7.307450033354089,0.2672999551849079
31,474.0,606.0,3.2562972286641356,2.1708648191094237,3.359333814753104,6.382428917794196,0.2719061865080166
31,480.0,600.0,3.1871245220515414,2.1247496813676943,3.6367004343675675,8.214071359290434,0.276640039545793
31,486.0,594.0,3.09506461271273,2.0633764084751536,3.0660212848585924,7.565645267160766,0.27942705416305375
31,492.0,588.0,3.119041459074913,2.0793609727166085,2.9793937068014498,7.22896743301382,0.28482029628703526
31,498.0,582.0,3.151753820467926,2.1011692136452838,3.075762736764008,6.937693475957188,0.28957596734258906
31,504.0,576.0,3.097378973167191,2.064919315444794,3.2676880298564965,6.8597566670462635,0.291342675944023
31,510.0,570.0,3.134858368073006,2.0899055787153373,3.386941774966949,7.403413491974941,0.2955444415823278
31,516.0,564.0,3.0496343432480466,2.0330895621653644,2.9866236879119388,6.1221660856640225,0.29942667380394244
31,522.0,558.0,3.2888765474594583,2.1925843649729724,2.869178816011093,7.614484233168337,0.3058899299151192
31,528.0,552.0,3.249302084508602,2.1662013896724015,2.8781030838566863,7.289132706776138,0.310941997960135
31,534.0,546.0,3.2121494289745476,2.1414329526496982,3.303164440034133,7.5907698745489425,0.31410029015888374
31,540.0,540.0,3.0557550650482472,2.037170043365498,3.2028003350693326,6.832479640929482,0.3174716746938629
31,546.0,534.0,3.3572999239289776,2.238199949285985,2.9424481804544858,6.5763086411724965,0.3211382543171672
31,552.0,528.0,3.2002008458325366,2.1334672305550244,2.744218652588914,6.951250914612587,0.32676354725487305
31,558.0,522.0,3.1815952899912334,2.1210635266608224,3.0374886798264336,8.048275412448259,0.3293270486686814
31,564.0,516.0,3.018703544771597,2.0124690298477312,2.8571458815562125,6.706184010662804,0.33327149454602767
31,570.0,510.0,3.1763546270442413,2.1175697513628275,3.237287687333107,7.430119127895212,0.3353690268408704
31,576.0,504.0,3.153164013586198,2.1021093423907984,2.959976937946793,7.063344843522482,0.33871279998058224
31,582.0,498.0,3.2351780909987156,2.1567853939991437,3.0452084757884412,6.172976511346954,0.3434079270682094
31,588.0,492.0,3.0979934704591696,2.0653289803061132,3.0173658607049467,7.6509352272975955,0.34894949019394517
31,594.0,486.0,3.235566990918073,2.1570446606120486,3.4578061607931088,7.994585373781017,0.3540701626538378
31,600.0,480.0,3.206531688079404,2.1376877920529362,2.902725950473783,6.51440999787171,0.35635055023711615
31,606.0,474.0,3.424022051406703,2.2826813676044684,3.0684068101639896,6.5865699188508335,0.360904837590409
31,612.0,468.0,2.9974188844757514,1.9982792563171676,3.151916396506918,6.485506282456766,0.3636326605817443
31,618.0,462.0,3.3243316180803197,2.216221078720213,3.1681663166544802,6.410565520344898,0.3680881991932946
31,624.0,456.0,3.1362207896429486,2.090813859761966,2.790886961818331,6.217533755519009,0.37326338101402307
31,630.0,450.0,3.34809377918973,2.23206251945982,2.8467599264629424,5.934016738100086,0.37878419732657975
31,636.0,444.0,3.4400549202549056,2.2933699468366036,2.7606413009358737,4.915425075779154,0.3832371004406551
31,642.0,438.0,3.2244311839938424,2.1496207893292283,2.9900583719268705,6.919203678181604,0.3884238399579344
31,648.0,432.0,3.349902430510569,2.233268287007046,2.8180798267020566,7.004476437439861,0.39238876820540725
31,654.0,426.0,3.4804830504932465,2.320322033662164,2.664610512948623,5.517916575450457,0.39869171752480925
31,660.0,420.0,3.287893118064636,2.191928745376424,2.8147610782174044,5.515581723774755,0.4061301782225227
31,666.0,414.0,3.2796764560925475,2.186450970728365,2.7988718631929346,5.77478629317314,0.41050480226909347
31,672.0,408.0,3.2628657707525943,2.1752438471683964,2.874430220056099,6.404042151268799,0.41436503170061867
31,678.0,402.0,3.384859599982902,2.256573066655268,2.8436932334959137,5.975845895250797,0.4176114108016095
31,684.0,396.0,3.215371891769389,2.143581261179593,2.8387333971572986,6.3527338315344855,0.4202205102501469
31,690.0,390.0,3.194868622855349,2.1299124152368996,2.5613267903404235,5.67260096459867,0.42360596004389545
31,696.0,384.0,3.2705698576197073,2.1803799050798047,2.8475228002365363,6.612204199003084,0.4264438953888971
31,702.0,378.0,3.1852742185677663,2.1235161457118443,2.591785909116506,5.7705128387238105,0.43016440266020317
31,708.0,372.0,3.516967021047244,2.344644680698163,2.711898902639409,6.539809575967759,0.4317914162814416
31,714.0,366.0,3.4670745884643623,2.3113830589762414,2.38951691993071,6.2171024636321075,0.4365734432800345
31,720.0,360.0,3.243695287022469,2.162463524681646,2.543109789798171,5.63826420304428,0.43838391963464923
31,726.0,354.0,3.3122172068088984,2.2081448045392658,2.519763503293014,5.282317701604169,0.44271787143261226
31,732.0,348.0,3.4364373304178812,2.2909582202785876,2.7567663130931734,5.654085955237721,0.44876309004867
31,738.0,342.0,3.3526334928817554,2.2350889952545034,2.5329371479268716,5.82861374368828,0.4525208186928078
31,744.0,336.0,3.5631399799241077,2.3754266532827386,2.58348818280516,4.835798500545491,0.4585254565301912
31,750.0,330.0,3.3874871940228797,2.2583247960152533,2.557561800375332,4.829952670879935,0.4636503992771791
31,756.0,324.0,3.570952381971305,2.3806349213142033,2.5226327626862872,5.009522822086799,0.4679772459111636
31,762.0,318.0,3.3677008326707036,2.245133888447136,2.581337768674729,5.779492409768784,0.474506565585085
31,768.0,312.0,3.510885803000569,2.3405905353337126,2.704321897618958,5.458394700130845,0.4799322094506127
31,774.0,306.0,3.4976857611555796,2.331790507437053,2.6006735245965893,5.077198824788685,0.48602056646759284
31,780.0,300.0,3.5926510530613482,2.395100702040899,2.350508577351326,5.278566798367076,0.49038939489495387
31,786.0,294.0,3.57843832201348,2.3856255480089867,2.3998596417316786,4.839274355953519,0.4942475327690131
31,792.0,288.0,3.7488330582870866,2.4992220388580577,2.633932032105239,5.3295926659672705,0.5020943760821787
31,798.0,282.0,3.6333840355778135,2.422256023718542,2.3238711617085417,5.7425167849785,0.507503050222948
31,804.0,276.0,3.4553543401759303,2.3035695601172868,2.6489730812711287,5.929319589526025,0.512704705485409
31,810.0,270.0,3.525622380186195,2.35041492012413,2.2614723863416764,5.126843513699955,0.5151538390370354
31,816.0,264.0,3.548726631063458,2.3658177540423053,2.629429520251279,6.0761445535521785,0.5176969986001885
31,822.0,258.0,3.532864647137843,2.3552430980918952,2.901912640725984,5.050639923701477,0.5220215477925534
31,828.0,252.0,3.58546649073304,2.3903109938220264,2.1577981026307986,4.329559579634723,0.5268818164742463
31,834.0,246.0,3.5902404092550277,2.3934936061700185,2.0208007038059543,5.454547457576044,0.531305342027043
31,840.0,240.0,3.7054009909423855,2.470267327294924,2.2125580762733446,5.482646585434498,0.5377615524251705
31,846.0,234.0,3.745685683976381,2.497123789317587,2.47952399020481,5.923099545977909,0.5447686601416888
31,852.0,228.0,3.7773668642884983,2.518244576192332,2.6278717779527128,4.837198997652734,0.5505264442449503
31,858.0,222.0,3.6673411653548555,2.44489411023657,2.677106164304138,4.683517085626865,0.5562135803468149
31,864.0,216.0,3.5071845115437035,2.338123007695802,2.020761134320326,5.440160806553621,0.5618281686675135
31,870.0,210.0,3.744861702422014,2.496574468281343,2.0092642876463227,5.602360335523293,0.5656933151026695
31,876.0,204.0,3.8873765034372894,2.5915843356248596,2.494899917397787,5.0434853857602775,0.5729305102352034
31,882.0,198.0,3.7922438956257505,2.5281625970838335,2.285489698870899,4.952005540714864,0.5793918012634361
31,888.0,192.0,3.959206273135448,2.6394708487569654,2.545653759705211,4.928884825257217,0.5880322002856083
31,894.0,186.0,3.746141037128187,2.497427358085458,2.5219333029005306,5.456092714342905,0.5927036871484992
31,900.0,180.0,3.482907711587416,2.3219384743916107,2.1520383087572945,5.375848619473109,0.5971729593757368
31,906.0,174.0,3.6618740958224603,2.4412493972149734,2.3010586347436988,4.645061972269901,0.6057077190430641
31,912.0,168.0,3.6902532386773035,2.460168825784869,2.5812349531926033,4.156995129872902,0.6102273784362906
31,918.0,162.0,3.7786519551786144,2.5191013034524095,2.5535362869648943,5.231122591657146,0.6129905359050961
31,924.0,156.0,3.8299349263468394,2.553289950897893,2.2960482780413436,5.290126643724907,0.6190147758909127
31,930.0,150.0,3.68823371826608,2.4588224788440534,2.4325016958842514,5.05972148302624,0.6239757158235983
31,936.0,144.0,3.9259896500127365,2.6173264333418245,1.8794762118112491,4.243557603549652,0.6288771349764569
31,942.0,138.0,3.886775305226165,2.5911835368174434,2.3180551394781355,5.138862562360858,0.6391085584049352
31,948.0,132.0,3.9491339966342074,2.632755997756138,1.6685309233502514,4.064291379676701,0.644810779121758
31,954.0,126.0,3.8241533830344467,2.549435588689631,2.1072221204420303,4.144057205792101,0.6498620994151902
31,960.0,120.0,3.879839112820464,2.586559408546976,2.485033668420252,4.352180761920039,0.656197418428503
31,966.0,114.0,3.8702357762725503,2.5801571841817004,2.025496915243275,5.8880372764598885,0.6593646737964223
31,972.0,108.0,4.245840607300212,2.8305604048668083,2.350283185536422,4.218913207858345,0.668472283676119
31,978.0,102.0,4.008983679828675,2.67265578655245,1.955491654895328,4.380204631281839,0.6740708732969298
31,984.0,96.0,4.015912948166346,2.677275298777564,2.1170278922601473,5.273165928641983,0.6798654008904763
31,990.0,90.0,4.017453212314872,2.678302141543248,2.022542428394991,3.9305183185752806,0.6873250211094966
31,996.0,84.0,4.0015419030337105,2.6676946020224737,2.2435555090259434,4.076795694150945,0.6943554318742065
31,1002.0,78.0,3.954159825307557,2.6361065502050383,1.8235428869428272,4.424396516257196,0.6998118286778054
31,1008.0,72.0,4.12343845320543,2.74895896880362,2.5317125230082387,4.440072383421403,0.7124242849153004
31,1014.0,66.0,4.125625347653122,2.7504168984354145,1.7276838772888108,3.7306296068640794,0.7211164356421241
31,1020.0,60.0,4.08118330980777,2.72078887320518,1.9696552378584646,4.465158354671992,0.7279350718419515
31,1026.0,54.0,3.957762119213083,2.638508079475389,1.959891510022338,3.813969817705233,0.7343128215690456
31,1032.0,48.0,4.151698886335977,2.767799257557318,2.1585655408162263,3.87309855344374,0.7427261198203706
31,1038.0,42.0,4.329963612742538,2.886642408495025,2.1343589741315996,3.8473164089143177,0.750365462290245
31,1044.0,36.0,4.094305765444314,2.7295371769628756,1.9269395124488722,4.676299898118471,0.7575192269884939
31,1050.0,30.0,4.203027234080891,2.8020181560539275,1.6476770411640906,4.399905869868246,0.7630689955265363
31,1056.0,24.0,4.252291379931092,2.8348609199540618,2.2987921458265173,3.943878929142733,0.773270875124683
31,1062.0,18.0,4.269173999217203,2.846115999478135,1.8511397960263065,4.095071567694265,0.7842202051424985
31,1068.0,12.0,4.281107741041099,2.8540718273607326,2.074831298407078,4.267133570676224,0.7898710908354233
31,1074.0,6.0,4.377716762668951,2.9184778417793003,1.7454869105709903,3.2520960642150274,0.798602934903876
31,1080.0,0.0,4.09893379949196,2.73262253299464,2.0623381959851157,3.472954920212076,0.8063615712015195
32,0.0,1380.0,2.7743986321127423,1.8495990880751616,1.5591637918494878,3.4638461381629675,0.0030818904887190877
32,6.0,1374.0,2.953426182249699,1.968950788166466,1.6828536865350359,3.782152759362842,0.005435779462711539
32,12.0,1368.0,2.915306710576053,1.943537807050702,1.6326722889406065,3.349954195073253,0.007968737940226402
32,18.0,1362.0,2.5502244125183444,1.700149608345563,1.7512091083964183,3.4199092529708612,0.010551581362427603
32,24.0,1356.0,2.6774809517729667,1.784987301181978,1.5781950718748314,3.0,0.012130501586647573
32,30.0,1350.0,2.8207934854002357,1.8805289902668239,1.6317606656832067,4.20466383518503,0.014794306502084215
32,36.0,1344.0,2.8560766793553376,1.904051119570225,1.8075100747557542,3.636999675774857,0.017458593287249583
32,42.0,1338.0,2.877868556984956,1.9185790379899705,1.7179651653069496,4.22174352661414,0.02068254600743267
32,48.0,1332.0,2.923195020804626,1.9487966805364172,1.630697139101653,3.586802946580225,0.023337430732874344
32,54.0,1326.0,2.9024802597537307,1.9349868398358205,2.0773509195583757,4.651494476736699,0.02586128406743321
32,60.0,1320.0,2.9444955958401517,1.9629970638934344,2.1121722737677175,4.378998115419699,0.02809887174970197
32,66.0,1314.0,2.633257487472512,1.7555049916483414,2.475156316045312,4.722652900023977,0.030761576934715068
32,72.0,1308.0,2.989599871355575,1.9930665809037167,2.041940898059697,5.186704820126184,0.0331373568507583
32,78.0,1302.0,2.888484083174963,1.9256560554499753,2.4116074395649134,4.145931637180771,0.0354646084856266
32,84.0,1296.0,2.7926732170080353,1.8617821446720235,2.4039416635512523,4.493174096589903,0.03780265141415767
32,90.0,1290.0,2.916912441281393,1.9446082941875955,2.397199093898092,5.7345330776483685,0.03951203205733011
32,96.0,1284.0,2.467264781692954,1.6448431877953027,2.011527841649879,4.676523479973755,0.04155442716144417
32,102.0,1278.0,2.8747039305771085,1.9164692870514057,2.9296640116511603,4.875227530095743,0.04479363219170929
32,108.0,1272.0,2.809625276930798,1.8730835179538652,2.263143611678144,5.613688834096357,0.04665599266368504
32,114.0,1266.0,2.9216578781498126,1.9477719187665417,2.5659265605705253,4.431952507559641,0.04938891178159868
32,120.0,1260.0,3.0711189564218944,2.0474126376145962,2.4892221379498682,5.3571074266793595,0.05249023729047529
32,126.0,1254.0,2.8847167337169974,1.923144489144665,2.812048883808171,5.052145749655711,0.05442971168801655
32,132.0,1248.0,2.69957845354803,1.79971896903202,2.342099479574426,6.286445960177802,0.05674858658124515
32,138.0,1242.0,2.9095595238847305,1.939706349256487,2.737326626745827,6.192835166032126,0.059737174890528794
32,144.0,1236.0,2.953857695108882,1.9692384634059215,2.6966167616937184,5.96700855855523,0.06351002219413936
32,150.0,1230.0,2.7300546286116623,1.8200364190744416,2.932082265670051,5.558970049429139,0.06524908032013074
32,156.0,1224.0,2.6824465441960355,1.7882976961306902,2.600000428467026,5.377740534127527,0.06824129489452888
32,162.0,1218.0,2.640477121711406,1.7603180811409374,2.593849524360282,5.858775770033029,0.0701675699083922
32,168.0,1212.0,2.7681515770712584,1.8454343847141723,2.8469875390648696,5.759708093221817,0.07306134835030344
32,174.0,1206.0,2.81883912339668,1.8792260822644533,2.4977699215700557,5.450067985727929,0.07493354447095225
32,180.0,1200.0,2.721643074205428,1.814428716136952,2.8170939435937727,6.040604686404555,0.07654272707072818
32,186.0,1194.0,2.806912367651079,1.871274911767386,2.449743437638946,5.150674203152384,0.07940004638423913
32,192.0,1188.0,2.7773305182981747,1.8515536788654499,2.79240934773665,6.1209586972118455,0.08203934215485553
32,198.0,1182.0,2.844223273169453,1.8961488487796352,2.8622546233088837,6.807317492242923,0.08302712786018707
32,204.0,1176.0,2.8828145229509907,1.9218763486339938,3.0043344720666543,6.9921948933168085,0.08599318934205012
32,210.0,1170.0,2.7240072706807763,1.8160048471205175,2.9403114206264656,6.700057529517892,0.08885179921511259
32,216.0,1164.0,2.8403117646978937,1.8935411764652625,2.5349453936031034,5.90632752454054,0.09155178346001541
32,222.0,1158.0,2.8921479396411827,1.928098626427455,3.3030425124126945,6.659573249342118,0.09470327910784333
32,228.0,1152.0,2.9711730492191126,1.9807820328127417,2.8654212162225097,6.61264977056695,0.0969568216211631
32,234.0,1146.0,3.045524261598437,2.0303495077322915,3.0237295089946477,6.063347809544252,0.09898544534304957
32,240.0,1140.0,2.8305857746814436,1.8870571831209624,2.9004241767784555,6.957214827479609,0.1019207425500605
32,246.0,1134.0,2.884993243237731,1.923328828825154,2.9824119479016824,6.412190222807528,0.1035688643719425
32,252.0,1128.0,2.6834183706962524,1.7889455804641683,2.950692220909094,6.12938827534491,0.10454587866459826
32,258.0,1122.0,2.948150849326908,1.965433899551272,2.9317054388134602,6.888239738443611,0.10681667460784978
32,264.0,1116.0,3.023011471941904,2.0153409812946026,3.153116860774943,6.372422056822728,0.10960334046852689
32,270.0,1110.0,2.909405175684942,1.9396034504566282,2.7011065768208207,7.744834392503151,0.1122531663486362
32,276.0,1104.0,2.7159472660418786,1.8106315106945858,3.290562742815899,7.306962138304813,0.11462571633397077
32,282.0,1098.0,2.7657708370943554,1.8438472247295703,3.151687496289458,7.349435000942652,0.11634114801012885
32,288.0,1092.0,2.8482599489432525,1.8988399659621684,3.0781319400838294,7.282715820601966,0.11910504997131187
32,294.0,1086.0,2.989654183880273,1.9931027892535154,3.094902979516894,6.71900777992313,0.12219348945345691
32,300.0,1080.0,2.8125150399103536,1.8750100266069023,3.2635316276425703,7.721252906955778,0.12562156008581013
32,306.0,1074.0,2.770845187331082,1.8472301248873881,2.8110732693406626,7.349591926253568,0.12742151035738553
32,312.0,1068.0,2.910454888377699,1.9403032589184661,3.1301464517104503,7.867244882604777,0.13039157565338394
32,318.0,1062.0,2.9670994914524336,1.9780663276349557,3.29249459085272,6.493806683674006,0.13362348346181133
32,324.0,1056.0,2.897578665339613,1.9317191102264086,3.4142439601189136,8.235224938488505,0.1370140260351702
32,330.0,1050.0,2.900082479679413,1.9333883197862753,3.6235276468386695,7.28757694749065,0.13901632598618224
32,336.0,1044.0,3.066978535638791,2.0446523570925272,3.0775762339821626,7.997204980349112,0.14194321970623647
32,342.0,1038.0,2.9541635127125745,1.969442341808383,3.181403410816054,7.660546980474053,0.14551844737201525
32,348.0,1032.0,3.012868958466685,2.0085793056444565,3.2470711609714207,6.903690366353586,0.148049547165276
32,354.0,1026.0,2.938884179502282,1.9592561196681881,3.0935599182901585,7.970315306220912,0.1499776426970384
32,360.0,1020.0,3.0651564391611683,2.0434376261074454,2.8747160419401054,7.894917333172259,0.15269170343495234
32,366.0,1014.0,2.817745724061484,1.8784971493743228,3.1729763823385455,7.362146193898526,0.15558571322448683
32,372.0,1008.0,2.956344177142036,1.9708961180946905,3.47737554489436,5.957868801005814,0.15854484933857887
32,378.0,1002.0,2.7749951957876697,1.84999679719178,3.2815661805419234,7.742020441058603,0.16133306998038152
32,384.0,996.0,2.8202064277100156,1.8801376184733438,3.1517160074299455,6.628736163158904,0.16393831996540256
32,390.0,990.0,2.8524699959349897,1.9016466639566598,3.1712030861909093,7.2477892955222,0.1656872913130692
32,396.0,984.0,2.888858280302361,1.9259055202015738,3.5984999388108183,7.0747753689285275,0.16898028547491845
32,402.0,978.0,3.147215349601812,2.098143566401208,3.344979581600263,7.47277181271858,0.17168851079824576
32,408.0,972.0,3.022069656483284,2.014713104322189,2.8574346847695002,6.349972464901278,0.17501546281781935
32,414.0,966.0,2.8186388479303615,1.8790925652869077,3.550438837480985,6.881160693370397,0.17769746917097073
32,420.0,960.0,2.9857290482821,1.9904860321880669,3.0009234021934064,7.074952445265709,0.18027993718120877
32,426.0,954.0,3.0826673509284204,2.0551115672856137,3.3790657131746364,6.69493449205891,0.18344309463285827
32,432.0,948.0,2.8309258819247285,1.8872839212831523,3.1169769930391222,7.013005906928438,0.1860179172364373
32,438.0,942.0,2.8767199621079227,1.9178133080719484,3.2965432828439623,6.979349488870674,0.1884416915883125
32,444.0,936.0,3.1231210665588836,2.082080711039256,3.5354928234040566,7.03622760118801,0.19104289665017896
32,450.0,930.0,2.999369496618432,1.9995796644122878,3.9149500570285087,7.496508825671789,0.1943578472135982
32,456.0,924.0,3.0373918695263518,2.0249279130175677,3.3386374627291073,7.334196132406561,0.19673750840264756
32,462.0,918.0,2.7788984000470824,1.8525989333647217,3.1545322187964273,7.546716965678104,0.19935783782534316
32,468.0,912.0,3.171503274264787,2.1143355161765247,3.7031335804926835,7.018961735966146,0.20325962060766903
32,474.0,906.0,3.16859854088849,2.112399027258993,3.3793693316590847,7.289319034392125,0.20715616975550416
32,480.0,900.0,2.8374436114508215,1.8916290743005477,3.496286761996455,7.283310381313754,0.2096912484162995
32,486.0,894.0,3.0349510759703135,2.023300717313542,3.4352745235406763,7.624915099786468,0.2124616286610866
32,492.0,888.0,3.1211749014307477,2.0807832676204985,3.2887670703525598,7.026472423735568,0.21418487540411035
32,498.0,882.0,2.7845358228482437,1.8563572152321626,3.619720483349241,7.187901896084772,0.21702373398192637
32,504.0,876.0,3.0037870715454638,2.0025247143636427,3.6051259275489613,7.559493327822945,0.21909751214326165
32,510.0,870.0,2.9924955569060008,1.9949970379373339,3.3993692534756317,7.983027206104648,0.22178429722116452
32,516.0,864.0,3.0675917176733423,2.0450611451155614,3.2974523757076306,7.300209973650681,0.22516232475448353
32,522.0,858.0,2.849553310145975,1.8997022067639833,3.159362327926886,7.9282927393696205,0.22705447400325182
32,528.0,852.0,3.2550571911324284,2.170038127421619,3.614904907783552,8.32797946349318,0.22994535932915003
32,534.0,846.0,3.1384305809757236,2.092287053983816,3.375322403937097,7.276568668367105,0.2342681706881494
32,540.0,840.0,2.972978169443443,1.9819854462956288,3.2150461840629774,8.073988434230994,0.23656910784449367
32,546.0,834.0,3.1159772191445287,2.0773181460963523,3.242185838499996,7.394807250923101,0.2398427545110429
32,552.0,828.0,3.1625887439464235,2.1083924959642824,3.007513527372382,6.44660030865217,0.243654885591888
32,558.0,822.0,2.8354264759047667,1.8902843172698445,3.450283268773456,7.778055787450169,0.24595279782185603
32,564.0,816.0,2.967156221450449,1.9781041476336327,3.228768201292067,6.918717229400726,0.24925529335403174
32,570.0,810.0,2.8056379903483295,1.8704253268988864,3.281976550257372,6.931256877780678,0.25307275695449133
32,576.0,804.0,3.002755049394275,2.001836699596183,3.574287867285725,6.611719655896885,0.255206484968738
32,582.0,798.0,3.25387124498095,2.1692474966539668,3.565533942556569,7.5465267353621055,0.25927314498762305
32,588.0,792.0,3.095146227975342,2.063430818650228,3.2456140409889276,7.409942009022529,0.26208616380750543
32,594.0,786.0,3.034023508610874,2.022682339073916,3.7073482822345483,6.886882925785113,0.26469036608179003
32,600.0,780.0,3.19566990634855,2.130446604232367,3.2691318435526306,7.689634287216864,0.26756406504765207
32,606.0,774.0,3.1761972429064405,2.1174648286042936,3.2918459064320733,6.648707593581296,0.27121708936078215
32,612.0,768.0,3.0286517222275333,2.0191011481516887,3.285235842484085,6.880349097116026,0.27377291496031536
32,618.0,762.0,2.903481599951634,1.935654399967756,2.9712610971978535,7.112379544719689,0.27594567460291086
32,624.0,756.0,3.149839816914972,2.099893211276648,3.317654206612605,7.067807463903039,0.2795442839143152
32,630.0,750.0,3.169582187961478,2.1130547919743186,2.92701565269889,7.401083371188881,0.2826313264198142
32,636.0,744.0,2.967475704608841,1.978317136405894,3.070370827778132,6.800798818156176,0.2847188002879558
32,642.0,738.0,3.1915894777828977,2.127726318521932,2.7829591155360816,6.977346363439303,0.28760247153845214
32,648.0,732.0,3.04396282167647,2.0293085477843134,3.2880192578279868,8.696729623935905,0.29116207373383224
32,654.0,726.0,3.206201416301988,2.137467610867992,3.055318382790801,6.926354542823158,0.29481287296186226
32,660.0,720.0,3.230380192092164,2.1535867947281093,3.193699078721804,7.383257307994276,0.29793644765792165
32,666.0,714.0,3.1380265497188287,2.0920176998125526,3.3009540254325653,6.952736369122243,0.30054294015390876
32,672.0,708.0,3.0333661480082372,2.022244098672158,3.0935427409923495,7.106015982590209,0.3025115606863351
32,678.0,702.0,3.103611207695662,2.0690741384637747,3.1326598170430486,6.110520913438664,0.30461547771459685
32,684.0,696.0,3.2949428569880763,2.1966285713253844,3.101586306362919,7.270249638245171,0.3088513696235512
32,690.0,690.0,3.3152277689111243,2.2101518459407496,2.828823263558098,7.121036337595883,0.31296241354836235
32,696.0,684.0,3.001356484409909,2.0009043229399395,2.946539258850476,6.657086331330385,0.3146133453527556
32,702.0,678.0,3.1036620094367358,2.0691080062911573,2.945874870729121,6.934972758003861,0.31720191812734416
32,708.0,672.0,3.1228000041033144,2.0818666694022094,3.1623078115731516,6.867772183383096,0.319617208832324
32,714.0,666.0,3.091492802133192,2.060995201422128,2.56168123395351,7.635890081534088,0.32378027043204144
32,720.0,660.0,2.999645790601426,1.9997638604009509,2.9985948315547017,6.465758161274684,0.3272738264802187
32,726.0,654.0,3.149583188528585,2.0997221256857235,3.174396350259669,6.786400039569418,0.3293609486971205
32,732.0,648.0,3.1590445329904004,2.106029688660267,2.7826498785635736,6.156429871387537,0.33266249083742855
32,738.0,642.0,3.355399045473277,2.2369326969821848,3.3704285694454086,6.654396913779263,0.33713037806821644
32,744.0,636.0,3.110303992864093,2.073535995242729,3.0631328523534727,5.741871634651915,0.34030141940809366
32,750.0,630.0,3.2757015740787074,2.183801049385805,2.830501770789783,5.922716641119511,0.3437181280775998
32,756.0,624.0,3.406267496130607,2.270844997420405,2.883171512491286,6.5840722702121734,0.34907315735403666
32,762.0,618.0,3.160480787311237,2.1069871915408247,2.846352762717863,6.440568235566295,0.3528883701596496
32,768.0,612.0,3.073194850299301,2.048796566866201,2.7678785598825333,7.441688721831086,0.35514718683507585
32,774.0,606.0,3.39179037860104,2.2611935857340266,2.935985927904911,5.814755032782176,0.3578896521936054
32,780.0,600.0,3.142600379158058,2.0950669194387053,3.205546890968505,5.670401760464266,0.36106325598974787
32,786.0,594.0,3.3447466144026814,2.229831076268454,2.6415706140158646,6.832606461113373,0.3643135004113377
32,792.0,588.0,3.3482680509771785,2.232178700651452,2.7824455377104473,6.258520830294996,0.36628520329107006
32,798.0,582.0,3.4204810685960045,2.2803207123973364,2.696869922998067,6.834895977155084,0.3703970655276048
32,804.0,576.0,3.211830961720635,2.14122064114709,2.6912388084797203,5.165940813612206,0.37342157714659224
32,810.0,570.0,3.305401339691231,2.2036008931274873,2.642623464012406,6.455648229452088,0.378384712210106
32,816.0,564.0,3.410199533395279,2.273466355596853,2.820357577899452,5.929024370845416,0.38216101651697143
32,822.0,558.0,3.16979883379633,2.1131992225308864,2.6455177976563684,6.597431629224904,0.38577368946718077
32,828.0,552.0,3.330654771060066,2.220436514040044,2.6181412725998956,6.219105674670836,0.38853526594506327
32,834.0,546.0,3.3524826217138424,2.234988414475895,2.679716344671234,5.415345491020239,0.393122775015441
32,840.0,540.0,3.309909780952648,2.206606520635099,2.8223191769953004,6.264641348156119,0.3975784238477916
32,846.0,534.0,3.31543023870499,2.2102868258033266,2.9134620826987754,5.847955502118484,0.40141085882073263
32,852.0,528.0,3.4244423850164036,2.282961590010936,3.17170011516095,6.448448418665141,0.40559378915148736
32,858.0,522.0,3.4639972035956204,2.3093314690637468,2.686188204755145,6.287480354497705,0.41148351682712836
32,864.0,516.0,3.32866899549939,2.21911266366626,2.705130038017924,5.5355895863097855,0.4152556861274123
32,870.0,510.0,3.4049355348865276,2.269957023257685,2.248048838582242,6.584114497989491,0.4193224932639037
32,876.0,504.0,3.2347295163196286,2.1564863442130857,2.8375927698385106,7.1888943074920695,0.4230452180924947
32,882.0,498.0,3.428421650237138,2.2856144334914252,2.334775520759842,6.163731281693597,0.4275696931100965
32,888.0,492.0,3.3320292637072897,2.2213528424715263,3.028334910763628,6.70979983261184,0.4309251642691017
32,894.0,486.0,3.4586509652315263,2.305767310154351,2.557408929561726,6.062928442941157,0.4349208176090097
32,900.0,480.0,3.5499610416418244,2.366640694427883,2.898119521003887,4.937652830971146,0.4387939615326593
32,906.0,474.0,3.4415486248621905,2.294365749908127,2.533331933731011,5.70224739038623,0.44230656834281573
32,912.0,468.0,3.631031498170576,2.420687665447051,2.5244629690306315,5.955397683433737,0.446791948816213
32,918.0,462.0,3.3815964539974117,2.2543976359982745,2.593964627964701,5.879604718067041,0.4481994642874741
32,924.0,456.0,3.4226476715740004,2.281765114382667,2.545170238183452,6.350098054229673,0.4519680418195653
32,930.0,450.0,3.474234319312987,2.316156212875325,2.322229826567575,5.309641431366774,0.4575122490819583
32,936.0,444.0,3.4614434183590856,2.307628945572724,2.7299108381251016,5.462223571228523,0.46131074777510966
32,942.0,438.0,3.5683487662326265,2.378899177488418,2.5234164638320307,6.107148414376338,0.46457854042099545
32,948.0,432.0,3.659737053308404,2.4398247022056028,2.323620598363755,5.969023371967878,0.46627777681846716
32,954.0,426.0,3.4252009917331896,2.2834673278221262,2.8592886798663915,6.130622387843261,0.4698912584415283
32,960.0,420.0,3.480621914652357,2.320414609768238,2.269932224928031,5.9912288876062485,0.4733742604948258
32,966.0,414.0,3.700965798857429,2.4673105325716196,2.8395004999600255,6.6727454872747085,0.47690544546826164
32,972.0,408.0,3.4401985898734075,2.2934657265822715,2.6562262754454014,5.4952246132546,0.48084001967885903
32,978.0,402.0,3.438595074306439,2.292396716204293,2.964060058796747,5.968434606367344,0.4851940587171161
32,984.0,396.0,3.545063189712887,2.363375459808591,2.6428986078614334,6.0156722164328205,0.48894246222884247
32,990.0,390.0,3.6226738021645892,2.415115868109726,2.570829500551506,5.46447828147591,0.49331816001853956
32,996.0,384.0,3.406760021354885,2.2711733475699236,2.328974946062552,5.398620734331903,0.4975300813143097
32,1002.0,378.0,3.5287210737065893,2.352480715804393,2.526794636421957,5.993664160917565,0.5024054875349903
32,1008.0,372.0,3.5877781741660963,2.391852116110731,2.510047567787043,4.976757349015699,0.506165061036683
32,1014.0,366.0,3.8239582703809796,2.5493055135873197,2.570882283157016,5.230038813624948,0.5104554834011233
32,1020.0,360.0,3.6765846097991224,2.4510564065327483,2.710465696355117,5.637528987253443,0.5151130265562914
32,1026.0,354.0,3.4797985545428403,2.3198657030285603,2.272663440295203,5.458673937337534,0.5170179779260778
32,1032.0,348.0,3.849834547274811,2.5665563648498737,2.4844619580316576,5.6766724075035855,0.5237116076593553
32,1038.0,342.0,3.696277178205756,2.464184785470504,2.564080019633395,5.615921786574257,0.5257135844554861
32,1044.0,336.0,3.695585084031851,2.4637233893545676,2.5748804303381263,5.03375059184144,0.5297139523390221
32,1050.0,330.0,3.5408220061269993,2.360548004084666,2.582837550778389,5.980565661884721,0.5326472525095984
32,1056.0,324.0,3.8288845984559123,2.5525897323039417,2.5479574834823717,5.243200165862554,0.538234455638593
32,1062.0,318.0,3.6170260103943543,2.4113506735962362,2.569340573353622,4.238163919229703,0.5428970751333305
32,1068.0,312.0,3.7487873874792297,2.49919159165282,2.2644143627818303,5.014744271978031,0.5485636105809584
32,1074.0,306.0,3.593737018424769,2.395824678949846,2.4636560378265244,5.134448801414195,0.5518550761342715
32,1080.0,300.0,3.739750595768175,2.49316706384545,2.2176790511347773,5.870189067048331,0.557145044991402
32,1086.0,294.0,3.785803037894194,2.523868691929463,2.8569668787856273,4.833143254650147,0.5611966847866262
32,1092.0,288.0,3.833275224782425,2.555516816521617,2.275981189085469,4.338653165800216,0.5653239374381945
32,1098.0,282.0,3.738049272729245,2.4920328484861636,1.9060762093557053,5.335544592146407,0.5690803389333483
32,1104.0,276.0,3.6906421279449093,2.460428085296606,2.340591252683932,4.863167144642447,0.5733447356358051
32,1110.0,270.0,3.6545849594330537,2.4363899729553693,2.337362801520637,6.199519388785252,0.5786024270778206
32,1116.0,264.0,3.7302996838268077,2.4868664558845386,2.2835982042300387,6.081367707121955,0.5821798408118498
32,1122.0,258.0,3.6577918200159036,2.4385278800106023,2.154148485209097,6.187343408016913,0.5879137712557443
32,1128.0,252.0,3.7801040412574647,2.52006936083831,2.201662764896194,5.038257621309042,0.592766041490274
32,1134.0,246.0,3.8079817870655464,2.5386545247103642,2.6562306263274094,4.841921931672134,0.5963067956898737
32,1140.0,240.0,3.599200935933794,2.3994672906225296,2.206666229323581,4.327427484095161,0.6002639937127187
32,1146.0,234.0,3.7258252206267617,2.483883480417841,2.3697401334737265,4.703227131454841,0.6052033020967923
32,1152.0,228.0,3.871960784493673,2.5813071896624487,2.1792085043839013,5.005656070326775,0.609722577036363
32,1158.0,222.0,3.809593519793809,2.5397290131958727,2.2367994184694595,4.1771294192330375,0.613280566108649
32,1164.0,216.0,3.758095085290668,2.5053967235271117,2.239635935221063,4.845437655573834,0.6166517065967454
32,1170.0,210.0,3.7151459616134495,2.4767639744089665,2.170882462448892,5.153251231193711,0.6189145721673549
32,1176.0,204.0,3.9212977639236466,2.614198509282431,1.9312800532548544,4.5546013020887415,0.6236105911470933
32,1182.0,198.0,4.004796926879677,2.6698646179197847,2.048012768184626,4.224901851478597,0.6287484734661289
32,1188.0,192.0,3.881150478761144,2.5874336525074293,1.7831055495381367,4.756612585571132,0.6338663008129534
32,1194.0,186.0,3.739672770092476,2.493115180061651,2.013185656230279,4.929477009084975,0.6401719516299199
32,1200.0,180.0,4.009224401191975,2.6728162674613167,2.3997501084187234,4.435981149085907,0.6440527116419923
32,1206.0,174.0,3.750409209025826,2.5002728060172172,2.1919613228150956,4.900473274528133,0.647130911382681
32,1212.0,168.0,4.07133156759717,2.71422104506478,1.793789689154882,4.134327100497368,0.6532212888983839
32,1218.0,162.0,4.1198940028241555,2.74659600188277,1.9341684621101471,5.12727763791264,0.6591940798977024
32,1224.0,156.0,4.02011592512258,2.6800772834150535,2.025160983645227,4.696377550257974,0.664614642024705
32,1230.0,150.0,4.000988058035723,2.6673253720238157,1.9595566513298366,4.4308642637481155,0.669962914856783
32,1236.0,144.0,3.834795067038083,2.5565300446920554,1.8320331686753335,4.910229019069064,0.6736871207870418
32,1242.0,138.0,3.9769764685489517,2.6513176456993013,2.10823226378852,5.580696405960537,0.6777682826644968
32,1248.0,132.0,4.026275206492321,2.684183470994881,1.8713745477786063,3.897082888163508,0.6827535474598444
32,1254.0,126.0,3.8985352988226203,2.5990235325484137,2.4005952889138347,4.392560119152847,0.6877693482058983
32,1260.0,120.0,4.291995474492499,2.8613303163283326,2.2473448582344515,4.11008482140328,0.6938255526985574
32,1266.0,114.0,3.870919440425683,2.5806129602837884,2.0475509132456375,5.10911939161629,0.6968600028142932
32,1272.0,108.0,3.8641037798468414,2.576069186564561,1.9744745313283352,4.625740970316296,0.7000171445358554
32,1278.0,102.0,3.8752432196208413,2.5834954797472274,1.8085443955160154,4.830758725567996,0.7053562877315802
32,1284.0,96.0,3.9424292114953134,2.6282861409968756,2.3055144061288875,4.000586975256535,0.7115660524604772
32,1290.0,90.0,3.8841909305801394,2.5894606203867596,2.006440498957569,4.013989948655091,0.7170241831680896
32,1296.0,84.0,4.040478315642969,2.6936522104286458,1.9880433888095004,3.9168557420346004,0.723916722682616
32,1302.0,78.0,4.115568484897981,2.7437123232653207,1.8204010476702281,4.869932667679315,0.7293023734160995
32,1308.0,72.0,4.167038615982619,2.778025743988413,1.9036676894920834,4.178441388239193,0.7340738886240513
32,1314.0,66.0,4.249948113224416,2.8332987421496107,2.2869884411302204,3.7825484303536947,0.7382927133023163
32,1320.0,60.0,4.02421905160164,2.68281270106776,1.9056296164994984,3.0496468946069855,0.7421774801068424
32,1326.0,54.0,4.207884688506487,2.8052564590043247,1.8483473337210399,4.989287000477117,0.7492007854039031
32,1332.0,48.0,4.2165683936035325,2.8110455957356884,1.6565321528681372,4.332174261207747,0.7552005069613488
32,1338.0,42.0,4.21517502895522,2.8101166859701467,2.2344817138316335,4.16313950314608,0.7616059330382569
32,1344.0,36.0,4.104283863001953,2.736189242001302,1.840919386895053,3.5514769024130644,0.7668886121027606
32,1350.0,30.0,4.22219931371253,2.8147995424750203,1.8389760520575043,4.549537266750639,0.7725170988399312
32,1356.0,24.0,4.200168008257615,2.8001120055050763,1.9186660103230073,3.364235639600987,0.7773028128253345
32,1362.0,18.0,4.074892195539468,2.7165947970263122,2.011975455448548,4.144540942856906,0.7833286212398843
32,1368.0,12.0,4.019591309710764,2.679727539807176,1.7695255014875115,3.8859466650825483,0.7918800969023434
32,1374.0,6.0,4.148872053054775,2.7659147020365165,1.7920300291184919,3.0,0.7974957149765268
32,1380.0,0.0,4.203003585461536,2.8020023903076905,1.8833980607575445,3.9004039529791497,0.8011329578080176
33,0.0,1098.0,2.8681587801884567,1.9121058534589712,1.4435659635776017,3.2028764975874613,0.0026228894751065116
33,6.0,1092.0,2.758562645198466,1.8390417634656442,1.8118179684992652,3.395650055896687,0.007120033205327225
33,12.0,1086.0,2.759708920100134,1.8398059467334227,1.9407835421008977,3.945103666369448,0.011364694709423244
33,18.0,1080.0,2.6558261300442783,1.7705507533628522,2.0605821240458795,4.256295116808988,0.014260411842981654
33,24.0,1074.0,2.7517936411417483,1.834529094094499,1.8683358981407885,3.810488191257842,0.01730175875606136
33,30.0,1068.0,2.8990115636485148,1.9326743757656766,2.270736319205511,3.364547117654598,0.021923852833985978
33,36.0,1062.0,2.7000744478518786,1.8000496319012524,2.3832942877820265,4.950024786019561,0.025175962754287646
33,42.0,1056.0,2.8266989361807764,1.884465957453851,2.2009905506773464,4.0946786865904805,0.027577019123681046
33,48.0,1050.0,2.8584198289456952,1.9056132192971302,2.211194829426326,5.382792337208949,0.030677521967552884
33,54.0,1044.0,2.7756628174123406,1.8504418782748937,2.1598385227615706,4.16713786212558,0.033202654708155276
33,60.0,1038.0,2.737397028641792,1.8249313524278614,1.997967238858953,4.726121683677645,0.03690196347183634
33,66.0,1032.0,2.7423142317140132,1.8282094878093422,2.5701157161208847,4.791788706709279,0.039915969258205286
33,72.0,1026.0,2.8380750249486946,1.892050016632463,2.353135646462346,5.701140052365643,0.04289592654609888
33,78.0,1020.0,2.800835753685588,1.8672238357903919,2.3917136310945284,5.445070174542514,0.04744086762912842
33,84.0,1014.0,2.9717414055433244,1.981160937028883,2.7940084309671147,6.038084278292982,0.05174429128546816
33,90.0,1008.0,2.9083290286224175,1.9388860190816117,2.353134479150456,5.481146879920968,0.05457472169485463
33,96.0,1002.0,2.8282569260382524,1.885504617358835,2.738937124981586,5.501157293684876,0.05839789816474837
33,102.0,996.0,2.9468939360743653,1.9645959573829102,2.6603831978575605,5.493124621972298,0.06068178784698813
33,108.0,990.0,2.7568622624949657,1.8379081749966437,2.6582723688990724,4.540465156199266,0.062487565756850924
33,114.0,984.0,2.7609508297236056,1.8406338864824037,2.706492295993332,5.737525615949223,0.06443174741923048
33,120.0,978.0,2.916568087051865,1.9443787247012434,2.8491053015139767,5.560893763016551,0.06802902718706935
33,126.0,972.0,2.8428918033070563,1.8952612022047042,2.6309827135433546,6.432312488566232,0.07144277976502227
33,132.0,966.0,2.927429857720269,1.9516199051468461,2.830403374046235,5.955416063569195,0.07624054046723344
33,138.0,960.0,2.826202043157341,1.8841346954382274,2.838487059174561,6.388159020205414,0.07935288752423533
33,144.0,954.0,2.728623249877752,1.819082166585168,2.884306531327264,5.66123167991158,0.08324454341160922
33,150.0,948.0,2.8986011987976075,1.932400799198405,3.232637658996089,6.8470211834221795,0.0858430888983697
33,156.0,942.0,2.6898481033084694,1.793232068872313,2.989846764639551,6.113895561215644,0.08879767571109995
33,162.0,936.0,2.840844948815673,1.8938966325437818,3.032835533469307,7.360777994733901,0.09202249950086805
33,168.0,930.0,2.9799231344467767,1.9866154229645179,2.80072080299324,6.752012820029064,0.09582640074107873
33,174.0,924.0,2.9093020560767813,1.9395347040511874,3.3928794127705695,7.738328512809367,0.09842510628946118
33,180.0,918.0,2.9913887182884924,1.9942591455256615,2.7937041955825985,6.5921352835856455,0.10252356271672082
33,186.0,912.0,2.6950571667913654,1.7967047778609102,3.033306380286523,6.8010508490666215,0.10499314728606761
33,192.0,906.0,2.809527109166205,1.8730180727774701,3.063607442980692,6.546314748599968,0.10666437316962245
33,198.0,900.0,2.969135365936979,1.9794235772913193,2.975275856312464,6.522850977617782,0.11079323609326053
33,204.0,894.0,3.022754883830086,2.015169922553391,2.867627169870881,6.994318221234056,0.11504773812811006
33,210.0,888.0,2.763600797048757,1.842400531365838,3.657833714725056,6.752564496918873,0.11826483206332683
33,216.0,882.0,3.022584017349331,2.015056011566221,3.2172574521654607,6.202284590835329,0.12267055725384277
33,222.0,876.0,2.9715353136964078,1.981023542464272,3.01917159421513,7.144317442501845,0.12578052766278974
33,228.0,870.0,2.704709777615633,1.8031398517437554,3.4009850079901143,7.507548301011766,0.12769324154242084
33,234.0,864.0,2.792236617318248,1.8614910782121654,3.543573415576479,8.127879897921478,0.13071702803396623
33,240.0,858.0,2.9202256002450153,1.9468170668300102,3.0790532195947367,7.298505041195837,0.13338430151629518
33,246.0,852.0,2.9264915654380967,1.9509943769587312,3.1864893366071456,7.566517344424912,0.13548350281520705
33,252.0,846.0,2.85563150831943,1.9037543388796199,3.292081157345002,7.248480326869512,0.13884582832752487
33,258.0,840.0,2.807162335266452,1.8714415568443012,3.150366439596196,7.260128299739361,0.1403718752603614
33,264.0,834.0,2.7444140113490274,1.8296093408993517,3.105641391771003,7.019940661963608,0.14435891633991527
33,270.0,828.0,3.035407280333181,2.023604853555454,3.3709351824031133,7.776766822387461,0.14786708755182096
33,276.0,822.0,2.7617066742210272,1.841137782814018,3.059761001488552,7.746255563770896,0.15076087599159788
33,282.0,816.0,2.774189978775057,1.8494599858500378,3.2511083518507964,6.5422893039249335,0.15408333873733293
33,288.0,810.0,3.167022100281204,2.111348066854136,2.910332322956725,6.787983167290081,0.15737701996436781
33,294.0,804.0,2.7891487317885066,1.8594324878590045,3.3347556953219164,6.835728971521268,0.16002554717592551
33,300.0,798.0,2.89768877026687,1.9317925135112466,3.1260963635245975,7.783872128894588,0.1627623564189986
33,306.0,792.0,2.805809972142308,1.8705399814282053,3.393839950918136,7.9348022301558165,0.16618271157777187
33,312.0,786.0,3.0473513184082286,2.0315675456054856,3.0585957584601067,7.176538524918547,0.16901000310051803
33,318.0,780.0,2.875673561471601,1.917115707647734,2.9796895853242336,7.933670956798967,0.1732923444324208
33,324.0,774.0,2.8397725455302547,1.8931816970201698,3.564655861890974,6.859447541614521,0.17502733643397422
33,330.0,768.0,3.0721993256027207,2.048132883735147,3.3433004456014728,7.552201603641409,0.1790007721448294
33,336.0,762.0,3.0622279709877436,2.041485313991829,3.1735318229167575,7.945423324054816,0.1807088240685083
33,342.0,756.0,2.8338871069487257,1.8892580712991505,3.3765921922123185,7.000540283170405,0.1841955903389892
33,348.0,750.0,3.1412832113645734,2.094188807576382,3.699297029474427,6.8322863537434895,0.190467339976314
33,354.0,744.0,3.1426724081375674,2.0951149387583783,3.4948262527567526,6.9810810404618415,0.19624220020916175
33,360.0,738.0,3.002858034942706,2.0019053566284706,3.292598747125692,8.566255784374674,0.20027692937072827
33,366.0,732.0,2.9040640356689544,1.9360426904459695,3.181876349186277,7.09552503773148,0.20425516184868805
33,372.0,726.0,2.9721600513667368,1.981440034244491,3.3370703283332586,7.57845480191039,0.20614675322700535
33,378.0,720.0,2.87627517418605,1.9175167827907,3.576031290318923,7.101538903191676,0.2095668540428469
33,384.0,714.0,3.18001700793147,2.12001133862098,3.1659659745928566,7.142557255512143,0.21322857433714945
33,390.0,708.0,2.898498956588605,1.9323326377257366,3.277629602312399,6.527874362951217,0.2165496705900425
33,396.0,702.0,3.175125243723595,2.1167501624823966,3.503747569325414,7.53854604051205,0.21947484331694908
33,402.0,696.0,3.1452452709619254,2.0968301806412835,3.539075411782923,7.039096285157695,0.22148859860832576
33,408.0,690.0,3.125898017739742,2.083932011826495,3.2335485624242826,6.786799068954625,0.22528890353188316
33,414.0,684.0,3.035878952245753,2.023919301497169,3.36283925578107,7.5047988888563335,0.22955227340522494
33,420.0,678.0,2.9807587445191954,1.9871724963461304,3.0325865852832252,7.269513938951576,0.23334522778326997
33,426.0,672.0,2.914293621183377,1.9428624141222512,3.282217375910872,6.789669088692252,0.23642798589636607
33,432.0,666.0,3.0712569799414986,2.0475046532943324,3.4665665074247656,7.404358092509085,0.23968480300176775
33,438.0,660.0,2.9911354232444882,1.9940902821629922,3.7326945456606646,6.873334148551136,0.24341738272309815
33,444.0,654.0,2.9519787835776397,1.9679858557184264,3.4314699660937245,7.420509500594373,0.24868090719917252
33,450.0,648.0,3.0863922511317665,2.0575948340878445,2.8539995266334155,7.99652888637296,0.2526726245437261
33,456.0,642.0,3.1489495445312587,2.0992996963541724,3.414860915574449,6.2353821371347875,0.2587130739239892
33,462.0,636.0,2.898887673007971,1.932591782005314,3.3916705540238827,7.8864958786918775,0.264601186260632
33,468.0,630.0,3.229319940436171,2.1528799602907807,3.2031363321603137,7.729418522174587,0.27003507623939055
33,474.0,624.0,3.1394398720822125,2.092959914721475,3.341329084342367,7.342471370080562,0.27430409539642286
33,480.0,618.0,3.0040762077854204,2.002717471856947,3.4158435171796913,7.425882192790833,0.27790717807072507
33,486.0,612.0,3.1939897695457597,2.1293265130305064,3.4455149032491854,6.6882180577864885,0.28179268471099644
33,492.0,606.0,3.1263610243570485,2.084240682904699,3.460003687777659,7.0849431933785985,0.2852596133202665
33,498.0,600.0,3.0530506059306983,2.0353670706204654,2.966438597854001,6.88728846722077,0.2911913936258929
33,504.0,594.0,3.2263361636653807,2.1508907757769204,3.591158979305119,7.538930998747674,0.2967743943112243
33,510.0,588.0,3.1625344037758554,2.1083562691839037,3.0018315643319378,6.622542377494128,0.29980085543370494
33,516.0,582.0,3.321366753545038,2.214244502363359,2.9210430088766226,8.048075154183188,0.3018687535220325
33,522.0,576.0,3.040767939117792,2.0271786260785283,3.317124000904361,7.431616181351679,0.30692253505441175
33,528.0,570.0,2.9771923071305344,1.9847948714203563,3.0092298206630814,7.714139267957475,0.3112212235106048
33,534.0,564.0,3.156228102200733,2.1041520681338217,3.279267952691216,6.3456826444795436,0.3153518404990098
33,540.0,558.0,3.182611724241466,2.121741149494311,3.1997867205483574,6.651339349425265,0.3196993916236946
33,546.0,552.0,3.1084953205173407,2.072330213678227,2.7581575623238233,6.789733698316798,0.32384995525991045
33,552.0,546.0,3.06499497128766,2.04332998085844,2.6175037826379066,6.912338462589285,0.325896331221439
33,558.0,540.0,3.3412355654005075,2.227490376933672,2.951766092288642,7.384477810764172,0.3306341376067917
33,564.0,534.0,3.206890129531867,2.1379267530212447,3.0322738472146455,6.9547367435604945,0.3337858682267685
33,570.0,528.0,3.222978382098293,2.148652254732195,3.1226189995889544,5.845892753675444,0.3363051717951666
33,576.0,522.0,3.0543068596435097,2.0362045730956733,3.0832880032086383,5.94612758240509,0.3397845625759479
33,582.0,516.0,3.197344396285532,2.1315629308570214,3.3921411519380524,6.8003574340209685,0.343010143133326
33,588.0,510.0,3.2208168759259173,2.147211250617278,2.998271099604867,6.029200560962982,0.34852520020918576
33,594.0,504.0,3.178689007937586,2.119126005291724,3.1636549218351977,7.049496964526654,0.35251097724488745
33,600.0,498.0,3.3456277588770864,2.2304185059180575,3.201155831061945,6.367680242521577,0.3587506629186428
33,606.0,492.0,3.4016451624294426,2.2677634416196284,2.5905446953870577,6.6792343025992205,0.3628813019959303
33,612.0,486.0,3.27029334875359,2.1801955658357266,3.0986137312552664,5.671918840741554,0.3662960074491083
33,618.0,480.0,3.1863856514972935,2.1242571009981956,2.899367149213582,6.706190308724479,0.3717158098666849
33,624.0,474.0,3.5275385948570492,2.3516923965713663,2.9927949187095377,6.920411635339846,0.37561344045773476
33,630.0,468.0,3.1823522959939967,2.121568197329331,2.6548020203645244,7.247867949785006,0.3789318937532391
33,636.0,462.0,3.072039538381387,2.0480263589209247,2.7839738398382545,6.3695644162315945,0.3816907375236491
33,642.0,456.0,3.566536169070672,2.377690779380448,3.092479008011998,5.244631002726359,0.38667010105452265
33,648.0,450.0,3.3146164197872414,2.209744279858161,3.050374478659814,6.5482473892960815,0.39312441587963837
33,654.0,444.0,3.381407223944037,2.254271482629358,3.040410453307358,7.272432943708031,0.39890534366147307
33,660.0,438.0,3.292775963630515,2.1951839757536766,3.0297154236699257,6.487921812106661,0.40271365871260206
33,666.0,432.0,3.293811023361352,2.1958740155742347,3.1820613619246094,6.624952003246969,0.40634209971209134
33,672.0,426.0,3.4044721785895735,2.2696481190597155,3.0203430495087478,7.071335430804513,0.4104278213592847
33,678.0,420.0,3.1935828763598697,2.1290552509065797,2.680233902836029,6.635925827757427,0.4161438313128346
33,684.0,414.0,3.290869179178125,2.19391278611875,2.6222458268934523,5.729272983384926,0.4185080094956221
33,690.0,408.0,3.4337251049003257,2.2891500699335503,2.810685754027702,6.0662902045436375,0.4230687549373611
33,696.0,402.0,3.4445698051155977,2.296379870077065,2.9661070173596658,5.574824046432405,0.42793798533093036
33,702.0,396.0,3.3069442528301916,2.2046295018867945,2.5616879981142104,5.848813725357915,0.43246679294530005
33,708.0,390.0,3.467990158602551,2.311993439068367,3.0470727651911367,5.626485560077675,0.4358811779920968
33,714.0,384.0,3.4333959267986187,2.288930617865746,2.6477425663939433,5.5677494231998965,0.4403775048300555
33,720.0,378.0,3.525079499961171,2.350052999974114,2.75147229629142,5.323103360380586,0.4451304629465598
33,726.0,372.0,3.4048012855561685,2.269867523704112,2.7580258160728035,5.8156847870516195,0.4499253418522101
33,732.0,366.0,3.4661470400462955,2.310764693364197,2.6213430608904114,4.931019515303752,0.4533942210347511
33,738.0,360.0,3.411864091065945,2.27457606071063,2.712557720864434,5.746247768896663,0.45691105258059966
33,744.0,354.0,3.453499061031529,2.3023327073543527,2.608233894806289,6.294670364384004,0.45934886819546494
33,750.0,348.0,3.570167094493033,2.380111396328689,2.5323659624734947,5.742621197340887,0.4642114790517452
33,756.0,342.0,3.25536509961971,2.1702433997464734,2.832254750258716,5.0848269112237,0.46743185755468186
33,762.0,336.0,3.49748958850194,2.33165972566796,2.4703379319966805,6.307410528722574,0.4707071513837893
33,768.0,330.0,3.5645209044650263,2.3763472696433507,2.6090007909408883,4.814477057579429,0.4758811151401908
33,774.0,324.0,3.6846323335738873,2.456421555715925,2.4676847242041897,6.4792369164836625,0.47995907578109864
33,780.0,318.0,3.597872040590124,2.398581360393416,2.3382719763817628,5.416803520048495,0.48585715242250804
33,786.0,312.0,3.528350443019258,2.3522336286795054,2.4450905504004896,4.4090224016152595,0.4894049334435288
33,792.0,306.0,3.5383411821378195,2.358894121425213,2.038514993468932,6.097656404483306,0.4957060371319318
33,798.0,300.0,3.755368429705966,2.503578953137311,2.384804794150898,5.130029613898722,0.5016384789690391
33,804.0,294.0,3.7397184342682133,2.4931456228454754,2.479881850823616,5.361512746539562,0.506662503496633
33,810.0,288.0,3.556986239624494,2.3713241597496624,2.8312045024004715,4.33213684547564,0.5149104697703866
33,816.0,282.0,3.4662930981444218,2.3108620654296144,2.6086551792669184,5.004950558151104,0.5188043877666473
33,822.0,276.0,3.7016842694052934,2.467789512936862,2.3437051455789955,5.8898633296622,0.5219783973376361
33,828.0,270.0,3.568744976174525,2.379163317449683,2.632802819020561,5.664948705015278,0.5285454279365615
33,834.0,264.0,3.7138465350884418,2.4758976900589613,2.3874988926192175,4.977264147563193,0.535071053383126
33,840.0,258.0,3.6701254431048165,2.446750295403211,2.3333152763661724,4.760882674623285,0.5406172566724003
33,846.0,252.0,3.678253502961201,2.452169001974134,2.4020856592772706,5.119963402975391,0.5473069154563497
33,852.0,246.0,3.8381374786978673,2.5587583191319117,2.30275402886963,5.352440367338593,0.5539399748776119
33,858.0,240.0,3.6949837346400805,2.4633224897600536,2.5868249192345876,5.734022019245903,0.5595069072852659
33,864.0,234.0,3.7965565650160045,2.53103771001067,2.651689839384012,4.63649041348658,0.5630474392577552
33,870.0,228.0,3.750539882410197,2.500359921606798,2.4210543667640367,4.639098534669577,0.5639516186148946
33,876.0,222.0,3.488588192984632,2.3257254619897547,2.277486365446217,4.891202184056273,0.5697973899211562
33,882.0,216.0,3.6911441381627434,2.460762758775162,2.3310182354096045,4.896890380392513,0.5747537282982792
33,888.0,210.0,3.7757070581632575,2.517138038775505,2.4283395150472415,5.474737419253195,0.5794765689913144
33,894.0,204.0,3.8928116937575794,2.595207795838386,2.259902198555263,4.8815051741374145,0.5845193940451943
33,900.0,198.0,3.74486867513474,2.4965791167564935,2.3196212593917083,4.105898016076059,0.5915338624841013
33,906.0,192.0,3.810711409599262,2.5404742730661747,2.2920816071258794,3.1954351249804116,0.5972072282250507
33,912.0,186.0,3.9910774382972853,2.6607182921981902,2.3162698100739747,3.874322942992492,0.6036168933805829
33,918.0,180.0,3.822403034786249,2.5482686898574993,2.209641008053472,5.030064859134452,0.6082505842775149
33,924.0,174.0,3.8689728620747728,2.5793152413831817,2.2493599419184207,5.205916868787738,0.6132794852669586
33,930.0,168.0,3.861361914861606,2.574241276574404,2.1645709324464457,5.168582676341019,0.6187434992889346
33,936.0,162.0,3.9605036368522044,2.6403357579014695,1.769089749924233,4.004901457087613,0.6250569291692935
33,942.0,156.0,3.8879715527434717,2.5919810351623145,1.9506125293273884,5.014048911438706,0.6330390998743615
33,948.0,150.0,3.892815598804799,2.5952103992031996,2.4095691285038567,4.514831435848425,0.6401315110744799
33,954.0,144.0,3.9238533782739142,2.6159022521826096,1.8469716223500705,4.5120981678688885,0.6441525351393717
33,960.0,138.0,3.860933025079654,2.5739553500531027,2.013137461013655,4.116234591019218,0.6489024879535936
33,966.0,132.0,3.992828713276749,2.661885808851166,2.019157409592508,4.111263101986609,0.6562655831405302
33,972.0,126.0,3.81965312639023,2.5464354175934867,2.0350352724132117,4.615643572469886,0.6625715639197234
33,978.0,120.0,3.93938331834914,2.626255545566093,2.281473915534519,5.136515347793389,0.6667212935807371
33,984.0,114.0,4.014456556108902,2.676304370739268,2.207159976963978,4.566395527507066,0.6733278989473809
33,990.0,108.0,3.955121163853367,2.6367474425689115,2.1444052468442085,4.113563155046421,0.6771150341742503
33,996.0,102.0,3.9491561438027305,2.6327707625351535,2.0708963147991972,5.3236773412676826,0.6838024990751917
33,1002.0,96.0,3.822186558170429,2.548124372113619,1.7364262168508655,3.7564425647170374,0.6894885814761713
33,1008.0,90.0,4.075122842811559,2.7167485618743723,2.248436499219766,3.5947204210326538,0.6992360473824236
33,1014.0,84.0,4.207811507432718,2.8052076716218117,1.8508041190810158,4.337051566964532,0.7065081412995486
33,1020.0,78.0,4.013654736577156,2.675769824384771,2.1190591602660094,4.807010529179179,0.7145315916975283
33,1026.0,72.0,4.0024456337471515,2.6682970891647675,1.816822209917822,4.009747223632348,0.7190661267240296
33,1032.0,66.0,4.121759234447189,2.7478394896314593,1.8559873806177836,3.8929201805516556,0.7251692632916273
33,1038.0,60.0,4.049943403428789,2.699962268952526,1.7887194088161653,4.297149956156999,0.733242624608943
33,1044.0,54.0,4.280491444044361,2.8536609626962406,1.8007824393669676,3.677363402809503,0.7373016247256252
33,1050.0,48.0,4.233324188272443,2.8222161255149616,2.058976593084364,3.9612565063265195,0.744913500738824
33,1056.0,42.0,4.072160459097474,2.714773639398316,1.746194238798053,4.530842953328369,0.7513486830302604
33,1062.0,36.0,4.09718513764246,2.7314567584283065,1.6315391557185017,3.8743336485227453,0.7578184070694288
33,1068.0,30.0,4.106701665548917,2.7378011103659445,1.6694019262302136,4.51238674699279,0.7637189230523759
33,1074.0,24.0,4.252942082555287,2.8352947217035247,1.9625274939797834,4.1407825659179025,0.7719396223037767
33,1080.0,18.0,4.154949067915886,2.769966045277257,1.8250139160273473,4.329646163154657,0.7784018539947875
33,1086.0,12.0,4.198938602254473,2.799292401502982,1.5553548548767544,4.018854381106462,0.7865026171320505
33,1092.0,6.0,4.2306838299621825,2.820455886641455,2.05044994468861,3.579893879952307,0.7949325589813819
33,1098.0,0.0,4.337877167964965,2.8919181119766435,1.9332831014306509,4.24327764907697,0.8024095189904507
34,0.0,1428.0,2.86368350261804,1.9091223350786934,1.8382459904917996,3.2155744647569064,0.0018252788392956274
34,6.0,1422.0,2.66901657583751,1.7793443838916734,1.6928104740007297,3.731239257209164,0.004092323080201955
34,12.0,1416.0,2.720719560397531,1.8138130402650205,1.3632511201989288,3.9735766580442373,0.007016457511010918
34,18.0,1410.0,2.5654959227378353,1.7103306151585569,1.9884568425700744,3.5422076546091223,0.00921490877174173
34,24.0,1404.0,2.806771425487337,1.8711809503248913,1.5492823211842728,3.680974013502618,0.010999046566459189
34,30.0,1398.0,2.791279627403344,1.8608530849355625,1.852311461674632,3.2173723816541178,0.013554332135513108
34,36.0,1392.0,2.8367243531370856,1.891149568758057,2.070239819969248,5.446845416353089,0.015978028763673442
34,42.0,1386.0,2.8356223274636294,1.890414884975753,1.8354303019971672,4.335384772789735,0.018003250624939345
34,48.0,1380.0,2.9193203462051303,1.9462135641367535,2.0668067476422354,3.372950847747511,0.020638975646182764
34,54.0,1374.0,2.670827065118537,1.7805513767456913,2.1425973449363345,3.8505534661586602,0.023113212035320702
34,60.0,1368.0,2.779011109349297,1.8526740728995312,1.989006540191539,4.218731181921349,0.025014550457385543
34,66.0,1362.0,2.8433203442890043,1.8955468961926696,2.10041662383873,4.924508497139636,0.026970980982011842
34,72.0,1356.0,2.963063507806891,1.9753756718712607,2.0947281142776957,5.8997740865040225,0.030038029743256603
34,78.0,1350.0,2.622480323536157,1.7483202156907713,1.882960117180068,4.568642939505772,0.032057851270757436
34,84.0,1344.0,2.8375187225655183,1.8916791483770121,2.275723834464916,4.111049204387161,0.03467414018995567
34,90.0,1338.0,2.770278814157529,1.8468525427716862,2.358732254810134,5.623646683823879,0.03593761057625256
34,96.0,1332.0,2.6069917814647363,1.7379945209764909,2.165923726695347,5.010747764761978,0.037235612176651084
34,102.0,1326.0,2.773907732038035,1.84927182135869,2.511923145704701,4.508490682629669,0.039809429207675634
34,108.0,1320.0,2.655685669687935,1.77045711312529,2.7868978486307245,5.139371291373943,0.04166206055787181
34,114.0,1314.0,2.820441026707648,1.8802940178050986,2.649795217513242,5.042671786988372,0.04313613348467051
34,120.0,1308.0,2.785077854307539,1.8567185695383595,2.4385663073476835,5.619229102468244,0.04491428326022002
34,126.0,1302.0,3.0108370658695605,2.007224710579707,2.465718103890126,6.105532129434471,0.049033813255225905
34,132.0,1296.0,2.735772688135174,1.8238484587567827,2.3401210016654796,5.2417565473037255,0.05133710735686697
34,138.0,1290.0,2.832807635979648,1.888538423986432,2.5919243068988593,4.944860017660458,0.053892649276643084
34,144.0,1284.0,2.577168100585541,1.7181120670570273,2.6832235178171544,5.282824617319217,0.05658529694050144
34,150.0,1278.0,2.741424004869623,1.8276160032464153,2.459743446704253,5.532785659899415,0.05713610369222975
34,156.0,1272.0,2.84909931391369,1.8993995426091266,2.472897178663497,6.244008002041613,0.05986526083601511
34,162.0,1266.0,3.0577596915122687,2.038506461008179,2.6376213515482307,5.626144514214055,0.06248168507333689
34,168.0,1260.0,2.833774371051826,1.8891829140345509,2.452407674710326,5.164943098555294,0.06535720571348289
34,174.0,1254.0,2.759616198912238,1.8397441326081587,2.7179551347739475,6.209005970776046,0.06646815171957463
34,180.0,1248.0,2.844173808750855,1.8961158725005698,2.6449325826894725,5.26316214768677,0.06932887788133231
34,186.0,1242.0,2.8955129466342333,1.9303419644228221,2.592319496961753,6.6561633887143365,0.07214562666335826
34,192.0,1236.0,2.6926195806705038,1.7950797204470026,2.6933049391148867,6.439445998489221,0.07430561861732421
34,198.0,1230.0,2.777599040869215,1.85173269391281,2.739899777867421,5.872866967697768,0.07610300093926883
34,204.0,1224.0,2.8115104038189513,1.8743402692126343,2.918843254629668,5.437479853125794,0.07818196672018463
34,210.0,1218.0,3.1140341100734927,2.076022740048995,2.794170552374785,5.432572562621001,0.08103337796029124
34,216.0,1212.0,2.7829252744158834,1.8552835162772556,2.931262501511683,6.070015378717814,0.08365771581349751
34,222.0,1206.0,2.867842477209295,1.9118949848061968,2.8632467967499955,6.6382986636345125,0.08640749748777257
34,228.0,1200.0,2.712709490721364,1.8084729938142425,3.187928189778279,6.151432483044249,0.08816445656520802
34,234.0,1194.0,3.029476350431133,2.019650900287422,2.7831625314240673,6.565874459468239,0.09169638675723182
34,240.0,1188.0,2.6972653411692877,1.7981768941128584,3.1074719807258866,6.524221773670029,0.09283293818645569
34,246.0,1182.0,3.0873572868382135,2.0582381912254757,2.917560766907697,7.664526414069594,0.09863216327742451
34,252.0,1176.0,3.2558854985218924,2.170590332347928,2.9836322665727217,6.6404168028659605,0.10072293107623952
34,258.0,1170.0,3.005243211224741,2.0034954741498274,3.3573238816869946,6.877554805869858,0.10286558210503624
34,264.0,1164.0,2.9142609940066015,1.9428406626710677,3.134039469751121,7.214979250257144,0.10501655480025864
34,270.0,1158.0,2.876141820026048,1.9174278800173654,3.346353570392875,6.300523427388626,0.10797621460384918
34,276.0,1152.0,2.5967089839207866,1.7311393226138578,2.8010576987212703,6.767060934144311,0.11029499077365149
34,282.0,1146.0,2.954300538039132,1.969533692026088,3.2038050883333185,7.537729216421724,0.11329911060559976
34,288.0,1140.0,2.8123868253203943,1.8749245502135963,2.88286810925547,6.397468347294071,0.11540905683461301
34,294.0,1134.0,2.866159968320378,1.9107733122135853,2.931617337548152,8.007928062488183,0.1180574618612704
34,300.0,1128.0,2.838058177090767,1.892038784727178,2.848256207832962,8.162932882544375,0.1219049016543784
34,306.0,1122.0,2.7517726328556225,1.834515088570415,3.066116786339297,6.942863197242139,0.1244208164313569
34,312.0,1116.0,2.949975090726648,1.9666500604844321,3.455412935084894,7.325929324782302,0.12701413059237301
34,318.0,1110.0,2.8295845335109893,1.8863896890073262,3.0750893931461647,6.288812558382382,0.1298489652000123
34,324.0,1104.0,2.8340690636498866,1.889379375766591,3.118146778036694,6.998526985904075,0.1330042764284048
34,330.0,1098.0,2.747832537602502,1.8318883584016679,3.358039161634697,6.416557219699204,0.1349381481468059
34,336.0,1092.0,2.7162055565520755,1.8108037043680503,3.4261477666936413,6.718602218863065,0.13812664567617264
34,342.0,1086.0,2.7832393910855817,1.8554929273903877,3.0871359131458447,7.916102925745691,0.1404664717618076
34,348.0,1080.0,3.0257060772267015,2.017137384817801,3.2713451821983193,7.337447604709066,0.14370552009656318
34,354.0,1074.0,2.748858084521008,1.8325720563473389,3.329164185658331,6.947807132077475,0.14618402443996045
34,360.0,1068.0,2.8119104305809115,1.8746069537206076,3.510094013925601,7.370077620580745,0.1493948478227929
34,366.0,1062.0,3.0154230714518016,2.010282047634534,3.764017027268846,7.4408887583079215,0.15039822534474598
34,372.0,1056.0,3.001154791239648,2.000769860826432,3.2108648495853505,7.187126877338866,0.15342822734909162
34,378.0,1050.0,2.891691907297382,1.9277946048649213,3.1404662840614184,7.037844445999226,0.15623082064121074
34,384.0,1044.0,2.7675637611581827,1.8450425074387884,3.3074550335684774,7.494604893682195,0.15881872987473591
34,390.0,1038.0,2.8623734254096673,1.9082489502731115,3.0378108873934178,7.2279322929528735,0.16132793913162566
34,396.0,1032.0,2.834015547277178,1.8893436981847855,3.460285041447792,7.069814652183832,0.16524293532238146
34,402.0,1026.0,2.8913810337468493,1.9275873558312329,3.1302997521675917,7.599404623277833,0.1671499492967398
34,408.0,1020.0,2.98559418901809,1.99039612601206,3.2722086249857663,6.667263938901517,0.16940910525802916
34,414.0,1014.0,3.1598470817298776,2.106564721153252,2.9989473711716266,7.5815091837784205,0.17157248453593893
34,420.0,1008.0,2.9511301466434445,1.9674200977622964,3.106929807912721,7.348218051467442,0.17489917254105228
34,426.0,1002.0,3.004149655550458,2.0027664370336384,3.1362458480621824,6.78886284427232,0.17782975788776048
34,432.0,996.0,3.132016101121149,2.088010734080766,3.556205350972685,6.731226378934656,0.17921768096234778
34,438.0,990.0,2.9887352964607734,1.9924901976405156,3.185862594916117,7.180354462869117,0.18230680026864005
34,444.0,984.0,2.8267435687325886,1.8844957124883923,3.1075807300378893,7.2730070611310165,0.18387016170997372
34,450.0,978.0,2.9897582474120648,1.9931721649413765,3.2676882684049215,7.4686444733073065,0.18646781596648385
34,456.0,972.0,3.0011447473170647,2.0007631648780433,3.5949001793450615,7.377444082465691,0.18980628010886272
34,462.0,966.0,2.9865355116848993,1.9910236744565994,2.8753633993354852,8.378130261610828,0.19233964675479429
34,468.0,960.0,2.866239933146546,1.9108266220976973,3.191818358535931,6.7438421217065825,0.19600845198655306
34,474.0,954.0,2.941027013618048,1.9606846757453653,3.6040454182536075,6.811454728734955,0.1980545162490082
34,480.0,948.0,3.0346360897201237,2.0230907264800826,2.9202831478034934,7.141411261488385,0.20173226728882798
34,486.0,942.0,3.0566002821297453,2.03773352141983,3.530778242963163,7.313573789807558,0.20429200146269466
34,492.0,936.0,2.853900091073012,1.9026000607153415,3.441653634296414,6.736486854907568,0.205837243081962
34,498.0,930.0,2.983256717756467,1.9888378118376446,3.243962668611764,7.015560329703882,0.20739590392650667
34,504.0,924.0,3.0560274240283802,2.03735161601892,3.3166973576247076,7.257429750408966,0.2106282684319407
34,510.0,918.0,3.335576766868232,2.2237178445788213,3.313505071155854,7.909542002183909,0.21318999608085265
34,516.0,912.0,3.080002873537827,2.053335249025218,3.3952318758237565,6.487140787278295,0.2161319875678466
34,522.0,906.0,2.925464020558402,1.9503093470389345,3.8815500908861233,7.2490658764410005,0.2179606692468484
34,528.0,900.0,2.9652093095959287,1.9768062063972858,3.284363912408762,7.489124655894889,0.22143354955230846
34,534.0,894.0,3.0035251094732343,2.002350072982156,3.8028375398694987,6.992260914328567,0.22489488763499735
34,540.0,888.0,2.976643412292473,1.9844289415283154,3.191270147990161,7.048012381930135,0.22682952872249754
34,546.0,882.0,3.124299461580701,2.0828663077204674,3.5420297898711404,6.961517987799408,0.22990222420904216
34,552.0,876.0,3.02763230469398,2.0184215364626534,3.264193873110027,6.643926367150377,0.23389087298031092
34,558.0,870.0,3.0147334216407686,2.0098222810938458,3.3828650626124386,6.907569532357361,0.23777343476008997
34,564.0,864.0,3.199785367481362,2.1331902449875746,3.288309475778482,7.767867377927716,0.24061018549852042
34,570.0,858.0,3.0710685075284654,2.047379005018977,2.9054290913063032,7.01243091561172,0.24316599043105205
34,576.0,852.0,2.9469340832136264,1.9646227221424175,3.4286678462368,7.516085881603207,0.2450874824686731
34,582.0,846.0,3.1940084907614184,2.1293389938409457,3.4488150181567594,7.781272742770671,0.2476299248064115
34,588.0,840.0,3.146801017046429,2.0978673446976193,3.1790137290638625,7.090545172801873,0.25174734956692224
34,594.0,834.0,3.073414976123474,2.0489433174156493,3.084807197965139,7.504506647026037,0.2544728058176992
34,600.0,828.0,3.193326714198044,2.1288844761320296,3.2550173276278906,7.7029237947235725,0.2589037128614451
34,606.0,822.0,3.3050857760999777,2.2033905173999853,3.5959094085218966,6.6328902355953785,0.2615863617346771
34,612.0,816.0,3.3314169203438437,2.2209446135625623,3.18595211943568,7.318786347465233,0.26406852630181316
34,618.0,810.0,3.0953954325811837,2.0635969550541224,2.940672352950218,8.056058297915557,0.26650783030005853
34,624.0,804.0,3.096861668077369,2.064574445384913,3.245613823252322,8.101159398909868,0.2699114250076124
34,630.0,798.0,3.0619881542948777,2.041325436196585,3.0492000606873306,6.899920411055019,0.27319830857020233
34,636.0,792.0,3.0256165712053233,2.017077714136882,3.6588935424477755,6.885588908028429,0.2763936495280229
34,642.0,786.0,3.067966891452242,2.045311260968161,3.181864834927461,7.772324887351685,0.27876669022176126
34,648.0,780.0,3.147149989894529,2.0980999932630193,3.3668729262287664,7.477568384483745,0.28070978750210823
34,654.0,774.0,3.269313649728353,2.179542433152235,3.483512621106053,7.246464589322116,0.2834985172611884
34,660.0,768.0,3.07307431416789,2.04871620944526,3.218099366493857,7.114904751670786,0.28455662685442534
34,666.0,762.0,3.285384528969974,2.1902563526466494,3.504847233974343,6.438317704435221,0.2876894191661181
34,672.0,756.0,3.0044866093700975,2.002991072913398,3.450211215352258,7.8263369736791795,0.2901200111881047
34,678.0,750.0,3.075465051215584,2.0503100341437226,3.3387313114129507,7.017311106182587,0.2932607135113109
34,684.0,744.0,3.256735566558766,2.1711570443725106,3.5263370560626592,6.835553715820573,0.29719123755156085
34,690.0,738.0,3.0797189713598816,2.0531459809065877,3.0071507561800357,6.5983253056287685,0.2991088450878923
34,696.0,732.0,3.13175846568589,2.0878389771239267,3.6836119068778213,7.3768610555886225,0.30207014646525127
34,702.0,726.0,3.117188204099391,2.078125469399594,2.929062938800519,7.017632710177318,0.30473527357698244
34,708.0,720.0,3.1497287849046596,2.0998191899364396,3.0439033051271167,7.1858441048769714,0.3075538720148276
34,714.0,714.0,3.088261721651994,2.0588411477679958,3.0569378722170897,7.685118580778411,0.31168083014518094
34,720.0,708.0,3.307444521791683,2.2049630145277885,3.241266835904273,6.978140831249779,0.31478091326220536
34,726.0,702.0,2.861241014576609,1.9074940097177393,3.4704055346352507,7.175677812597972,0.3169391678468058
34,732.0,696.0,3.0840373907199536,2.0560249271466358,3.112369935365108,7.413986754441102,0.31926430719314103
34,738.0,690.0,3.330174908807509,2.220116605871673,2.912469739483499,7.325552934571609,0.3228945226396571
34,744.0,684.0,3.061891017727456,2.0412606784849707,3.3143340238742076,6.834547869264302,0.3259442024533254
34,750.0,678.0,3.1853919263150754,2.1235946175433837,2.973522966772858,7.155373964425326,0.32871033593953347
34,756.0,672.0,3.0893567304945715,2.0595711536630477,3.319393382629321,7.523536361740428,0.3313086065008177
34,762.0,666.0,3.1192973683635086,2.079531578909006,3.011932905010233,6.13696276138104,0.33468716460893644
34,768.0,660.0,3.103823486570218,2.0692156577134786,3.083450843501849,6.609692961541171,0.3381051477333515
34,774.0,654.0,3.240488892012523,2.1603259280083487,3.087550433146763,6.71287644646304,0.3416488657359363
34,780.0,648.0,3.226701969489422,2.1511346463262813,3.0239460433627197,6.258980815080608,0.3454025015691587
34,786.0,642.0,3.26519803275957,2.17679868850638,3.002176753978636,6.3551171286060075,0.3501917462222876
34,792.0,636.0,3.5203962061408283,2.3469308040938857,2.9478815989258265,7.038953483552273,0.3553623755266273
34,798.0,630.0,3.3403832053804106,2.226922136920274,2.97877658665874,5.826955899046251,0.3584564985267878
34,804.0,624.0,3.3615126693669057,2.241008446244604,3.355179044081606,6.617280826764335,0.36219654619879577
34,810.0,618.0,3.3283961905582493,2.2189307937054994,2.9413630963750177,6.7041982886632026,0.36491727756508785
34,816.0,612.0,3.372882926990898,2.248588617993932,3.1320655128765895,6.3782141089162145,0.3688435028826952
34,822.0,606.0,3.295045620316185,2.19669708021079,2.9764356541469827,5.734038717489478,0.37284947000230423
34,828.0,600.0,3.2020127922634085,2.134675194842272,2.9665388138620647,6.968926145852745,0.3756173511180711
34,834.0,594.0,3.2735357784826475,2.1823571856550985,2.523095760751143,6.209417797107357,0.37851794460003574
34,840.0,588.0,3.191064668953572,2.127376445969048,2.9340760690330208,5.811681190571618,0.38196132202570016
34,846.0,582.0,3.114537120230213,2.0763580801534753,2.975373618647741,6.655546423802921,0.38481436156772825
34,852.0,576.0,3.4021033419243,2.2680688946161998,3.330370301763411,6.574788917447231,0.3892169702637357
34,858.0,570.0,3.3614553621691616,2.240970241446108,3.110604661529262,6.589939768199635,0.3917826276988756
34,864.0,564.0,3.4884627378357034,2.3256418252238023,3.188543282966346,6.110544515828081,0.3963225020841286
34,870.0,558.0,3.348880290547411,2.2325868603649406,2.895212237073326,5.732078425041812,0.39887607190439817
34,876.0,552.0,3.2647856226800154,2.1765237484533437,2.919597059784837,6.236256017660212,0.40223058242778775
34,882.0,546.0,3.331055477316208,2.2207036515441385,2.7271796752837543,6.426563269391232,0.40662881035295495
34,888.0,540.0,3.473389780234565,2.3155931868230435,3.067964290719245,5.363084303652298,0.4089922238941062
34,894.0,534.0,3.135249701989166,2.0901664679927774,2.7655369705181894,6.236400633124821,0.4115681859286734
34,900.0,528.0,3.337971619109633,2.2253144127397553,2.8768680413785797,5.4649914309435585,0.4149115212440442
34,906.0,522.0,3.597828312265005,2.39855220817667,2.899205422779729,5.678685314917523,0.41979647680777465
34,912.0,516.0,3.478965091993709,2.3193100613291393,2.8009926645029775,5.9040206504411925,0.42320640993336056
34,918.0,510.0,3.547285198371524,2.3648567989143494,2.8945898259650953,6.878889540938054,0.428021432732075
34,924.0,504.0,3.5323503213780616,2.354900214252041,2.7836107554719045,5.493296524848193,0.43277013145331117
34,930.0,498.0,3.385942612180041,2.257295074786694,3.0479252335120357,5.163258602704558,0.4370380363783254
34,936.0,492.0,3.3190578817604868,2.212705254506991,2.5464660162088055,5.974662793041045,0.4400778049189761
34,942.0,486.0,3.2007169410207137,2.133811294013809,2.971578675154663,6.259867090911911,0.4445601157976768
34,948.0,480.0,3.6319962573601727,2.4213308382401153,2.4338441683077354,5.873746006241892,0.44795044048117894
34,954.0,474.0,3.3961400656522995,2.264093377101533,2.33829290428171,5.941034125193586,0.4514519774978076
34,960.0,468.0,3.138345712812829,2.0922304752085528,2.830359540689624,5.822448140475531,0.4536635537033542
34,966.0,462.0,3.454781752536672,2.303187835024448,2.729439498756212,6.016778952552076,0.45607126633940615
34,972.0,456.0,3.4470177370643365,2.298011824709558,3.1854886705531635,5.564831009539301,0.4598666897326525
34,978.0,450.0,3.6773637966104458,2.451575864406964,2.730396117179904,5.838630819508891,0.4644029356394626
34,984.0,444.0,3.6349877373888275,2.4233251582592183,2.591730061836358,5.2956890934686305,0.4691848664044595
34,990.0,438.0,3.588537287202293,2.3923581914681953,2.085328633886757,5.7699579826941285,0.4719490162738238
34,996.0,432.0,3.5430078902912054,2.362005260194137,2.77729717413278,5.444082601847713,0.47690001370623947
34,1002.0,426.0,3.3948007864597316,2.263200524306488,2.7201975959814515,5.5071964865179925,0.48054296870608626
34,1008.0,420.0,3.497118376858305,2.33141225123887,2.4748585591428176,5.19363224164514,0.4853493788873515
34,1014.0,414.0,3.5008112976176644,2.333874198411776,2.7876636190610373,5.027086057802251,0.4895794681010045
34,1020.0,408.0,3.54455190158563,2.3630346010570866,2.5513311206928924,6.3298243353048385,0.49370415117932076
34,1026.0,402.0,3.455290993529682,2.3035273290197877,2.7693673897042164,4.866074935618607,0.4973804313465509
34,1032.0,396.0,3.5639826170315727,2.3759884113543817,2.5459957684987415,5.54861970114427,0.5006822718134493
34,1038.0,390.0,3.605280064712816,2.4035200431418775,2.296831707475272,4.94284968345967,0.5051634579702742
34,1044.0,384.0,3.33424826958123,2.22283217972082,2.8237488575214305,5.580017250120114,0.5074822575497251
34,1050.0,378.0,3.4684781936452085,2.3123187957634723,2.7588931329573563,6.068933062438862,0.5104964945406536
34,1056.0,372.0,3.538236916410619,2.3588246109404127,2.5053638969409664,4.8941398140391605,0.5139857604759545
34,1062.0,366.0,3.7423256424274873,2.494883761618325,2.458543182356521,5.387322945871688,0.5177825567771849
34,1068.0,360.0,3.484046225356606,2.3226974835710705,2.2415451435322087,5.515957450843138,0.5229032406260328
34,1074.0,354.0,3.7968595226096262,2.5312396817397507,2.3623690471660708,5.165146607469559,0.5264388890520736
34,1080.0,348.0,3.542745100787738,2.3618300671918253,2.417756078551111,6.464060670095226,0.5306418638809555
34,1086.0,342.0,3.6431425277037395,2.4287616851358265,2.5386859276534297,5.580082337731431,0.5355170518600154
34,1092.0,336.0,3.659810226995472,2.439873484663648,2.1781720043741757,5.1990250234673505,0.5399780951930084
34,1098.0,330.0,3.870511412514807,2.5803409416765377,2.1316701772232145,5.263911781608742,0.5446780276466044
34,1104.0,324.0,3.676929032437053,2.451286021624702,2.503419221376035,6.192877149689946,0.5491274069140251
34,1110.0,318.0,3.584408193659218,2.3896054624394787,2.4871773040935587,5.608360338572299,0.5519505831413748
34,1116.0,312.0,3.731887432768848,2.4879249551792317,2.471918124936521,5.817416015109649,0.5568786322729824
34,1122.0,306.0,3.774850564243807,2.516567042829205,2.481136700389277,4.920693698509886,0.5624376140600171
34,1128.0,300.0,3.6939855522075433,2.4626570348050287,2.3971966359076617,5.082061973636761,0.5655970737857049
34,1134.0,294.0,3.5167196919822103,2.344479794654807,2.188385130088273,5.558058232232729,0.5690380057485184
34,1140.0,288.0,3.5736050926004554,2.3824033950669703,2.3192290188978646,3.9574979562712467,0.5722738583125323
34,1146.0,282.0,3.618062095172001,2.412041396781334,2.5664670541001433,4.662060781610979,0.5771232822556126
34,1152.0,276.0,3.536432906772831,2.357621937848554,2.490227483090634,5.009730220347977,0.5819059791332236
34,1158.0,270.0,3.8193648920206664,2.546243261347111,2.270519026092198,4.561701254295608,0.5855165019562684
34,1164.0,264.0,3.533177739110119,2.3554518260734127,2.331063486473948,4.916004332061289,0.5877271995046529
34,1170.0,258.0,3.841887873901616,2.561258582601077,2.4295556307844803,4.481367579670732,0.5921823520702387
34,1176.0,252.0,3.666757172623143,2.444504781748762,2.062256193455538,5.054294747388219,0.5964899560387285
34,1182.0,246.0,3.657137432497151,2.4380916216647672,2.212681980166108,5.324111713745365,0.5990830086548892
34,1188.0,240.0,3.724616344636783,2.4830775630911885,2.2713797105827784,5.126183589544292,0.6033965520962359
34,1194.0,234.0,3.713121745305652,2.475414496870435,1.8712444473307952,5.022123401851784,0.6080062617678629
34,1200.0,228.0,3.8686043857827404,2.579069590521827,2.400266314234033,4.4776291985312575,0.611571218229094
34,1206.0,222.0,3.9104244761445517,2.6069496507630343,2.1775843580255967,5.314874891401929,0.6164017463406306
34,1212.0,216.0,3.9142264817099175,2.609484321139945,2.15918946894193,5.583159381270612,0.6205797721081077
34,1218.0,210.0,3.7938522163522332,2.529234810901489,2.214435916936023,5.022824565756277,0.6266953090993727
34,1224.0,204.0,4.000861794595033,2.6672411963966884,2.324643680623325,3.705426453026861,0.6311025595566686
34,1230.0,198.0,3.6221891389020757,2.4147927592680505,2.2775500381542924,4.169283305915236,0.6349436388374666
34,1236.0,192.0,3.83470949278642,2.5564729951909464,2.510723999677989,5.202996568414925,0.6391161798970009
34,1242.0,186.0,3.9480579241574154,2.6320386161049436,2.332993827272715,5.070792213548955,0.6427227825712468
34,1248.0,180.0,3.950096443178783,2.6333976287858554,2.1048994133449637,3.2720423031701635,0.647823620595955
34,1254.0,174.0,3.9493963842245794,2.6329309228163864,2.1739872303765133,4.331208791106488,0.6534053208504847
34,1260.0,168.0,3.944098574926601,2.629399049951067,2.1857913461990086,4.003431198861917,0.6569095535407867
34,1266.0,162.0,3.8696729696850154,2.57978197979001,1.9087408865666164,4.91199087892742,0.6612666422277338
34,1272.0,156.0,3.906844959018645,2.60456330601243,2.4758102080247864,3.9965756370989505,0.6656704754633529
34,1278.0,150.0,3.947147253846269,2.6314315025641792,1.8278430668278582,5.020184419420115,0.6708110632677411
34,1284.0,144.0,4.004119550257182,2.6694130335047883,1.6596302915209564,3.947375566012301,0.6727843939753596
34,1290.0,138.0,3.979081728666872,2.6527211524445815,2.0034018405960294,4.512649434343915,0.678143361671177
34,1296.0,132.0,3.8539292268966627,2.569286151264442,1.7221088201207797,4.424912583430335,0.680958169958073
34,1302.0,126.0,3.869794120811098,2.579862747207399,2.4250598497869214,3.8112065776474897,0.685493159670899
34,1308.0,120.0,3.8304339219453394,2.553622614630226,2.2224587379933767,3.625472994306776,0.6899074984352205
34,1314.0,114.0,4.151772160227049,2.7678481068180325,1.9313881159443165,4.359756000701019,0.6950846148792688
34,1320.0,108.0,3.876955838399518,2.584637225599679,2.076259670371147,4.409842088180427,0.7021234429506139
34,1326.0,102.0,4.143783824106076,2.7625225494040504,2.0673746025673974,4.615090810191937,0.7066049064418227
34,1332.0,96.0,4.199906174832188,2.7999374498881253,1.6844091314487744,5.0146440331621065,0.7106605178648024
34,1338.0,90.0,4.225423379108226,2.8169489194054838,1.9538667173988669,4.20396630111997,0.7180653580921585
34,1344.0,84.0,4.085259324206927,2.723506216137951,2.171122089065588,3.7538458369756325,0.7227769751998556
34,1350.0,78.0,4.030585950047758,2.6870573000318387,1.8497152092948748,4.658127467639153,0.7286704161469608
34,1356.0,72.0,3.9767869318791695,2.6511912879194464,1.9985438133381355,4.390430059362553,0.7327174211914844
34,1362.0,66.0,4.075287858107867,2.7168585720719114,2.0517998489607803,4.008655792693524,0.7362221956281023
34,1368.0,60.0,4.178451697118018,2.7856344647453457,2.163032205108605,4.1329276088459554,0.7423082163418266
34,1374.0,54.0,3.9645051992284044,2.6430034661522694,1.8468948008608737,3.942340387073289,0.7478387052387658
34,1380.0,48.0,4.141172170706786,2.760781447137857,2.0079812122913374,3.1225979376872783,0.7547598424041003
34,1386.0,42.0,4.343049587496551,2.8953663916643673,2.0116065301629558,3.184611954820611,0.7612554366214956
34,1392.0,36.0,4.305156342159633,2.870104228106422,1.8560793772701887,3.748464052351911,0.7678685877046708
34,1398.0,30.0,4.211988381655592,2.8079922544370617,1.5545530130229588,3.939822120088208,0.7727303370845452
34,1404.0,24.0,4.122866122163639,2.7485774147757596,2.298276546806664,4.607360987989951,0.778756637296868
34,1410.0,18.0,4.375310430461129,2.916873620307419,2.2222294695539886,4.31035306444167,0.7856303256760604
34,1416.0,12.0,4.311045892446331,2.874030594964221,2.0256283849641936,4.1560874043937845,0.792718154265758
34,1422.0,6.0,4.304090915018544,2.869393943345696,1.5128762745017355,4.627781305779345,0.798140641458816
34,1428.0,0.0,4.211917970291904,2.807945313527936,2.1695227312245997,3.624647554306327,0.802764468944564
35,0.0,1050.0,2.8221439999999496,1.8814293333332996,1.5798924018357847,4.0654918184732045,0.0023824301378943566
35,6.0,1044.0,2.809497541861434,1.872998361240956,1.7236671901799754,3.0,0.006090863639483567
35,12.0,1038.0,2.900083067639918,1.9333887117599453,1.8201737135481355,3.7346505361526137,0.01101248784977168
35,18.0,1032.0,2.8800084185529813,1.9200056123686542,1.8764664387865042,4.027174670085505,0.012945660820085943
35,24.0,1026.0,2.70635551411118,1.8042370094074534,2.0409091188394917,4.419754089625982,0.01645922711791466
35,30.0,1020.0,2.713808365259613,1.809205576839742,2.2409342612881438,3.979189652207477,0.019268164750083114
35,36.0,1014.0,2.9090135222769704,1.939342348184647,1.933383571406784,3.938516759259172,0.02266188077013666
35,42.0,1008.0,2.798907595858661,1.8659383972391073,2.163897183054548,4.429952662225004,0.024974868293507382
35,48.0,1002.0,2.8221689346378436,1.881445956425229,2.438352976467829,4.014532040609,0.03013224539802837
35,54.0,996.0,2.6197810249932645,1.746520683328843,2.058255615538836,3.6515761014822252,0.03231297450748187
35,60.0,990.0,2.7845195491924417,1.8563463661282944,2.5965815714799456,4.803798077323379,0.03483468122783453
35,66.0,984.0,2.9851125766279676,1.9900750510853118,2.186420487948609,5.2520359675333275,0.03808263710362516
35,72.0,978.0,2.840926334246865,1.89395088949791,2.126898429907261,4.668053866011559,0.042149511391748065
35,78.0,972.0,2.7715460654685473,1.8476973769790315,2.3996041985077454,5.303438124070263,0.044363809390238707
35,84.0,966.0,2.946593590009165,1.9643957266727767,2.7717441586079854,3.931468439508211,0.04816132261220301
35,90.0,960.0,2.7719780101881075,1.847985340125405,2.5259027104978893,5.020056928954696,0.051337315562012986
35,96.0,954.0,2.950661412047045,1.9671076080313634,2.5297322149714065,5.563632212011731,0.054252514732384426
35,102.0,948.0,2.9448385179932557,1.9632256786621705,2.3322866710231094,6.122239999688448,0.0595357509462329
35,108.0,942.0,2.868300382368147,1.912200254912098,2.5466049828880744,5.799626999476023,0.06284819217520096
35,114.0,936.0,2.8118705487217537,1.8745803658145024,2.282614405460336,5.513576264540937,0.06526342806348105
35,120.0,930.0,2.7891748014047395,1.8594498676031597,2.596440694540471,5.783415494422216,0.06963660208886874
35,126.0,924.0,2.766261979416296,1.8441746529441974,3.000492395180408,6.424493698053283,0.07234679723350763
35,132.0,918.0,2.7612226979228294,1.8408151319485528,2.98014303445347,6.829768581063461,0.07608600452854758
35,138.0,912.0,2.784203698688245,1.8561357991254965,2.671546323942353,6.988348405919545,0.07801433399651124
35,144.0,906.0,2.661370428701958,1.774246952467972,3.26620395895809,6.338241284892958,0.08030635421234239
35,150.0,900.0,2.9059984010952054,1.9373322673968036,3.1084744278831824,6.987423569699734,0.08374191313858861
35,156.0,894.0,2.8924868818522493,1.9283245879014996,3.2128978739608756,6.306548496654227,0.08771015455153998
35,162.0,888.0,3.003978696885158,2.0026524645901054,2.7084790802980865,6.905402860946208,0.09071166701914285
35,168.0,882.0,2.963390826443958,1.9755938842959722,2.764576879629066,6.6456700817158225,0.09421768866434081
35,174.0,876.0,2.9004609603375746,1.9336406402250497,2.984879460435462,6.312932686961096,0.09672075805868782
35,180.0,870.0,2.893891786629843,1.929261191086562,3.2786439298876404,6.134029738355278,0.09929823489503412
35,186.0,864.0,2.85739225279939,1.9049281685329265,2.9253967827192557,6.887200189747038,0.10216153275726624
35,192.0,858.0,2.657469349334388,1.7716462328895919,3.0344750034443884,5.959691699906722,0.10383520833473399
35,198.0,852.0,2.823016627367845,1.8820110849118967,2.8686856456093226,6.647384593770441,0.10722372866988543
35,204.0,846.0,2.9348515976680596,1.9565677317787065,3.2978290664632532,6.676989558267479,0.10945897662046582
35,210.0,840.0,2.97571579778791,1.9838105318586068,3.1193874035043136,7.322829118717806,0.113942258716483
35,216.0,834.0,3.016564563230073,2.011043042153382,3.2011717686704784,7.2023602139430345,0.11733622966009634
35,222.0,828.0,3.0002419930873785,2.000161328724919,3.101987954000381,7.139011550304037,0.12161762409575493
35,228.0,822.0,2.7418321052760444,1.8278880701840297,3.1278226466827737,6.937797950133647,0.12457176430061453
35,234.0,816.0,2.6476058662062982,1.7650705774708655,3.403171868788201,6.049728733238491,0.12898670058744843
35,240.0,810.0,2.9857251412217325,1.990483427481155,3.4322868025512805,7.29779527972433,0.1326500431849814
35,246.0,804.0,2.9040814432429998,1.9360542954953333,3.1608169976151066,6.916473867093812,0.13536918355050656
35,252.0,798.0,2.6291143744580836,1.7527429163053891,3.2967302761408663,6.925950227707679,0.13834779101178687
35,258.0,792.0,2.86073123254273,1.9071541550284865,3.294507231336753,7.31381973579068,0.14400603671549272
35,264.0,786.0,2.8732233741591666,1.9154822494394443,3.4962100596040346,7.008319115000228,0.14735884474442715
35,270.0,780.0,2.933959741779136,1.9559731611860907,3.53552495146006,6.457953932795634,0.15028494807231996
35,276.0,774.0,2.9870977662471967,1.9913985108314645,2.686286316507539,7.406710085207411,0.15464675015915064
35,282.0,768.0,2.896522693200925,1.9310151288006168,3.3451415326075016,7.199334645608583,0.1579714764922887
35,288.0,762.0,2.825111137347203,1.8834074248981354,3.428847754821472,7.816307317523466,0.1609336363842212
35,294.0,756.0,2.892200749152223,1.9281338327681485,3.269518793432017,7.425551780263981,0.1626492609450017
35,300.0,750.0,2.750652018384647,1.8337680122564313,3.796113993972561,7.224797489098728,0.16626922592714466
35,306.0,744.0,2.9613466920537292,1.9742311280358196,3.250572123583675,8.258241313326293,0.1702065067932356
35,312.0,738.0,2.9994442053973254,1.9996294702648836,3.3725987544368063,7.032303301007703,0.17341406307725404
35,318.0,732.0,2.75532177213006,1.8368811814200399,2.988842443082368,7.687964769460296,0.1762395171680651
35,324.0,726.0,2.9470638775866176,1.9647092517244118,2.8992435903060434,6.5515380313664,0.18102074555561568
35,330.0,720.0,2.8754232214080235,1.9169488142720157,3.0270891589887543,7.359370192363149,0.18483957173353494
35,336.0,714.0,2.9806833563918897,1.9871222375945932,3.377371999483083,7.24793522223893,0.1887670166600078
35,342.0,708.0,2.874628750393943,1.9164191669292954,3.2753053228442446,7.9781469674360945,0.19246065547592242
35,348.0,702.0,2.9899375897208222,1.993291726480548,3.156173147740465,7.121850152410225,0.1961254668827142
35,354.0,696.0,2.888347461408791,1.9255649742725274,3.0218887955156726,7.775251029008059,0.19926509164359832
35,360.0,690.0,2.871472096645347,1.914314731096898,2.960848841031593,7.962081964289565,0.20271154613227202
35,366.0,684.0,3.104810560656347,2.0698737071042315,3.190617971668488,8.344576718515286,0.20819801507059815
35,372.0,678.0,3.029255656538456,2.0195037710256374,3.0865554063172174,7.361387861711805,0.21146867090422797
35,378.0,672.0,2.8079618101472072,1.8719745400981382,3.364419633680539,7.508256061916365,0.21513637387148796
35,384.0,666.0,3.079772131039259,2.0531814206928396,2.567814043875754,6.501701601514773,0.2187118754570265
35,390.0,660.0,3.0767799463762775,2.051186630917518,3.2760259961051554,8.200275090084935,0.2233617284150906
35,396.0,654.0,3.0695393482152142,2.0463595654768096,3.5195789293877686,8.080216462767849,0.22676450454290237
35,402.0,648.0,2.9143523007620447,1.942901533841363,3.272187718959429,7.622772195021776,0.23272829731830064
35,408.0,642.0,2.9201004399037593,1.9467336266025062,3.4683572418778703,8.26089582985247,0.236892806369374
35,414.0,636.0,3.001619756578492,2.001079837718995,3.1199939397303167,6.664400997458806,0.23999413197851027
35,420.0,630.0,3.02179570464787,2.0145304697652464,3.2920487575974855,7.4092381907214735,0.244859046288295
35,426.0,624.0,3.0210738815443587,2.014049254362906,3.103216001944212,7.715358046083573,0.2484994133909105
35,432.0,618.0,3.0277600624591625,2.0185067083061083,2.8416677403915673,7.371262935317553,0.2505745786578725
35,438.0,612.0,3.306540363959078,2.2043602426393853,3.1428363592149933,7.1223307183578735,0.2530768616114777
35,444.0,606.0,3.034516736641676,2.0230111577611174,2.9625143110675562,7.223972520031914,0.2562808422624632
35,450.0,600.0,3.140591863840884,2.093727909227256,3.3172102143425723,7.024544122216831,0.2609346538811292
35,456.0,594.0,3.1947342997117003,2.1298228664744667,2.8288122916904976,7.537923421166627,0.2645336397399737
35,462.0,588.0,3.035190759345122,2.0234605062300814,3.1141409625869647,7.850050242314717,0.2686227964955942
35,468.0,582.0,2.9060750008362626,1.9373833338908417,2.896032205111867,7.152578567253638,0.27163616891864484
35,474.0,576.0,3.1038776221882114,2.0692517481254744,3.530434280803052,7.520639512184984,0.276926958237125
35,480.0,570.0,3.2175740457285276,2.1450493638190182,3.2653507922975518,8.196598633112632,0.2807633678844213
35,486.0,564.0,3.1055852498360905,2.070390166557394,2.9368802867801445,6.682184896545758,0.2849754501364243
35,492.0,558.0,3.14720583798541,2.098137225323607,3.4687748312554536,7.080878098327436,0.2875384288180516
35,498.0,552.0,3.209853944747285,2.1399026298315236,3.1851330114512946,7.597640145274671,0.29213728318156473
35,504.0,546.0,3.2867030872830965,2.191135391522064,3.576667625102533,6.79458943284757,0.29639603859638497
35,510.0,540.0,3.046538869517068,2.0310259130113786,3.1465184211116397,7.409284709361161,0.3015174047401251
35,516.0,534.0,3.344475326937109,2.229650217958073,3.1722139304745642,7.455939087994333,0.3074497962995052
35,522.0,528.0,3.027245250021013,2.018163500014009,3.1800516610768947,7.633345038540398,0.3118503436978803
35,528.0,522.0,2.9617028319557672,1.974468554637178,3.326879635487837,7.487526539749596,0.31576715491638574
35,534.0,516.0,3.1559047462530776,2.1039364975020516,2.9836176102271184,7.540907725685321,0.3209459481937238
35,540.0,510.0,3.040943794137172,2.027295862758115,3.0096411921900743,7.593423123388786,0.3262834249491986
35,546.0,504.0,3.115012647400999,2.0766750982673328,2.9938204105219794,5.9921131608329015,0.331898913788136
35,552.0,498.0,3.3160931925282693,2.2107287950188463,2.7223301740185835,6.962951945867636,0.3372537192177554
35,558.0,492.0,3.2577181344816744,2.1718120896544497,3.493548705697356,7.151940795692106,0.34147941239908125
35,564.0,486.0,3.2702337571749704,2.180155838116647,2.947644624228898,6.577616936041321,0.34763401539452415
35,570.0,480.0,3.5548578180995114,2.369905212066341,3.081051287199347,6.449791156962271,0.35378155033163683
35,576.0,474.0,3.185829871002175,2.1238865806681164,3.115256999677563,7.1538823896742665,0.3584894443705271
35,582.0,468.0,3.2575882879207594,2.171725525280506,2.6715917094835206,6.388950040020965,0.36250732926634605
35,588.0,462.0,3.2550297332352427,2.1700198221568283,2.8961326548871376,5.5688835124449625,0.3668564069276734
35,594.0,456.0,3.285270769140688,2.1901805127604588,2.688516216215591,6.605529696404174,0.3719238152785356
35,600.0,450.0,3.3294455245975096,2.219630349731673,3.006258862734337,5.418872522316063,0.37627542928574953
35,606.0,444.0,3.1519351604956,2.1012901069970664,3.0824908100386206,8.155597587295384,0.38128391520616667
35,612.0,438.0,3.525982919334856,2.350655279556571,2.55986759556039,6.83764491983787,0.38417319694733726
35,618.0,432.0,3.228602703534064,2.1524018023560427,3.123032759353349,5.927480962307707,0.38983500830560647
35,624.0,426.0,3.263523273179545,2.1756821821196968,3.165040415643766,6.011597713990885,0.39252552606350793
35,630.0,420.0,3.200149003417107,2.1334326689447383,3.1358564051283615,6.902106236593497,0.39737195219974086
35,636.0,414.0,3.3324057397785904,2.2216038265190603,2.7702319284631103,6.695668505823619,0.40027511799680526
35,642.0,408.0,3.1931526142000837,2.1287684094667223,2.8721508466671835,6.412330363459798,0.40427081684972566
35,648.0,402.0,3.3770883965701,2.251392264380067,2.8343254636823003,5.877805173070428,0.40944988745349337
35,654.0,396.0,3.392468432041072,2.2616456213607146,2.7040576595873786,5.863452081552067,0.4147801427242005
35,660.0,390.0,3.5493503688507864,2.3662335792338576,3.03979385239622,6.622831181812516,0.41992378972377575
35,666.0,384.0,3.5569279087105903,2.371285272473727,2.99431152923901,4.984096104324076,0.4251971741063619
35,672.0,378.0,3.297407730737109,2.198271820491406,2.94879884262467,5.271200246884167,0.429572421798712
35,678.0,372.0,3.40484042470819,2.269893616472127,2.332534366765522,6.152135059117912,0.43364789127851056
35,684.0,366.0,3.239238323721435,2.1594922158142897,2.820555644273981,6.1646560042479335,0.43795710729208986
35,690.0,360.0,3.25984698064038,2.17323132042692,2.887186707339539,6.354260421158673,0.4399987055313855
35,696.0,354.0,3.406804769207902,2.2712031794719345,2.907758422496229,6.235178612994563,0.4433005166342372
35,702.0,348.0,3.5666697806255385,2.377779853750359,2.9227543122067843,5.688465773027536,0.4490288537615718
35,708.0,342.0,3.237836777372959,2.1585578515819726,3.0012964453162976,5.8731369928246115,0.4549214400353513
35,714.0,336.0,3.4211784059509247,2.280785603967283,2.39166375033035,5.965307039504733,0.4605689020673362
35,720.0,330.0,3.434832035967044,2.2898880239780293,2.654898352363891,6.112378684822715,0.46695712495150954
35,726.0,324.0,3.5278329838147635,2.351888655876509,2.485086812584978,6.260876257527265,0.47536887538200673
35,732.0,318.0,3.5967040255032696,2.3978026836688464,2.5250920062744675,6.078283667212905,0.4791904714864865
35,738.0,312.0,3.324130811397395,2.2160872075982634,2.7721584426988977,4.50745538479293,0.483480106781128
35,744.0,306.0,3.3489360500564356,2.232624033370957,2.6190907449206655,5.630256596488316,0.48644253451793473
35,750.0,300.0,3.450212785991716,2.300141857327811,2.908463835685689,6.186394763515777,0.49099454534825315
35,756.0,294.0,3.33392928266467,2.2226195217764464,2.4957143007986295,5.32465505371182,0.49532012980579726
35,762.0,288.0,3.645699090846682,2.430466060564455,2.6921392272578295,4.9328597163572185,0.5000082700789367
35,768.0,282.0,3.6511059975623805,2.434070665041587,2.378456421654398,5.5333737950789015,0.5042814388465054
35,774.0,276.0,3.629887963729203,2.419925309152802,2.5947099676628476,4.683954739819345,0.510839121492938
35,780.0,270.0,3.5876496022090856,2.3917664014727236,2.247313056322051,4.516802055496865,0.5161242105519231
35,786.0,264.0,3.4804404287268804,2.3202936191512538,2.6686532042187374,5.264255830119799,0.5221219613508253
35,792.0,258.0,3.7240188814519795,2.4826792543013196,2.427012700550745,5.900934633030522,0.5265349684249285
35,798.0,252.0,3.7058613354930516,2.4705742236620343,2.017887190772816,4.722968767878969,0.5313099005441644
35,804.0,246.0,3.7048244880432484,2.469882992028832,2.236012672842679,5.7107491668703965,0.5370869753701131
35,810.0,240.0,3.8091578148898932,2.5394385432599287,2.828147245554757,5.528653274140369,0.5445426376084034
35,816.0,234.0,3.692888932207344,2.461925954804896,2.4887070905796054,4.539720498538332,0.5503224421466373
35,822.0,228.0,3.704458106710846,2.4696387378072306,2.3153877762483495,4.513820181742407,0.5554348357787171
35,828.0,222.0,3.747326448890695,2.498217632593797,2.0893441521649274,5.760354396123731,0.5617263220403081
35,834.0,216.0,3.710997622203569,2.4739984148023795,2.5869936404918974,4.163239484437365,0.566590754672345
35,840.0,210.0,3.661566182749242,2.441044121832828,2.4604575716939046,5.331086011999914,0.5715034533271394
35,846.0,204.0,3.7911214742377637,2.527414316158509,1.9337550629649316,5.049031866171614,0.5766663309383936
35,852.0,198.0,3.665148612971534,2.443432408647689,2.28257128082536,4.651854413693721,0.5812790401838188
35,858.0,192.0,3.8630338450456847,2.5753558966971233,2.3436959130799786,4.088729787327594,0.5886345040705722
35,864.0,186.0,3.8438426522246734,2.562561768149782,2.055079256663329,5.4920469631686695,0.5960483187504965
35,870.0,180.0,3.793047295224343,2.5286981968162285,2.0131304420128737,5.0983518149014735,0.6033048211896601
35,876.0,174.0,3.8477879933793786,2.5651919955862525,2.21018459179075,4.501461959982725,0.6077325438393852
35,882.0,168.0,3.60528608429166,2.4035240561944398,2.4345242731320753,4.837889235695834,0.6119163430916483
35,888.0,162.0,3.8705509880797266,2.5803673253864843,2.138273011139273,4.302830648750518,0.6190344604226874
35,894.0,156.0,3.8559322036741994,2.570621469116133,2.0455051683638295,4.142062295257455,0.6255455162377939
35,900.0,150.0,3.7778466783189235,2.518564452212616,2.1142063254571486,4.303305135663335,0.6297896940611367
35,906.0,144.0,3.7900510006257493,2.526700667083833,2.0507442360088133,4.484801958188075,0.6369282880866453
35,912.0,138.0,3.9100466577385773,2.606697771825718,2.2234332083127524,4.477320391754494,0.6463902496427357
35,918.0,132.0,4.176764496997252,2.7845096646648346,2.1594222869019806,3.8804573115475813,0.6530681530414476
35,924.0,126.0,4.098523950102294,2.7323493000681958,2.5356038372381358,4.055011222631783,0.6571059462488555
35,930.0,120.0,3.932358302420139,2.621572201613426,2.0721746778005206,3.6806286526071568,0.6629564936529856
35,936.0,114.0,3.974484089162304,2.649656059441536,2.1425212381549765,3.0,0.6683412579313663
35,942.0,108.0,3.8550318412986835,2.5700212275324557,2.4356426924682104,3.8897353558215033,0.675628949257204
35,948.0,102.0,3.987903726251852,2.6586024841679015,1.6550585661916468,4.667663729173431,0.6813889490361082
35,954.0,96.0,4.075517455573958,2.717011637049305,1.9842101892490012,4.450859075810401,0.6850673776872619
35,960.0,90.0,4.1160804635113735,2.7440536423409156,2.021654642008464,4.380873437008663,0.689658893870398
35,966.0,84.0,4.171547106042411,2.781031404028274,1.8806155530066548,4.641693015993788,0.6984580526782429
35,972.0,78.0,4.013045099589701,2.6753633997264674,2.094219052153265,3.0,0.7036142386008075
35,978.0,72.0,3.9664150776726634,2.644276718448442,2.0572718005401796,4.530020806849484,0.7092714337398769
35,984.0,66.0,4.19662248879305,2.7977483258620333,2.0992536640746837,5.178667295309552,0.7177762074915569
35,990.0,60.0,3.9865640484961262,2.657709365664084,2.1008872684066113,4.263349767852446,0.7229048097819271
35,996.0,54.0,4.1016395606512654,2.7344263737675103,2.1993722961955013,4.204743057300016,0.7295418578953841
35,1002.0,48.0,4.011174462486044,2.674116308324029,2.100020600803555,4.19347937237619,0.7365771554380005
35,1008.0,42.0,4.073667092299234,2.715778061532823,1.8075893035782926,4.4448776639797085,0.7457441309244168
35,1014.0,36.0,4.168175846010698,2.7787838973404653,2.0325726486867857,4.191028736801546,0.7527222349579687
35,1020.0,30.0,4.0985701548267155,2.7323801032178103,1.889167887795083,3.7503938497736202,0.7594343967041872
35,1026.0,24.0,4.219920933522219,2.8132806223481457,2.3025913041411314,4.785345933133189,0.7694660385240479
35,1032.0,18.0,4.084763347422159,2.723175564948106,1.9548215811894023,3.8483640107016015,0.7774469625253277
35,1038.0,12.0,4.1906795183188885,2.7937863455459255,1.2914752246661394,4.053357577311054,0.7837681227503719
35,1044.0,6.0,4.243862590128068,2.8292417267520453,1.816401218497932,3.286324102333134,0.7936782015308675
35,1050.0,0.0,4.291273601911284,2.860849067940856,1.9119145927322871,3.0,0.8032425384921963
36,0.0,1320.0,2.9857874541671894,1.9905249694447928,1.5575981361448032,3.401347200914436,0.0024620686801736583
36,6.0,1314.0,2.9182526874548746,1.945501791636583,1.4621482633837688,4.147130044686605,0.0058555245620087884
36,12.0,1308.0,2.6770274380200547,1.7846849586800364,2.057716921625945,3.4036506986061705,0.008245535814127547
36,18.0,1302.0,2.7835375357191636,1.8556916904794425,2.075318876479696,3.7439538317222243,0.011585164309194746
36,24.0,1296.0,2.663070516979598,1.7753803446530654,1.8619803891417774,3.9803125357827294,0.013074266296412028
36,30.0,1290.0,2.798060555518567,1.8653737036790448,2.00836033417882,3.4566009226660404,0.014752525736992619
36,36.0,1284.0,2.9171796448272778,1.9447864298848518,2.0628249807986214,4.691157822971751,0.016447095186720877
36,42.0,1278.0,2.861581939228431,1.9077212928189542,1.4513228713623871,3.343728961308244,0.019000642439947493
36,48.0,1272.0,2.6875844830305047,1.7917229886870032,1.9198463970017499,4.613638890704706,0.02194101265869782
36,54.0,1266.0,3.131931804261278,2.0879545361741854,2.3365517583939064,4.741361521218631,0.024794260354952854
36,60.0,1260.0,2.5522990766676044,1.701532717778403,1.873603039740715,4.347063065631635,0.026299636159717435
36,66.0,1254.0,2.8081108534370722,1.8720739022913815,2.2767540510230924,5.01378684825306,0.0304040869116492
36,72.0,1248.0,2.820388775712438,1.880259183808292,1.9723438308944174,5.467967828048737,0.03280019067440135
36,78.0,1242.0,2.910274533689566,1.9401830224597107,2.2813580282768506,3.783174881832596,0.03635045626584383
36,84.0,1236.0,2.926486975987192,1.9509913173247948,2.315976834505321,4.717484134913916,0.039270967451388514
36,90.0,1230.0,2.6129350133673723,1.7419566755782483,2.5345682365925106,4.354303983367311,0.04126342979205386
36,96.0,1224.0,2.6105772303243984,1.7403848202162655,2.614278554941763,5.235047917583118,0.043749551693775375
36,102.0,1218.0,2.721156838172974,1.8141045587819826,2.4891391733792845,5.297745200858811,0.04665979861747081
36,108.0,1212.0,2.7370875394285634,1.8247250262857089,2.7530907508320377,6.201841834200447,0.049949496569143485
36,114.0,1206.0,2.7656105104878796,1.843740340325253,2.343750910334314,5.518977781169226,0.05072483561206514
36,120.0,1200.0,2.6395741187430892,1.7597160791620594,2.150841600431002,5.587413009483982,0.05233389315424713
36,126.0,1194.0,2.6921839848473623,1.7947893232315748,2.4419171192118765,6.314081390361383,0.05407813022260026
36,132.0,1188.0,2.887752338351201,1.9251682255674674,2.6591236392113617,5.021378243534061,0.0560708779393583
36,138.0,1182.0,2.791807633666722,1.861205089111148,2.621560277620034,6.123823691914252,0.05882311305685918
36,144.0,1176.0,2.8745293418280706,1.9163528945520472,2.5271480117900906,5.527002326377329,0.061481219299380996
36,150.0,1170.0,2.730477787224519,1.820318524816346,2.661196544981595,5.451503095129029,0.0636652357870287
36,156.0,1164.0,2.8625083376038747,1.9083388917359165,2.6337126688510573,6.4622458934046,0.06647654843823975
36,162.0,1158.0,2.7200239285596273,1.8133492857064182,2.518878396597407,5.149261141366636,0.0676049364737247
36,168.0,1152.0,2.8175837660910306,1.8783891773940204,2.693481909422071,6.070224614494686,0.07090743251209282
36,174.0,1146.0,2.761087432053883,1.8407249547025888,2.780932722794705,6.0212837304556714,0.07371064959162761
36,180.0,1140.0,2.789497104596005,1.8596647363973366,2.876224511255091,6.735354006121131,0.07428837770927935
36,186.0,1134.0,2.849228665439076,1.899485776959384,2.7625034385785523,6.258624557007813,0.07652953917021338
36,192.0,1128.0,2.6517585489959172,1.7678390326639448,2.8202778241779463,5.9149642437438645,0.07831049487896545
36,198.0,1122.0,2.892262142286721,1.9281747615244809,2.8099914816928124,5.351550888552421,0.08098209522018193
36,204.0,1116.0,2.8271118017886843,1.8847412011924563,3.4032212557680266,6.065358000876325,0.08361162904847944
36,210.0,1110.0,2.7800724101504444,1.8533816067669628,2.748156047625844,6.013081738794074,0.08727893812464638
36,216.0,1104.0,2.830906985531621,1.8872713236877472,3.0945974803216476,6.821097835330686,0.08984229916469275
36,222.0,1098.0,2.8368032883452274,1.8912021922301516,2.9591835344672566,6.925943017312091,0.09432496816610346
36,228.0,1092.0,3.1063375063485212,2.070891670899014,3.5729794483104214,6.6107316976683395,0.0975166399449544
36,234.0,1086.0,2.7830343948472738,1.855356263231516,3.2945092362162742,7.332250975768074,0.10078136920772733
36,240.0,1080.0,2.8121417209366726,1.874761147291115,3.073347283203063,7.2368902427159245,0.10330691323076402
36,246.0,1074.0,2.9196802018683727,1.9464534679122485,3.0531445372729813,7.261950862473696,0.10517861671495835
36,252.0,1068.0,2.885209665123356,1.9234731100822373,2.8664773533749988,6.38527911070492,0.10741327466203024
36,258.0,1062.0,2.8152971754986162,1.8768647836657442,3.359522215971919,7.390075780320505,0.1107344826988562
36,264.0,1056.0,2.9281987062591814,1.9521324708394543,2.9697170968717117,7.604979331098237,0.11446941962633458
36,270.0,1050.0,2.881500235400509,1.9210001569336725,3.3623757519913817,6.8059330027693274,0.119073341304182
36,276.0,1044.0,2.9405034087158564,1.960335605810571,3.179747449654329,7.1496651243406015,0.12221809755928169
36,282.0,1038.0,2.872900790173656,1.915267193449104,3.086517489381811,6.3675936948713145,0.12406777626687787
36,288.0,1032.0,2.8886185550413073,1.9257457033608716,3.424834000193972,6.9968379388753785,0.12676593445759432
36,294.0,1026.0,2.9486126646754567,1.9657417764503045,3.2764069769363218,7.943175170187441,0.13132916578456671
36,300.0,1020.0,2.783514907345882,1.8556766048972546,3.2197266705205494,6.959400929900609,0.1337832113744137
36,306.0,1014.0,2.850985427432848,1.9006569516218985,3.117664588124925,8.300306391816285,0.13688020057369144
36,312.0,1008.0,2.8130487239897652,1.8753658159931768,3.020459659551231,7.1184456700403125,0.1396643219745445
36,318.0,1002.0,2.748926896581141,1.832617931054094,3.5897411584639496,7.253157040600966,0.14222829171290932
36,324.0,996.0,3.061048725536789,2.040699150357859,3.332822388732046,6.868324994265471,0.14400077029776528
36,330.0,990.0,2.7462928025724294,1.8308618683816196,3.14174035920143,6.9915557904478725,0.1463140102909024
36,336.0,984.0,2.9255478862384408,1.9503652574922938,2.98634549694233,6.794566603743186,0.1486069722366152
36,342.0,978.0,2.846969516135178,1.8979796774234519,3.288304535253366,6.752904975172896,0.15043795864188164
36,348.0,972.0,2.9815178184655724,1.987678545643715,3.31221709097229,7.5805621521901205,0.15324327392954526
36,354.0,966.0,2.7422479942490976,1.8281653294993985,3.304299264919543,7.626866029316458,0.15666283486860855
36,360.0,960.0,3.0027201258753435,2.001813417250229,3.4230188455383184,7.083934966308894,0.16049850671191473
36,366.0,954.0,2.7830826015638506,1.855388401042567,3.5438123790894265,7.201625060879315,0.16408334321434156
36,372.0,948.0,3.0784646119708383,2.052309741313892,3.47171605898896,7.5767732001331005,0.16846291243830078
36,378.0,942.0,2.8539096944214193,1.902606462947613,3.483305500791174,7.064990784607899,0.17188777436673905
36,384.0,936.0,3.20265235063002,2.13510156708668,3.2553319191949357,6.915016462049326,0.17562002905499036
36,390.0,930.0,2.8946586176080036,1.929772411738669,3.4839672677912117,6.272542459890569,0.1779559974813843
36,396.0,924.0,2.9947819006105485,1.996521267073699,3.345003539317654,7.278848103435308,0.18072249246659264
36,402.0,918.0,2.9514074866046456,1.9676049910697637,3.0688514278367998,7.510103157055424,0.18251821151554765
36,408.0,912.0,2.980380677858398,1.9869204519055987,3.397221715585165,7.239322297520413,0.1857360518478903
36,414.0,906.0,3.0899091026251257,2.059939401750084,3.551782342335959,7.545036806040524,0.18942033550876292
36,420.0,900.0,3.0435884829715176,2.0290589886476784,3.1762493107862744,7.4829825474132425,0.19353533896434932
36,426.0,894.0,3.2471207562251005,2.164747170816734,3.5457968687421078,6.876113438410286,0.19600501636690612
36,432.0,888.0,3.0713296894769018,2.0475531263179345,3.1238386413825516,8.01070644578956,0.20064234522527058
36,438.0,882.0,3.0041564601952317,2.002770973463488,3.5484883214319676,7.854692069983603,0.2039667878775536
36,444.0,876.0,2.9091458285668534,1.9394305523779023,3.1441660947629715,7.51851302223961,0.20547536558544255
36,450.0,870.0,2.911684406225783,1.9411229374838552,3.215572885208708,7.384260167304657,0.20760646415787204
36,456.0,864.0,2.9059412696204667,1.9372941797469778,3.542936240612652,7.574211143161644,0.20960278800175605
36,462.0,858.0,2.8852027638278424,1.9234685092185615,2.996853234638679,7.243123458936748,0.21377574492761864
36,468.0,852.0,2.9240117005576955,1.9493411337051303,3.429073002402108,7.286305940036013,0.2164607006468369
36,474.0,846.0,3.005666747782339,2.0037778318548924,3.2713365947859607,6.815347919445415,0.2189299531860256
36,480.0,840.0,2.9668803814524223,1.9779202543016148,3.388745472532348,6.191177575048781,0.22130902721087548
36,486.0,834.0,2.9946094928754734,1.9964063285836489,3.2744306652044854,7.552243301771843,0.223974861124855
36,492.0,828.0,3.289540303585692,2.1930268690571277,3.585383939245172,6.735023951610895,0.22874198135672863
36,498.0,822.0,3.0883131896983356,2.0588754597988905,3.160641630455683,7.389653705151118,0.23287814063916562
36,504.0,816.0,3.286734629897789,2.1911564199318594,3.350800185740346,6.880116338469077,0.2374457673974513
36,510.0,810.0,2.878503999993888,1.919002666662592,3.4667805951072603,7.44339088187924,0.24048143421099522
36,516.0,804.0,2.818190505876317,1.8787936705842112,3.6667310614190063,6.632968635329328,0.24212126129016207
36,522.0,798.0,2.8472481608735527,1.8981654405823685,3.294046074018574,7.458989252344098,0.24583517549389966
36,528.0,792.0,3.0691247871060137,2.046083191404009,3.724895289873772,6.877802346175711,0.24968653600147883
36,534.0,786.0,3.163578475232889,2.1090523168219257,3.6698486113287965,6.962249858995612,0.25273940463783484
36,540.0,780.0,3.169448140411212,2.112965426940808,3.2972102086631003,7.609416489268257,0.25549891224803584
36,546.0,774.0,3.1961009334226462,2.1307339556150975,2.9575058900980156,6.883190419615992,0.2595543216967854
36,552.0,768.0,3.1387489587849484,2.092499305856632,3.0025971123439654,8.608906725360537,0.2632036753617349
36,558.0,762.0,3.0365111775609472,2.0243407850406316,3.541834160118287,7.424041426985716,0.2660150437418351
36,564.0,756.0,3.10793025517617,2.07195350345078,3.607170537164047,6.742182897151944,0.26992821225808916
36,570.0,750.0,3.2560732173059757,2.170715478203984,3.264181370483433,7.268302920249551,0.2720472891530864
36,576.0,744.0,3.045234701699074,2.0301564677993826,3.106965910908302,7.665040996010282,0.27449597782951163
36,582.0,738.0,3.04614274290595,2.030761828603967,3.2913931348581253,7.015506489737289,0.2761343188115912
36,588.0,732.0,3.1133523726045516,2.075568248403034,3.242802910645955,7.074416203226856,0.27873144974000824
36,594.0,726.0,3.175948666059994,2.1172991107066625,3.236201947935397,7.664942976080454,0.2818391689060334
36,600.0,720.0,3.352817174374473,2.235211449582982,3.34439099850087,7.655502142552192,0.28680710236810364
36,606.0,714.0,3.027519891741245,2.0183465944941634,3.377296268045146,6.838781864336678,0.2897232078028624
36,612.0,708.0,3.4514623246713962,2.300974883114264,3.323460310735455,7.410784476622185,0.2919628103218146
36,618.0,702.0,3.0996080925233045,2.0664053950155363,3.1831555066456216,6.3644176780531,0.2950783273190003
36,624.0,696.0,3.131786275753514,2.0878575171690095,2.916089825217495,7.03534206009769,0.29757376623643256
36,630.0,690.0,3.169761095516953,2.1131740636779686,3.085859384080929,6.968103922678489,0.3018777244086147
36,636.0,684.0,3.218331876210037,2.1455545841400245,3.2166315946394155,6.625770752725264,0.3046591481116484
36,642.0,678.0,3.258715313399429,2.1724768755996196,3.261687607241294,6.881401621970813,0.3098298330018398
36,648.0,672.0,3.137115889459237,2.091410592972825,3.263722833162977,5.29488561624709,0.3134929979410272
36,654.0,666.0,3.1924512309634294,2.1283008206422864,3.2633335453310943,6.880039697497438,0.3167222064386109
36,660.0,660.0,3.1680973814376596,2.11206492095844,3.0660367567219677,5.873207451855056,0.32037450206153395
36,666.0,654.0,3.2196291730690065,2.146419448712671,2.9997063416378356,7.454697202618832,0.323021186962842
36,672.0,648.0,2.973538461683334,1.9823589744555559,3.0043484866239023,7.121774123091487,0.3255204913074851
36,678.0,642.0,3.0822595251266782,2.0548396834177853,2.516242055330408,7.614769852900805,0.3286210791205141
36,684.0,636.0,3.2539438695375145,2.16929591302501,3.1418817031941155,6.795048203087371,0.33274316676267074
36,690.0,630.0,3.0239134685044333,2.0159423123362887,2.8434427044309727,7.6304441076680165,0.3358144160263993
36,696.0,624.0,2.998973184791651,1.9993154565277675,3.1080702210169693,7.081076276829722,0.3378827878532024
36,702.0,618.0,3.134012001359703,2.0893413342398017,2.9786175149481755,7.110859467539088,0.3399770988851234
36,708.0,612.0,3.242342199196136,2.1615614661307574,3.1047855659586405,7.247442842797337,0.34423743922820627
36,714.0,606.0,3.3454894071695165,2.2303262714463443,3.1887982531932066,6.7871278814881295,0.3469615599709544
36,720.0,600.0,3.2617451607149133,2.1744967738099423,2.9647275275207177,6.8751040292737695,0.34963880735759906
36,726.0,594.0,3.1981660873282483,2.1321107248854987,3.060302003266142,6.808587667390787,0.3528569042039045
36,732.0,588.0,3.424757290764132,2.283171527176088,2.8931041903777412,6.424179562921668,0.3556201483374498
36,738.0,582.0,3.1599829419184964,2.106655294612331,2.824026206734353,6.056808479335936,0.3584544607712497
36,744.0,576.0,3.495661229515611,2.330440819677074,2.9399870006599715,6.423024704886768,0.3624954146925135
36,750.0,570.0,3.1096526719051276,2.073101781270085,2.749173491767225,6.000051944652948,0.36571890793924516
36,756.0,564.0,3.340923129151968,2.227282086101312,2.8399276680484933,6.596067960918962,0.3705857618940495
36,762.0,558.0,3.37761672855591,2.25174448570394,3.175837767233489,6.377356517445847,0.3732182024487124
36,768.0,552.0,3.361802145516271,2.2412014303441805,2.7336632621368873,6.247634249456687,0.3761628326452864
36,774.0,546.0,3.2907645549620477,2.1938430366413653,3.133307131426647,6.613218902132843,0.37772519348304556
36,780.0,540.0,3.17288287537007,2.1152552502467135,3.3423283890211555,5.932719298916794,0.38083446256559567
36,786.0,534.0,3.2291143813899668,2.1527429209266447,2.91565532860617,6.9352973151947355,0.38323350049659116
36,792.0,528.0,3.2739952074231318,2.182663471615421,2.787730622876296,6.334460006353702,0.3870766199656927
36,798.0,522.0,3.2968629018736237,2.1979086012490825,3.06016293271319,6.606966953461728,0.38992703413980756
36,804.0,516.0,3.4200907569161676,2.2800605046107782,2.9380360322565555,6.319721273128379,0.3936857131839239
36,810.0,510.0,3.3239632920056,2.2159755280037334,2.896675367930832,6.122964262919658,0.3970926128495934
36,816.0,504.0,3.3382245531330432,2.225483035422029,2.768120341301483,6.999589045890705,0.3999151487249531
36,822.0,498.0,3.1805522125336148,2.1203681416890765,2.766877007775592,5.294014895848658,0.4037186778401803
36,828.0,492.0,3.3334225027881423,2.222281668525428,3.003400924359258,5.811850081363202,0.40838368867476466
36,834.0,486.0,3.4243766998628606,2.282917799908574,2.6083613772254233,6.389557298415835,0.41225239545080894
36,840.0,480.0,3.291010494530054,2.194006996353369,2.944184915588938,5.465651992850677,0.41655612566087036
36,846.0,474.0,3.364666723991662,2.2431111493277744,3.01932226963615,6.695629706715596,0.42084736836050934
36,852.0,468.0,3.231262519713802,2.1541750131425346,2.5982463536406923,6.257398201019618,0.4245192987475505
36,858.0,462.0,3.313317375386609,2.2088782502577393,2.6274071709359945,5.836680382845543,0.4284442968443601
36,864.0,456.0,3.2340424930564526,2.1560283287043016,2.99840801221527,5.3385404627043735,0.4308650673449996
36,870.0,450.0,3.374091052541526,2.249394035027684,2.8158477957386556,6.974648857610388,0.43323272790285094
36,876.0,444.0,3.351341355842215,2.2342275705614765,2.434407723509237,5.423044230391671,0.4364259234243458
36,882.0,438.0,3.3437399004922383,2.2291599336614922,2.890363499322662,5.993551259680352,0.4407351411862062
36,888.0,432.0,3.174069725841238,2.116046483894159,2.3964036241484763,5.357688440894008,0.4435948451643721
36,894.0,426.0,3.361324753223529,2.240883168815686,2.5558529246868384,6.621652596149947,0.4490089033157024
36,900.0,420.0,3.3473262668380053,2.23155084455867,2.884597755189265,6.300560189748571,0.4518853717479336
36,906.0,414.0,3.6206540006652537,2.413769333776836,2.400858225446339,6.482371017735202,0.45600779711688916
36,912.0,408.0,3.3335356617825296,2.2223571078550197,2.824480226275216,5.500503936264744,0.4608847400190732
36,918.0,402.0,3.473657845946021,2.3157718972973473,2.7109269262615365,5.846154392657692,0.46544787792545855
36,924.0,396.0,3.630778028678863,2.420518685785909,2.1586512097820507,5.8372543217854185,0.4688450396360959
36,930.0,390.0,3.4527243538108014,2.3018162358738676,2.423246690719877,5.682290593237228,0.47202989811939317
36,936.0,384.0,3.3837860205960495,2.255857347064033,2.722585543371141,5.83182405165813,0.4759491295824663
36,942.0,378.0,3.536126721775241,2.357417814516827,2.622326101201616,6.392033416566508,0.4795513512936939
36,948.0,372.0,3.3542985270334436,2.2361990180222957,3.0965733948530767,5.8684225727962955,0.4830454829345912
36,954.0,366.0,3.520118990827564,2.3467459938850426,2.6802432375106537,4.777721141579376,0.4850693969821769
36,960.0,360.0,3.463556068238834,2.3090373788258893,2.910503778468494,5.775284818278675,0.4894530455305645
36,966.0,354.0,3.481108400579526,2.3207389337196838,2.5733884207406956,5.405358900778354,0.4936821407951687
36,972.0,348.0,3.5147405568697536,2.3431603712465026,2.634237452483974,6.612751446311784,0.5011252752459839
36,978.0,342.0,3.6370760557613906,2.4247173705075937,2.415912585877213,4.9916787072225395,0.5053799231703379
36,984.0,336.0,3.4762586938615287,2.3175057959076857,2.668599304313388,6.355661845469025,0.5106010146816664
36,990.0,330.0,3.6002026371231577,2.4001350914154385,2.8622687836787244,4.782009426468683,0.5146330617518593
36,996.0,324.0,3.4989269265856824,2.3326179510571214,2.143992952936716,5.334440489594713,0.5194504836586046
36,1002.0,318.0,3.994930444128937,2.6632869627526246,2.3620867441306164,5.554038810812628,0.5244394942988377
36,1008.0,312.0,3.570271962842203,2.3801813085614687,2.505191683991643,4.652563989780184,0.5278086176857805
36,1014.0,306.0,3.6616822873362223,2.4411215248908147,2.535546888953028,5.666602449937276,0.5315959820487325
36,1020.0,300.0,3.5288520297569113,2.352568019837941,2.036899122755927,4.783758592337277,0.5352012974443815
36,1026.0,294.0,3.446497648918067,2.2976650992787113,2.2662385503758116,4.914233863206935,0.5388358258846281
36,1032.0,288.0,3.6591575037866972,2.439438335857798,2.3454989469651357,5.700715694127879,0.5436199676911093
36,1038.0,282.0,3.6407889299143905,2.427192619942927,2.643300513084703,5.006217032774239,0.5490375116856305
36,1044.0,276.0,3.6115217600215597,2.4076811733477066,2.357369536566671,5.902139094171607,0.5555759993007628
36,1050.0,270.0,3.675188012392893,2.4501253415952617,2.094400827648948,6.091465383286801,0.560062209721091
36,1056.0,264.0,3.576321504985482,2.384214336656988,2.368740600462566,5.786512416316873,0.5648414468563396
36,1062.0,258.0,3.5998813385970228,2.3999208923980153,2.11928083461236,4.5792475348568615,0.5722285170664396
36,1068.0,252.0,3.890339396414855,2.5935595976099033,2.2298617992478786,5.420292144328003,0.5774858555485243
36,1074.0,246.0,3.6290345767249343,2.4193563844832897,2.4205924478215124,4.507052733573225,0.5822468064375225
36,1080.0,240.0,3.7775579465589244,2.518371964372616,2.4128179383228376,4.902708916197268,0.5879187982716825
36,1086.0,234.0,3.6816875984317683,2.4544583989545123,1.8278831818480386,5.003065309512099,0.5916646965755584
36,1092.0,228.0,3.8239838931114267,2.549322595407618,2.0133545310196794,4.884121637212,0.5993192535406437
36,1098.0,222.0,3.8562143269165596,2.5708095512777063,2.6649026607802155,4.9388609297798025,0.6048570439355575
36,1104.0,216.0,3.8084295519311175,2.538953034620745,2.1575131826721967,4.880325035227284,0.6119411865620352
36,1110.0,210.0,3.814591995144402,2.543061330096268,1.8983224335855433,4.636907057875983,0.6169660082806894
36,1116.0,204.0,3.7777699705491634,2.5185133136994424,2.1919578187026874,3.9535202392917976,0.622923822146726
36,1122.0,198.0,3.781494801644772,2.5209965344298477,2.282816062534818,4.292439226239497,0.6276780695863117
36,1128.0,192.0,4.029527982312794,2.686351988208529,2.314473573899649,5.052206325799336,0.6309162469255626
36,1134.0,186.0,3.8117146057833495,2.541143070522233,1.9465243200164342,5.671035953776,0.6345851770011418
36,1140.0,180.0,4.0357914769649135,2.6905276513099423,2.180012460657256,3.8662345121542794,0.6384947095788502
36,1146.0,174.0,4.003479091431837,2.6689860609545577,2.1467242362398595,4.521866856773758,0.6437982711983252
36,1152.0,168.0,3.8343940090209374,2.556262672680625,2.0157300456658014,5.094099227560115,0.6482933551421545
36,1158.0,162.0,3.8028357830703357,2.5352238553802238,2.376719677226253,4.094399878366232,0.65215326386066
36,1164.0,156.0,3.7563383108141988,2.5042255405427993,1.9924002292203564,3.9696086848209404,0.6567171924877402
36,1170.0,150.0,3.93962166514611,2.62641444343074,2.1127540481486142,4.6093505287769325,0.6624193863704891
36,1176.0,144.0,3.916509647585253,2.611006431723502,2.2969125001318753,5.063828054275567,0.6697500923293127
36,1182.0,138.0,4.07467006607377,2.7164467107158465,2.023071011315686,3.7316043593947503,0.6778860076014237
36,1188.0,132.0,3.972311170414619,2.648207446943079,2.2986889261257852,4.503069778574662,0.6818114513172363
36,1194.0,126.0,4.099153174609303,2.732768783072869,2.028489469939291,4.545857062516801,0.6881354617624283
36,1200.0,120.0,4.030504884754813,2.6870032565032087,1.5623181084789857,4.918215979588933,0.6937515066487128
36,1206.0,114.0,3.9282640425986894,2.618842695065793,1.8859912131394385,3.8875462727715027,0.6987435302604444
36,1212.0,108.0,4.148482811154355,2.7656552074362364,2.320601887644562,4.423897839220795,0.7042310610091723
36,1218.0,102.0,4.276402801635467,2.8509352010903117,1.9265282598846887,4.240130574490355,0.7090253946728744
36,1224.0,96.0,4.173060601429754,2.7820404009531696,2.338014373417975,4.3652454087835455,0.7159979334364929
36,1230.0,90.0,4.079470848584554,2.7196472323897027,1.9271832537981304,4.123592037387044,0.718866666046699
36,1236.0,84.0,4.096725344681432,2.7311502297876213,1.980646207798411,4.635943733521738,0.724504364334621
36,1242.0,78.0,3.9072761546771297,2.604850769784753,2.290338136139896,4.5612202360922325,0.7287578409991581
36,1248.0,72.0,4.127029785250222,2.7513531901668142,1.91248484485599,3.3203281805042817,0.7340724801801608
36,1254.0,66.0,4.1868575912991135,2.791238394199409,1.8234189781270365,3.5873013299227066,0.7396108062873051
36,1260.0,60.0,4.184625130204866,2.789750086803244,1.8761343508590995,4.536893602095801,0.7443244965030846
36,1266.0,54.0,4.16644306349518,2.7776287089967866,1.8887635793482611,4.240240139397996,0.7503440942178617
36,1272.0,48.0,4.157318836176366,2.7715458907842443,2.0100476322596412,3.915998066474953,0.7545269180378029
36,1278.0,42.0,4.368199064655723,2.912132709770482,2.006144512056224,4.020467177535258,0.7622916613709141
36,1284.0,36.0,4.205572215626484,2.803714810417656,1.6702913257785856,4.7850833746479875,0.7687325823156815
36,1290.0,30.0,4.153809528900107,2.769206352600071,1.7622439251962687,3.9146184038391074,0.7763331153523279
36,1296.0,24.0,4.312463863369338,2.874975908912892,1.8887986498652158,4.316672520986603,0.7808928387194888
36,1302.0,18.0,4.256588472087083,2.8377256480580555,1.9915162119347032,4.682839256446008,0.7853223273048497
36,1308.0,12.0,4.344091442829383,2.896060961886255,2.1633723453935576,3.8777884699325313,0.7918054117164781
36,1314.0,6.0,4.264175906142523,2.8427839374283486,1.6746997756627584,3.309647146340965,0.799630764025542
36,1320.0,0.0,4.382254240423923,2.921502826949282,1.852056936293398,4.0878383879427584,0.8060273610916884
37,0.0,996.0,2.70304569867056,1.8020304657803734,1.888787224078631,3.358759384969198,0.002333981153039957
37,6.0,990.0,2.624642027512839,1.749761351675226,1.4920560987869773,3.434374423193749,0.00603749894233769
37,12.0,984.0,2.933286745480845,1.9555244969872299,1.7908592266773897,3.4941796755139576,0.011235376598193552
37,18.0,978.0,2.892976340994211,1.9286508939961406,1.5531023531398032,4.364828081057714,0.015598929650003354
37,24.0,972.0,2.6645995549814105,1.7763997033209404,1.9690482598416938,3.8908178908259217,0.018780966531464653
37,30.0,966.0,2.6437181392540885,1.7624787595027256,1.849442552616602,4.279209094594024,0.020893251917790946
37,36.0,960.0,2.9832146576349943,1.9888097717566628,2.14448923707939,3.8565332135794006,0.024471707518080234
37,42.0,954.0,2.796717624744391,1.8644784164962607,2.21370553211558,3.45091420452649,0.027011805905845003
37,48.0,948.0,2.6967501734190695,1.7978334489460464,2.3129754764828627,4.614593961404452,0.02817717253821801
37,54.0,942.0,2.9231857418986897,1.9487904945991266,2.072131660214406,4.884909572410179,0.031891641111881974
37,60.0,936.0,2.7534640034626356,1.8356426689750904,2.355284228392563,5.984285215344684,0.03532504748233093
37,66.0,930.0,2.8438468898752545,1.895897926583503,1.977525482529587,5.168461243195711,0.038431516063624716
37,72.0,924.0,2.8622173039822214,1.9081448693214809,2.203809980787538,4.967799372413853,0.04104071963197696
37,78.0,918.0,3.0688436509907775,2.045895767327185,2.513096684003587,5.66267154991894,0.044226089900773174
37,84.0,912.0,2.7678638454536992,1.8452425636357994,2.4927856443396763,4.6963378603344506,0.04678510078914258
37,90.0,906.0,3.029558378615182,2.0197055857434547,2.6627713586520527,5.6605065561384995,0.052688211848734574
37,96.0,900.0,2.837814166186164,1.8918761107907762,2.5822942654373073,5.217305653009832,0.05497736599329783
37,102.0,894.0,2.7053945151346515,1.803596343423101,2.46266951415453,5.2513708631319505,0.05695205378259307
37,108.0,888.0,2.6804996048344174,1.7869997365562782,2.3966270498906983,6.720091671227367,0.060397216433090976
37,114.0,882.0,2.831722837151167,1.8878152247674447,2.4189429658692756,5.264688522492007,0.0646566408457656
37,120.0,876.0,2.803922573879158,1.8692817159194386,2.5341785723081918,6.191546719883729,0.06834935054917654
37,126.0,870.0,2.548466654834692,1.6989777698897948,2.5457245851117736,6.310642245702781,0.07119163683360545
37,132.0,864.0,2.8600978839721587,1.9067319226481059,2.581284439574032,6.950371338353573,0.07517875517268918
37,138.0,858.0,2.9094074255248996,1.939604950349933,2.73442662198032,5.467339789992103,0.08024991428195175
37,144.0,852.0,2.799871121212079,1.8665807474747194,3.160105954425764,6.064453010855677,0.0844449872545445
37,150.0,846.0,2.9858604102915582,1.990573606861039,3.0984237412793836,6.602452040570589,0.08837963561112132
37,156.0,840.0,2.915456235276934,1.9436374901846227,3.0892378644955882,6.2460443120061635,0.09213192822799882
37,162.0,834.0,2.9089184002055926,1.939278933470395,3.1191695230216676,6.494047631256668,0.09630281079628915
37,168.0,828.0,2.7638940467184643,1.8425960311456429,3.0246039640298883,5.694150838060267,0.09981455705723546
37,174.0,822.0,2.862243720173175,1.9081624801154502,2.9966960247137244,7.19711431035728,0.10265074692342134
37,180.0,816.0,2.7536592831055886,1.8357728554037258,3.408411672304153,6.47476951540314,0.10628979511882168
37,186.0,810.0,2.7474149716487632,1.8316099810991755,2.9540670599448946,6.994913035050116,0.10923337018549435
37,192.0,804.0,2.8594700041263557,1.906313336084237,3.132913811752638,7.418697961674758,0.11286653834257568
37,198.0,798.0,2.9429556897619658,1.9619704598413106,3.0961518508510046,6.996792621695915,0.11498125319080746
37,204.0,792.0,2.7865986436782575,1.8577324291188384,2.6318745750412877,5.8264192972272335,0.11839654452443481
37,210.0,786.0,2.906931397149177,1.9379542647661179,3.235606290444633,7.084546522719563,0.12337697169941399
37,216.0,780.0,2.8016003813514625,1.8677335875676417,3.4001551658638087,5.293417258824645,0.12524019319228835
37,222.0,774.0,2.9047737094335524,1.9365158062890349,3.0644968868709013,5.95782153687921,0.1277808158899519
37,228.0,768.0,2.870709108810804,1.9138060725405361,3.509113865098503,7.09955029840975,0.1315635297783005
37,234.0,762.0,2.8941758728380527,1.929450581892035,2.639910161150539,6.65344626170228,0.13490703376347069
37,240.0,756.0,3.157110173622376,2.1047401157482506,3.1466919741991406,7.864935788732042,0.14143540042128133
37,246.0,750.0,3.1206439447325716,2.080429296488381,3.5445942632732073,7.085396100961532,0.1455380885366295
37,252.0,744.0,2.6172185814024624,1.7448123876016417,3.4918587670139174,6.39376284446666,0.14869680875410948
37,258.0,738.0,2.875760448775309,1.9171736325168727,3.4709320718060135,8.26499350638347,0.15210379080687036
37,264.0,732.0,2.749009267216147,1.8326728448107648,3.4516129465680945,7.244873293713053,0.15560109835893612
37,270.0,726.0,2.9163029319326976,1.9442019546217983,3.372868687650763,7.327618586370492,0.16024616703499953
37,276.0,720.0,2.972192541456394,1.9814616943042627,3.5466403185001085,6.733488955874967,0.16510181609677563
37,282.0,714.0,2.5489174473261067,1.6992782982174044,3.1691526450320167,7.614157442593182,0.16773714754457897
37,288.0,708.0,2.765880128411326,1.8439200856075508,3.0511722621899304,7.301761859916999,0.1717271320077136
37,294.0,702.0,2.941430439924693,1.960953626616462,3.5117015871025914,6.565605476372513,0.17617918869652058
37,300.0,696.0,2.8646043950130866,1.9097362633420578,3.134090606022406,6.972442921832891,0.1799159554668128
37,306.0,690.0,2.8871697862517176,1.924779857501145,3.143116808164696,7.671483538568414,0.18543558398114124
37,312.0,684.0,2.808322870037671,1.8722152466917805,3.4157294175160735,7.52356628169751,0.18794395673721184
37,318.0,678.0,2.9181871062867892,1.9454580708578595,3.3675450703808982,7.551240838127801,0.19194856456711884
37,324.0,672.0,2.896250804488148,1.9308338696587652,3.043433782640123,6.952507153345943,0.19529397178014812
37,330.0,666.0,3.0162486434249303,2.0108324289499535,3.2431644006944924,7.474200522787198,0.19807684348594665
37,336.0,660.0,3.0958249376405447,2.063883291760363,3.5357518407828676,8.102693033052194,0.20259952091754216
37,342.0,654.0,2.974109276501105,1.9827395176674034,3.660497624626627,7.713935049112686,0.20635685484753336
37,348.0,648.0,3.0755262901751195,2.050350860116746,3.4232352221301596,7.594825391935263,0.2107870377995247
37,354.0,642.0,3.0063639476552018,2.0042426317701345,3.223734486769112,7.077410221992766,0.21357050043353656
37,360.0,636.0,3.112200416536808,2.0748002776912053,3.9261202217929814,7.06515022716554,0.21778551715908165
37,366.0,630.0,2.8907976017072268,1.927198401138151,3.362248176067492,7.2784998709381155,0.22034178164696108
37,372.0,624.0,3.090788580813559,2.0605257205423726,3.3067714807904034,6.913530959604659,0.22539477711587708
37,378.0,618.0,3.0615945813173555,2.04106305421157,3.305757590472645,6.848980173291141,0.22790418203825946
37,384.0,612.0,3.0302323558634416,2.0201549039089612,3.3474868499853803,7.3640228164385535,0.2343271171709543
37,390.0,606.0,2.956878118330045,1.9712520788866967,3.2885873925531843,7.351945752066799,0.23697589606900696
37,396.0,600.0,2.9486405024561826,1.9657603349707884,3.5879601130440313,7.655644183891715,0.24048279026991756
37,402.0,594.0,3.3304843254029817,2.220322883601988,3.110581117142044,6.650243014806893,0.2460041427743409
37,408.0,588.0,2.831608243076944,1.8877388287179626,3.4918512082269015,6.625971793260188,0.24824865978985772
37,414.0,582.0,3.0366415477207966,2.024427698480531,3.6796519553822744,6.830402886968918,0.2521910417937063
37,420.0,576.0,2.9918254453649746,1.994550296909983,3.3718324212365256,7.429463031563682,0.2578895640150001
37,426.0,570.0,3.1107368623477982,2.073824574898532,2.9202930020011886,7.492510963652308,0.26170658343211534
37,432.0,564.0,3.022311067821956,2.014874045214637,3.1746709991929514,7.467302671469978,0.2656042399063406
37,438.0,558.0,2.935621294817987,1.9570808632119914,2.7704611797706598,7.159381167246168,0.26967144448658226
37,444.0,552.0,2.981545634630149,1.9876970897534327,3.2605684563292736,6.969424522034824,0.27201659644275306
37,450.0,546.0,3.1537904483444494,2.102526965562966,3.0432719894860436,7.359723949560429,0.2761223738053959
37,456.0,540.0,3.154645682966033,2.1030971219773553,3.2197959682706117,7.796476464469742,0.2809053723433339
37,462.0,534.0,3.171367787241337,2.114245191494225,2.9335169226340687,6.0395880616910915,0.2845234448245606
37,468.0,528.0,3.0244418768036256,2.0162945845357503,3.277622010433857,7.345652145675501,0.28843164466003607
37,474.0,522.0,3.2439007748337056,2.1626005165558038,3.353494921537631,6.607097192359722,0.29362416174366796
37,480.0,516.0,3.201382499322134,2.1342549995480895,2.995964088391446,7.480403579488479,0.297285442289411
37,486.0,510.0,3.224038981148317,2.149359320765545,3.1274587735374855,6.481585889309177,0.30296929533642014
37,492.0,504.0,3.230776054455521,2.1538507029703475,3.0445146531123157,6.104319500142639,0.307734655238367
37,498.0,498.0,3.0785842431982178,2.0523894954654787,2.9359671676631325,7.527865923000336,0.31313889379824045
37,504.0,492.0,3.050984769200221,2.0339898461334807,3.0416536534183307,6.65789356268645,0.3173573432433908
37,510.0,486.0,2.981801950104413,1.9878679667362753,2.842555010570305,7.177646995104224,0.32093930421535083
37,516.0,480.0,3.2693099102017054,2.1795399401344704,3.2905601053623066,6.503335273950349,0.3246299777981941
37,522.0,474.0,3.3048861137486,2.2032574091657335,3.283350139204961,7.360396751088896,0.33138775398075493
37,528.0,468.0,3.3094237009007346,2.2062824672671564,3.1260263846031804,6.947166961532284,0.3345504058067432
37,534.0,462.0,3.125363960062334,2.0835759733748893,3.3541461751809627,7.712074478452172,0.3392919394591876
37,540.0,456.0,3.312794647799023,2.2085297651993487,3.022786136375236,6.797938520565682,0.3435755319500908
37,546.0,450.0,3.2848303170177893,2.1898868780118597,3.01411292291551,5.892577425964826,0.3496561808690871
37,552.0,444.0,2.9675225837518013,1.9783483891678675,2.7694164316209404,7.253632891079234,0.3523583857832159
37,558.0,438.0,3.2880166832452273,2.192011122163485,3.067149672278614,6.681594971030707,0.3591481745857987
37,564.0,432.0,3.324848237213447,2.2165654914756314,2.8253761324025106,6.03643351529507,0.3634084154278591
37,570.0,426.0,3.1580460152646292,2.1053640101764195,2.931892064451803,6.489421593266405,0.3663836466095679
37,576.0,420.0,3.2956684088321024,2.197112272554735,2.915514016440937,6.328282906943836,0.37105760311614255
37,582.0,414.0,3.1264935125342403,2.08432900835616,2.6332432639812153,5.922902050943758,0.3759607800280116
37,588.0,408.0,3.3175305611807793,2.211687040787186,2.9978181203270218,6.351690168830112,0.3792888172229414
37,594.0,402.0,3.120939474234571,2.0806263161563807,2.9084120568077316,6.516763687880995,0.38501678796748934
37,600.0,396.0,3.3419049847027877,2.227936656468525,2.4764125455185515,6.639855856939941,0.3924492860481682
37,606.0,390.0,3.348468029525892,2.232312019683928,2.955358114837814,5.574150125285266,0.39746104473962296
37,612.0,384.0,3.361447780005831,2.240965186670554,3.26599108753213,6.613774295633525,0.40391522607997354
37,618.0,378.0,3.305899138622358,2.2039327590815723,2.386967030472785,6.263328242822555,0.4076868493498696
37,624.0,372.0,3.4818292059815064,2.3212194706543374,2.5533107306537617,6.440538823893182,0.41395266854816865
37,630.0,366.0,3.238666642100978,2.1591110947339853,2.7252036807015547,6.111286114974523,0.4189827901753015
37,636.0,360.0,3.4595678661719376,2.3063785774479584,2.968165252777069,6.024888200764414,0.4252480672250528
37,642.0,354.0,3.3733662004640306,2.248910800309354,2.7621282199917037,6.4419942474861935,0.43121888653881
37,648.0,348.0,3.4156401553625457,2.277093436908364,2.9430671314771732,5.773719023592706,0.43712451624694176
37,654.0,342.0,3.342225370999684,2.2281502473331227,2.807433217681282,5.6010291732537025,0.44121621586444343
37,660.0,336.0,3.2782004057119214,2.185466937141281,2.711635611409569,4.989934084277923,0.44602297303326627
37,666.0,330.0,3.2188113690216458,2.1458742460144307,2.547061991127695,5.295547242309011,0.4494524933184016
37,672.0,324.0,3.5110926493092123,2.340728432872808,2.8059388906666842,6.565478333660627,0.45517100928371285
37,678.0,318.0,3.4091400824021822,2.272760054934788,2.3575126530106303,5.146969485136686,0.45640292885637396
37,684.0,312.0,3.3460148528106695,2.230676568540446,2.54998427350809,5.678266342746715,0.4605438321755486
37,690.0,306.0,3.530788201724699,2.353858801149799,3.0390050076248847,5.68245586175657,0.46712082596169435
37,696.0,300.0,3.5704145892521866,2.380276392834791,2.6222562283488022,6.51302718718523,0.47345877255452895
37,702.0,294.0,3.56671996517032,2.3778133101135466,2.5080689817885022,5.6998586659000585,0.479523427907687
37,708.0,288.0,3.435209859599944,2.2901399063999626,2.7126449044069356,5.140103545961778,0.4860269871395706
37,714.0,282.0,3.4686483078090973,2.312432205206065,2.560340263982791,4.899587616846355,0.4886959950363504
37,720.0,276.0,3.5395187128190204,2.359679141879347,2.4315741033567004,5.440157948385086,0.49498428933901834
37,726.0,270.0,3.4673541612468717,2.311569440831248,2.512270062917756,5.569075940171529,0.4999653353125299
37,732.0,264.0,3.4308166934969218,2.287211128997948,2.2104325799945856,5.80320317592094,0.5049413556227426
37,738.0,258.0,3.5640387755214915,2.376025850347661,2.447413652546789,4.844011268322786,0.5087185695184924
37,744.0,252.0,3.463953348998596,2.3093022326657304,2.2819411057896937,6.022512399445359,0.5136901823261124
37,750.0,246.0,3.503853473378736,2.335902315585824,2.6186221570981107,5.575648856962599,0.5164566563375633
37,756.0,240.0,3.603429514921953,2.4022863432813018,2.8540168363150626,5.862884545444522,0.521392821518761
37,762.0,234.0,3.4077295976167963,2.271819731744531,2.6618434404638656,5.4650467070202815,0.5290900346044325
37,768.0,228.0,3.777574805415681,2.518383203610454,2.533698325928319,4.949405942777887,0.5388178752341671
37,774.0,222.0,3.679120088817163,2.4527467258781086,2.3282456266123104,5.040989010952892,0.5442177494602862
37,780.0,216.0,3.5953679579359656,2.3969119719573104,1.9681933676154881,4.854168832650576,0.5517151069073158
37,786.0,210.0,3.608193707933212,2.4054624719554747,2.151935020642282,5.497870316151254,0.5589177749563783
37,792.0,204.0,3.59910559156355,2.3994037277090334,2.455462679766793,5.006982248293365,0.5636776522239785
37,798.0,198.0,3.782613525242598,2.5217423501617318,1.9764706411387232,5.688996759046125,0.5700498849038127
37,804.0,192.0,3.6041351431067254,2.4027567620711503,2.1469630863485576,3.3699609746347123,0.5743062730261203
37,810.0,186.0,3.710554126406362,2.4737027509375746,2.5228574128074825,4.4232029261922925,0.5817422989480211
37,816.0,180.0,3.771928680215964,2.514619120143976,2.088487855417629,5.651076753067475,0.5906878574319088
37,822.0,174.0,3.566033894620353,2.377355929746902,2.2786413812150412,4.963482874090641,0.598666780103589
37,828.0,168.0,3.7466512668287972,2.497767511219198,1.9066277440555788,5.071805523386525,0.605033462604122
37,834.0,162.0,3.6679550906752074,2.4453033937834716,2.226932008740877,4.9906004352033415,0.6083054230812465
37,840.0,156.0,3.9151283636799863,2.6100855757866577,2.1456373065873446,4.048436769675355,0.6124822170135754
37,846.0,150.0,3.89700461791728,2.59800307861152,2.148278496578875,4.526126635125609,0.6207782028041455
37,852.0,144.0,3.9198354959946484,2.613223663996432,2.113866874967384,5.454067827047739,0.6257316459030339
37,858.0,138.0,3.8595965839270603,2.5730643892847067,2.4912670971526394,4.337539035975557,0.6345020494513667
37,864.0,132.0,3.9098159168944826,2.606543944596322,2.480888577544952,4.482083728544215,0.6414169755369902
37,870.0,126.0,3.813974647301763,2.542649764867842,2.448268751854056,4.741821078952878,0.6477224168700816
37,876.0,120.0,4.013861478857985,2.67590765257199,2.2624836036801312,4.145290833930435,0.6560980194715366
37,882.0,114.0,3.994379388000365,2.6629195920002435,2.045242977604142,3.925545731404316,0.6638630120248675
37,888.0,108.0,4.064722783336492,2.7098151888909947,2.156587752841329,5.120312844982276,0.6721608302638421
37,894.0,102.0,4.072304230875781,2.7148694872505206,1.992000594219938,4.422035149049563,0.6794852170330111
37,900.0,96.0,4.1153717636705425,2.7435811757803616,2.2562652541292785,3.9667823845723156,0.686742003198275
37,906.0,90.0,3.914039923089504,2.609359948726336,2.133515600558659,4.855571361298523,0.6920665111338534
37,912.0,84.0,3.9840387496754217,2.656025833116948,1.9317032368452072,4.391528184122248,0.6981888883200231
37,918.0,78.0,4.05782900261633,2.7052193350775533,1.9153600140168388,3.4741661529723196,0.7041203437035286
37,924.0,72.0,3.91819996845083,2.6121333123005535,1.9463028311391761,3.0,0.70916439572415
37,930.0,66.0,4.124988876380283,2.749992584253522,2.2411275170585157,3.6623908751662686,0.714726756293585
37,936.0,60.0,4.0377092934747445,2.69180619564983,1.980448498990277,3.7319958242192306,0.7231558905352501
37,942.0,54.0,4.110647082550559,2.7404313883670395,1.8395835029891552,4.053083185537141,0.7289540556506209
37,948.0,48.0,3.9676148070409702,2.6450765380273134,2.3949413919626417,4.853579353131149,0.7356461301173342
37,954.0,42.0,4.289800793079995,2.8598671953866632,2.151947184950025,3.0,0.7403306127704791
37,960.0,36.0,4.081817661665466,2.7212117744436437,1.744504532991744,4.250299524504068,0.7453293353275445
37,966.0,30.0,4.289380286259997,2.8595868575066645,1.861973589176254,3.0,0.7532011250246996
37,972.0,24.0,3.9923779173058533,2.6615852782039022,1.9448380195033672,4.4195704043336415,0.7614589328452339
37,978.0,18.0,4.3230513887938855,2.882034259195924,1.5126861671493075,4.164051955907281,0.7696367115351781
37,984.0,12.0,4.206518369846139,2.8043455798974257,1.806205598185176,3.269774183938065,0.7804240215463792
37,990.0,6.0,4.407379872325874,2.9382532482172494,1.6188079066318617,3.8149395912429087,0.7883100747578161
37,996.0,0.0,4.428427197681694,2.9522847984544627,1.9232014450675126,3.7720388799097746,0.8010344271091604
38,0.0,1404.0,2.848651179579216,1.8991007863861442,1.4466149208451633,3.0,0.0031114976154128417
38,6.0,1398.0,2.7564997479839977,1.8376664986559985,1.86616786431171,3.0,0.004637590595209285
38,12.0,1392.0,2.5763709200449085,1.7175806133632723,1.6170919878264725,3.3271865631776847,0.006428273225152562
38,18.0,1386.0,2.9159961733958886,1.9439974489305925,1.6609320851141431,4.1173070023563,0.008794103100148982
38,24.0,1380.0,2.80263223615682,1.8684214907712133,2.1000581839917554,3.8042458270542503,0.01190169592417132
38,30.0,1374.0,2.592641117082043,1.7284274113880287,1.8882882810083064,3.8591693901778994,0.013738967690471404
38,36.0,1368.0,2.700636751441581,1.8004245009610542,1.5312724829871849,4.0947800176143,0.014894950485104294
38,42.0,1362.0,2.6844053547816826,1.789603569854455,1.8411981533591835,4.292470691506603,0.01636870658709824
38,48.0,1356.0,2.637663196173482,1.7584421307823215,2.1753868033607593,3.625760551064679,0.018897302929899912
38,54.0,1350.0,2.734460360419873,1.8229735736132486,1.870089222053719,4.319771876479248,0.020393214567348147
38,60.0,1344.0,2.8223258422359434,1.881550561490629,2.321720803380264,4.161236021794753,0.022101363816670293
38,66.0,1338.0,2.5287529226988186,1.6858352817992124,2.074714053740302,4.862755120818366,0.024866457832706846
38,72.0,1332.0,2.873936476703485,1.9159576511356569,1.7594196461159672,4.562131536658717,0.026395675354608274
38,78.0,1326.0,2.9458958333810843,1.9639305555873896,1.9949821175983051,5.0506858388518685,0.02906591031587854
38,84.0,1320.0,2.874524744843012,1.9163498298953412,2.1430919945509754,4.90271250495655,0.03237806890370563
38,90.0,1314.0,2.6438978592200413,1.7625985728133609,2.4849057277973365,4.6239455003979,0.034716247821959145
38,96.0,1308.0,2.949081690202696,1.9660544601351306,2.348667097121578,4.110240558695139,0.03769059731802215
38,102.0,1302.0,2.732910615849598,1.8219404105663985,2.1174759908283214,5.594347483171556,0.040882983511445044
38,108.0,1296.0,2.763212857009127,1.8421419046727514,2.256839855092633,4.246420006577894,0.04290213591786636
38,114.0,1290.0,2.788680251717711,1.8591201678118072,2.1772109066676535,4.907209826176772,0.04464486704752342
38,120.0,1284.0,2.7973551572751676,1.864903438183445,2.4025433435361396,4.831917267908869,0.046267410315607924
38,126.0,1278.0,2.6400575195529488,1.7600383463686324,2.447097849650451,5.363448163823862,0.04949554863089405
38,132.0,1272.0,2.7100968048587832,1.806731203239189,2.332926104681538,5.463609939901221,0.05066986009065914
38,138.0,1266.0,2.6595247399377775,1.7730164932918517,2.5903054684040496,6.116765799062272,0.05267547191815771
38,144.0,1260.0,2.6625282764315052,1.7750188509543368,2.4677683917896607,6.410491679289013,0.054529834618936714
38,150.0,1254.0,2.8116238873342203,1.8744159248894803,2.652799369638431,5.208010504865055,0.05636513129265427
38,156.0,1248.0,2.7428227835981356,1.828548522398757,2.7785862662403154,5.746663307089574,0.058706433717013236
38,162.0,1242.0,2.940642661741527,1.960428441161018,2.5625784416737614,5.442003838301383,0.06011629241705723
38,168.0,1236.0,2.7744723142259238,1.8496482094839493,2.6008412787793023,6.064244190214775,0.06282667630963865
38,174.0,1230.0,2.9616672930979258,1.974444862065284,2.4809455804006126,5.947088388109023,0.06602796241151504
38,180.0,1224.0,2.7766258676883164,1.8510839117922109,2.5978795108814436,5.780328315166837,0.06836405687049961
38,186.0,1218.0,2.8381033715644564,1.8920689143763043,2.76748859185477,4.975523505922442,0.0706746216798597
38,192.0,1212.0,2.7844686322740393,1.8563124215160263,2.687849520362036,5.234955583395959,0.07285154283277306
38,198.0,1206.0,2.5683400578142317,1.7122267052094877,2.955034115463062,6.574436706903031,0.07512926452911918
38,204.0,1200.0,3.0639451443237937,2.0426300962158623,2.918484580460481,6.441623472241511,0.07804861404139025
38,210.0,1194.0,2.9331944078882306,1.9554629385921538,2.912949108547082,6.779289758705286,0.07986847567259855
38,216.0,1188.0,2.661839000602165,1.7745593337347767,3.02835791503793,5.7930556917569715,0.08198858172026938
38,222.0,1182.0,3.060641865213097,2.0404279101420646,3.1015309630847145,6.3498429282372655,0.08458358715999555
38,228.0,1176.0,2.7534107738228046,1.8356071825485365,2.7132197707259897,6.12543208033044,0.08662858735848997
38,234.0,1170.0,2.827039374245086,1.8846929161633907,3.1248882041492156,6.2621848807141,0.08846261014846554
38,240.0,1164.0,2.722304299628201,1.8148695330854674,2.980064868751751,6.824126753323528,0.09033076145427427
38,246.0,1158.0,2.758976003799218,1.8393173358661452,2.7754792804730752,6.44300603947783,0.09189149658684848
38,252.0,1152.0,2.9758612533556983,1.9839075022371322,2.6449448228749644,6.709783125714174,0.09553390967297987
38,258.0,1146.0,2.938789235221913,1.9591928234812752,2.544051365451848,5.827382835916918,0.09795595762444605
38,264.0,1140.0,2.857693688731926,1.905129125821284,2.8824117596234067,6.251680357203443,0.10054411402388516
38,270.0,1134.0,2.905561731019522,1.9370411540130146,2.991564851150257,6.429408926125813,0.10359099248154266
38,276.0,1128.0,2.8116062644223097,1.8744041762815398,3.020889367862306,6.541546692582968,0.10648701951033636
38,282.0,1122.0,2.9369988410835814,1.9579992273890543,2.920189348134353,6.716551405510028,0.10775227297245257
38,288.0,1116.0,2.8287203368759957,1.8858135579173305,3.1529811851664005,6.771558632891702,0.11053270018309258
38,294.0,1110.0,2.8297959608785415,1.8865306405856943,3.1366484011496722,6.764211138759852,0.11330178670843284
38,300.0,1104.0,2.989764976305608,1.9931766508704054,3.300229880620791,8.17362464771005,0.11715756010350102
38,306.0,1098.0,2.8228376099169195,1.881891739944613,3.152331569096646,6.897429192609971,0.12016055311484616
38,312.0,1092.0,3.019921422620036,2.013280948413357,3.3757368712040297,7.451673351979199,0.12305866269275817
38,318.0,1086.0,2.895122784022367,1.9300818560149111,3.2835777793308716,7.388152923267341,0.12531954621631222
38,324.0,1080.0,2.737017001639518,1.8246780010930121,3.3585708484140664,7.808877570990069,0.12804828229693696
38,330.0,1074.0,2.798018662382002,1.8653457749213347,3.532579658294903,7.545152932378275,0.1302066494299691
38,336.0,1068.0,2.8917985050413084,1.927865670027539,3.15028465673813,6.679709359999833,0.13263045573825566
38,342.0,1062.0,2.815269488213375,1.8768463254755832,2.7490075002592134,7.100039318581877,0.1348574714255407
38,348.0,1056.0,2.816321657940487,1.8775477719603246,3.5397207730337636,6.587522177748401,0.13626201286799824
38,354.0,1050.0,2.6157718101958447,1.7438478734638965,3.2744039840927748,7.242419915688909,0.1388606231761716
38,360.0,1044.0,2.8704707254368076,1.9136471502912051,3.479784164484235,7.368857531414504,0.1407165076560456
38,366.0,1038.0,2.9254692770222013,1.9503128513481343,2.769110109127207,7.174508276830829,0.14280851943639095
38,372.0,1032.0,2.810170499674544,1.8734469997830292,3.0046682143448415,6.940259823633601,0.1449221139628367
38,378.0,1026.0,2.674775256675673,1.7831835044504487,3.3762531092371417,7.562985910504747,0.14641169338277082
38,384.0,1020.0,2.928908957890841,1.9526059719272275,3.619397897294085,7.737751417691199,0.14898332373911335
38,390.0,1014.0,2.9234700267334377,1.9489800178222918,2.9677537701461514,7.122724709670465,0.1520845065100598
38,396.0,1008.0,2.9058621204243837,1.937241413616256,3.452189186680256,6.78876569150213,0.15397683865980802
38,402.0,1002.0,2.8373321013916044,1.8915547342610697,3.51277982856275,8.358079692500308,0.15636290558940882
38,408.0,996.0,2.889201978673576,1.9261346524490506,3.3877448527432796,7.153009822340028,0.15950111369084743
38,414.0,990.0,2.999907911473772,1.9999386076491812,3.109194074698874,7.190791707836604,0.16132351263126676
38,420.0,984.0,3.024989702237873,2.0166598014919153,3.259394136983468,8.195903569426298,0.16429458117299328
38,426.0,978.0,2.7904372823574657,1.8602915215716438,2.975560419749942,7.653421452421183,0.16699048422886953
38,432.0,972.0,2.8892300545215135,1.926153369681009,3.1249531986664514,7.401551173218022,0.1697804144382175
38,438.0,966.0,3.0516223945086303,2.0344149296724203,2.866301607008985,6.947625759423182,0.17302217487405414
38,444.0,960.0,2.8571600617052955,1.904773374470197,3.4804090927626627,7.121632581232259,0.17547576467143133
38,450.0,954.0,2.969146810039856,1.9794312066932374,3.375471259295664,7.7438172083777586,0.17839571478556718
38,456.0,948.0,2.7341571374740825,1.8227714249827216,3.657283435827076,6.761515490710025,0.18159499851620933
38,462.0,942.0,2.939450933382207,1.959633955588138,3.3968780631906714,7.5488868077453954,0.18452699116910376
38,468.0,936.0,3.0194939119760917,2.0129959413173943,3.2478915891452482,7.611322222167493,0.18797983301481103
38,474.0,930.0,3.2673305019443073,2.1782203346295383,3.357134987479456,6.792596793050421,0.191167505677931
38,480.0,924.0,2.9534804355960893,1.9689869570640595,3.451392164854907,8.354487464265514,0.1943903382816872
38,486.0,918.0,3.132101315500008,2.088067543666672,3.48170256149194,6.9182211475607405,0.1979543990603972
38,492.0,912.0,2.8885084201165268,1.9256722800776844,3.4445798674182573,7.046547254035973,0.20096699635340015
38,498.0,906.0,3.035902911382828,2.023935274255219,3.3778833324152933,7.3698814144696705,0.20522960832011417
38,504.0,900.0,3.248833246407671,2.165888830938447,2.95064885287606,7.232442219130607,0.2084928494051556
38,510.0,894.0,3.002870141911219,2.0019134279408126,3.0482401231503027,7.59942095701944,0.21184682043073128
38,516.0,888.0,3.0949206601210206,2.0632804400806806,3.4457241032843005,6.1287951047075895,0.21521367457741036
38,522.0,882.0,2.9887839425082103,1.992522628338807,3.635961511971125,7.9567951610387535,0.21843728276332786
38,528.0,876.0,2.855911935209338,1.9039412901395585,3.3964270094287334,6.588596166337955,0.22039869290477745
38,534.0,870.0,2.929074497714351,1.9527163318095673,3.2981832881206397,8.08635270278782,0.22326431840662306
38,540.0,864.0,2.914820444258303,1.9432136295055351,3.396327921603877,7.551156044121622,0.22534307342629695
38,546.0,858.0,2.8237712421958356,1.8825141614638905,3.3156937245977587,7.997374720476231,0.22825896916535218
38,552.0,852.0,3.1902003641807233,2.126800242787149,2.972799148377004,7.696268680802563,0.23142946221004485
38,558.0,846.0,3.2578851737555548,2.17192344917037,3.2917152906550537,7.482520453516288,0.234681741007231
38,564.0,840.0,3.0532468536802666,2.035497902453511,3.545122801916708,7.581844282836821,0.23823150910815785
38,570.0,834.0,3.0784858079642947,2.0523238719761965,3.3207816109489174,7.654653256770465,0.24276400870190676
38,576.0,828.0,3.0598636968237503,2.0399091312158335,3.5559462947916463,7.041025865175358,0.24588661669594997
38,582.0,822.0,3.134103423558703,2.0894022823724687,3.173626238531011,7.1355394789681625,0.2493664812046879
38,588.0,816.0,2.8877851492960223,1.9251900995306814,3.2709429386750197,7.832359122781327,0.2528965986779839
38,594.0,810.0,3.1482285576694595,2.0988190384463064,2.804152155429007,7.171312179085132,0.25555907801075395
38,600.0,804.0,2.9245016022639003,1.9496677348426001,3.350572273477143,7.587536296713978,0.2591869668441496
38,606.0,798.0,3.1423252331407854,2.0948834887605234,3.266096429586629,7.835004970197665,0.26197392075091935
38,612.0,792.0,2.9836950384812138,1.9891300256541424,2.9477469663441522,8.08195135578073,0.26426507282127193
38,618.0,786.0,3.240235101886686,2.160156734591124,3.108106447435646,6.927309720741235,0.26860119330140536
38,624.0,780.0,2.9892060547912886,1.9928040365275257,3.3430839916801,7.79166642593524,0.27132819069429953
38,630.0,774.0,2.9969328693392825,1.9979552462261883,3.158891461827483,7.320539565049889,0.27360663048450473
38,636.0,768.0,3.0895348318170797,2.059689887878053,3.042617846823485,7.87788666473266,0.2759004948027185
38,642.0,762.0,2.861349036027913,1.9075660240186085,3.2183685666453914,7.927403019583321,0.2787019950948326
38,648.0,756.0,3.295258466290814,2.1968389775272095,3.0506625093798703,7.090768982805289,0.2812051655086298
38,654.0,750.0,3.044010247745087,2.0293401651633913,3.2792179956636733,7.330368562608564,0.2842652779774652
38,660.0,744.0,2.989756828211091,1.993171218807394,2.9766735562639965,6.868652964255848,0.2877055577783748
38,666.0,738.0,3.013474757847323,2.0089831718982154,3.303046819760986,6.203062431454821,0.2909971160783706
38,672.0,732.0,3.165301878704202,2.110201252469468,3.111651714362758,6.621838209308861,0.29369203838103003
38,678.0,726.0,3.2613349811604455,2.1742233207736303,2.8497462904033295,6.886999658540913,0.2974352217715276
38,684.0,720.0,2.8342925709770523,1.8895283806513683,3.308492248503559,6.333834552537538,0.3004247970332309
38,690.0,714.0,3.0632521288319228,2.0421680858879485,3.3229052195675073,6.783023614718858,0.30326953601302514
38,696.0,708.0,3.3007475622536084,2.200498374835739,3.0792603171368795,5.1087230771725665,0.3063173018160595
38,702.0,702.0,3.10593828998419,2.070625526656127,3.2276990292527814,7.2144806864841735,0.3089949077359643
38,708.0,696.0,3.121913616731878,2.0812757444879186,2.806977033014509,8.134389180672347,0.3116343080011226
38,714.0,690.0,3.153941520150293,2.1026276801001953,3.3833313538619207,6.987663471593282,0.31435708259230777
38,720.0,684.0,3.3001320073555083,2.200088004903672,3.4730388077994165,6.783095554313078,0.3173879008742652
38,726.0,678.0,3.3645059621887654,2.24300397479251,3.0426303785880533,6.750305309470145,0.32243754173302785
38,732.0,672.0,3.4153795332998125,2.2769196888665415,3.126132206835631,6.484951679856508,0.32429064069004454
38,738.0,666.0,3.146352600395112,2.097568400263408,3.2950828340363865,6.827379386708357,0.3277349270912384
38,744.0,660.0,3.0343052635548413,2.0228701757032277,3.0210586925227334,6.932318148728976,0.32937191154906176
38,750.0,654.0,3.281223001986493,2.187482001324329,3.2789695242310124,7.729667822776457,0.3309288987158654
38,756.0,648.0,3.1316583538169502,2.0877722358779667,2.974651389798795,7.156945413984248,0.3345353077659185
38,762.0,642.0,3.2997983802261883,2.199865586817459,3.190512934286125,7.32066289221239,0.3385350395934757
38,768.0,636.0,3.4617349676978013,2.307823311798534,3.1580634133060825,7.085486566852308,0.34282366275896725
38,774.0,630.0,3.2882165331041024,2.192144355402735,2.8722080971723414,7.395448371026449,0.3451395027774375
38,780.0,624.0,3.245541528249629,2.1636943521664196,3.1989698299263534,6.674438599507903,0.34788134942363363
38,786.0,618.0,3.287870713710389,2.1919138091402592,2.643188421937467,7.220493686147496,0.35246688412574534
38,792.0,612.0,3.426823761548821,2.2845491743658806,2.9161645409964385,6.212034203081122,0.3550544782828636
38,798.0,606.0,3.087545315696397,2.058363543797598,2.9627722361797977,6.914983911634853,0.35758776516774243
38,804.0,600.0,3.286459428760544,2.1909729525070296,3.081887523497025,6.92025109702746,0.36056001755625494
38,810.0,594.0,3.1868928749307845,2.1245952499538565,3.121630196704896,6.387940524917283,0.36302895869101304
38,816.0,588.0,3.3165180888089494,2.211012059205966,2.841779661828589,6.903093647325906,0.3661747405890404
38,822.0,582.0,3.2749203403166933,2.1832802268777955,3.223962897375703,6.691478389301644,0.36927916323630344
38,828.0,576.0,3.2527510403111766,2.1685006935407842,3.3283236350758867,5.9780553696206535,0.3722712295454402
38,834.0,570.0,3.2116402848316623,2.1410935232211084,2.8551509564817374,6.714215790186799,0.3748211136978488
38,840.0,564.0,3.1762027582775962,2.1174685055183975,2.687863673868447,5.530018983416352,0.3784095961906519
38,846.0,558.0,3.236119017938771,2.1574126786258474,2.8286416222381034,5.830462681371098,0.3810921773980541
38,852.0,552.0,3.2251826005648976,2.150121733709932,2.7698895037340723,5.995295260567802,0.38459011316825986
38,858.0,546.0,3.206203918146176,2.1374692787641174,3.0001296255031233,5.992208994919462,0.38730912052165006
38,864.0,540.0,3.4771025536855458,2.318068369123697,2.672542908579108,7.030177338252679,0.38951168529693186
38,870.0,534.0,3.2583101498059084,2.1722067665372724,2.8885550181567115,6.799110399326232,0.39349133909821393
38,876.0,528.0,3.3969609788926514,2.264640652595101,2.9783039098506596,6.15765827114943,0.3993925828422169
38,882.0,522.0,3.163766568325469,2.1091777122169795,3.315916087946916,6.0103440853792724,0.40417843611701293
38,888.0,516.0,3.4114398018315897,2.27429320122106,2.965275629368157,6.596034747372309,0.4071440936918552
38,894.0,510.0,3.242885219043676,2.1619234793624504,3.272498860667689,7.287579561464668,0.41056274937163323
38,900.0,504.0,3.2692276308543806,2.179485087236254,2.8270674796036617,5.71864950666081,0.4154956011402108
38,906.0,498.0,3.3950228309359374,2.2633485539572917,2.864659950397959,6.387373373351565,0.42144100464585427
38,912.0,492.0,3.380407127783567,2.253604751855711,2.5718972541099676,6.156559431727337,0.4244114690556287
38,918.0,486.0,3.4256626366220946,2.2837750910813965,2.643754568382984,5.641474861640823,0.4283461977699378
38,924.0,480.0,3.3487740016681604,2.232516001112107,2.7459773839925266,6.155811454538057,0.43083566106227716
38,930.0,474.0,3.4631049812672257,2.3087366541781504,2.939893484177095,6.123005766176224,0.43435094834253546
38,936.0,468.0,3.6108579187861816,2.407238612524121,2.8179190402271863,6.764140205731356,0.4410934886961682
38,942.0,462.0,3.5246107587484357,2.3497405058322904,2.87375323742898,5.987947998706386,0.4460534055240948
38,948.0,456.0,3.334868314807164,2.223245543204776,2.879422730149227,6.12823390109028,0.44894996647161206
38,954.0,450.0,3.3480731714159453,2.2320487809439635,2.8573290160624443,6.256570078953838,0.45321989949721486
38,960.0,444.0,3.247194533689921,2.1647963557932806,2.729536728529842,5.446800244158768,0.45731052594829646
38,966.0,438.0,3.425753350690438,2.2838355671269586,2.415360265250481,5.499066568855088,0.46040193506703403
38,972.0,432.0,3.6184752253509704,2.412316816900647,2.753495105212845,4.78431766352278,0.46521649943001725
38,978.0,426.0,3.302320131901345,2.2015467546008964,2.7239891182952665,6.233452586506658,0.468642686344485
38,984.0,420.0,3.320509159929875,2.2136727732865835,2.9133560307798394,6.5544868172840625,0.4731975069921514
38,990.0,414.0,3.40234247755642,2.2682283183709466,2.365465363814129,5.115990176032082,0.47807181026027756
38,996.0,408.0,3.441485640807606,2.294323760538404,2.4791141135724892,6.513299429355998,0.480503984658875
38,1002.0,402.0,3.3162894565597196,2.2108596377064798,2.4568628248727453,5.664056252994232,0.4842248019296302
38,1008.0,396.0,3.5112293636532157,2.3408195757688106,2.5815383458331254,6.300009095884258,0.48797739658549555
38,1014.0,390.0,3.672432328043873,2.4482882186959154,2.579962325761433,5.233977798985203,0.49300849808460584
38,1020.0,384.0,3.7190040678544625,2.4793360452363085,2.516419579288196,5.873427562206788,0.4972641426398064
38,1026.0,378.0,3.3779912834815398,2.2519941889876933,2.336505981484323,4.901142881904548,0.5000777475975915
38,1032.0,372.0,3.673996928724979,2.4493312858166525,2.7058418888432603,4.764819931455641,0.5032680878111362
38,1038.0,366.0,3.5301159846940116,2.353410656462674,2.86203856246653,5.389972772370181,0.5067071050804767
38,1044.0,360.0,3.4505540854737835,2.3003693903158555,2.1062383577041115,5.225278969458258,0.5123121701005601
38,1050.0,354.0,3.6023574617326144,2.4015716411550763,2.4033416871422335,5.690281226586078,0.5161046081941377
38,1056.0,348.0,3.58104662551953,2.38736441701302,2.3015014724045626,5.827522813053276,0.5202454711234229
38,1062.0,342.0,3.6707663757212505,2.447177583814167,2.4016993310840613,5.302101054405792,0.5235369674582634
38,1068.0,336.0,3.704567070998135,2.4697113806654234,2.583140684014726,5.016696501900502,0.5279204437812761
38,1074.0,330.0,3.5991951173123993,2.3994634115415994,2.475033605321985,5.431881053101453,0.53186151273061
38,1080.0,324.0,3.524945506429693,2.349963670953129,2.5080943435301988,6.269151618452867,0.5358976247041835
38,1086.0,318.0,3.6920034405655198,2.4613356270436797,2.446898300318836,4.561018261931585,0.5401360601060629
38,1092.0,312.0,3.6587165464503673,2.439144364300245,2.017609129082952,5.604563893959818,0.5432696791936565
38,1098.0,306.0,3.5556796064188148,2.3704530709458767,2.225951138565248,4.960410596748438,0.5469973055221058
38,1104.0,300.0,3.493519726143515,2.3290131507623433,2.1871634730962644,5.10297804645963,0.5483782460336191
38,1110.0,294.0,3.7186327416257816,2.4790884944171876,2.0960894094031115,5.3397551061641675,0.5522736264216095
38,1116.0,288.0,3.7741550988422516,2.5161033992281676,2.3055735712031247,5.246175549587213,0.5568365355881816
38,1122.0,282.0,3.611973021892139,2.4079820145947592,2.2362960541256456,3.8477982927648897,0.5614839268507569
38,1128.0,276.0,3.866355635106684,2.577570423404456,2.035997736450168,4.953847393776552,0.5689126565925245
38,1134.0,270.0,3.8349791275449663,2.556652751696644,2.056033866474852,4.357623212097971,0.5747595025418112
38,1140.0,264.0,3.6217401193293832,2.4144934128862556,2.5487914817973976,5.123115125327009,0.5787425306293876
38,1146.0,258.0,3.660076951800299,2.4400513012001994,2.5891895409885746,4.326073699284406,0.5829365198647966
38,1152.0,252.0,3.7864471166282363,2.5242980777521575,2.405801594535317,5.661884090607237,0.585869231486881
38,1158.0,246.0,3.7021546946721013,2.468103129781401,2.3775512623110453,4.870246642907136,0.5904543315736426
38,1164.0,240.0,3.759620944749725,2.5064139631664832,2.5589814985602333,5.518300562248682,0.5963276576900552
38,1170.0,234.0,3.6624333667348354,2.4416222444898903,2.305881636559856,4.969423181538393,0.6005415584329122
38,1176.0,228.0,3.744686948295671,2.4964579655304475,2.3542295073828505,5.130191948890092,0.6057487742409189
38,1182.0,222.0,3.914756894446208,2.6098379296308054,2.127323423786598,4.748310261115512,0.6099722404881586
38,1188.0,216.0,3.918671055986403,2.612447370657602,2.5980620001800903,4.887161736508885,0.6150795575961758
38,1194.0,210.0,3.880580719499828,2.5870538129998852,2.0514519437945005,4.75632140837726,0.6204317068209468
38,1200.0,204.0,3.858619581939739,2.5724130546264927,2.2374948143546853,4.255575873325762,0.6257257548929541
38,1206.0,198.0,3.9008250276735468,2.6005500184490313,2.2655144184011493,5.754649462259046,0.6285555191380009
38,1212.0,192.0,3.7519374488456037,2.5012916325637358,1.9230125641511349,4.473421536542258,0.631051705803245
38,1218.0,186.0,3.9203300094884734,2.6135533396589823,2.233932315760556,4.576784245002651,0.6378143319694077
38,1224.0,180.0,4.120350973496555,2.7469006489977033,2.233308952903932,3.428319364248725,0.6425904486997396
38,1230.0,174.0,4.048521672838441,2.6990144485589607,2.4125961788913535,4.535511229350332,0.6461118003183353
38,1236.0,168.0,3.890948569199157,2.593965712799438,2.074095400446385,4.726289529869965,0.6509413624413837
38,1242.0,162.0,3.881486742885328,2.5876578285902188,2.512838632873138,4.687644871442265,0.654079221210207
38,1248.0,156.0,3.863885834381932,2.5759238895879544,2.114402634056132,5.114284380190896,0.6581114157504134
38,1254.0,150.0,4.1020220118718695,2.734681341247913,1.9458339292605116,4.973405024909225,0.6620427818419197
38,1260.0,144.0,3.858377020874001,2.5722513472493342,1.8905595098361383,4.1272329664445255,0.6668963659688929
38,1266.0,138.0,3.7854347572086002,2.5236231714724,2.3335759993243217,4.847781368906029,0.6711507197035391
38,1272.0,132.0,4.083232269026906,2.7221548460179377,2.0283102934267756,4.115855500436785,0.6774532736790727
38,1278.0,126.0,4.046185402236991,2.6974569348246606,2.0970106136739037,3.733355724543113,0.6847396224321756
38,1284.0,120.0,3.890810364958844,2.5938735766392296,1.8127865126352594,5.0910266627479475,0.6873995250150702
38,1290.0,114.0,4.017360593088719,2.678240395392479,2.1355120041386138,4.489036253969156,0.6943008757897752
38,1296.0,108.0,4.152410244315364,2.768273496210243,1.811537164749895,4.221506066034249,0.6993885594656232
38,1302.0,102.0,3.8962395060362867,2.5974930040241913,2.298832980159499,4.38009488953795,0.7038637067439134
38,1308.0,96.0,4.178619193343689,2.7857461288957928,2.325640016431735,4.614850530964513,0.7105085534988586
38,1314.0,90.0,4.079144938983531,2.7194299593223543,1.8422566737085355,4.233319717463128,0.7166507251465716
38,1320.0,84.0,4.111904803779215,2.741269869186143,1.8725707782697936,4.392913564558942,0.72356630281885
38,1326.0,78.0,4.129131196607198,2.7527541310714656,1.8394908184080159,3.8407142451950156,0.7291057697613437
38,1332.0,72.0,4.100639644571845,2.7337597630478965,1.918405288408059,3.9623540925579737,0.7357237373133403
38,1338.0,66.0,4.1002185431449005,2.733479028763267,1.9131964587892638,3.625424896062277,0.73938825228824
38,1344.0,60.0,4.240091811732275,2.826727874488183,2.095588668993967,4.140419308019755,0.7414663821125238
38,1350.0,54.0,4.312352505000587,2.874901670000391,1.4836916509981437,4.042583840913224,0.7490882384376605
38,1356.0,48.0,4.360055395508846,2.9067035970058974,2.153353964682508,3.614970637494074,0.7558861781487467
38,1362.0,42.0,4.353449756060804,2.902299837373869,1.7332445151967184,4.486990482394771,0.7614012272434265
38,1368.0,36.0,4.2684326543831626,2.845621769588775,2.0072097420526798,3.1411534327542636,0.767391639327005
38,1374.0,30.0,4.2789679283154864,2.8526452855436575,1.7798250347831461,3.7202026316837613,0.7750238814545486
38,1380.0,24.0,4.388390811679502,2.9255938744530012,1.645616542115674,4.537695684789949,0.7792702926934106
38,1386.0,18.0,4.406629173267855,2.93775278217857,1.8930512738136573,3.9911874265979663,0.786074129084885
38,1392.0,12.0,4.208596504848641,2.8057310032324274,2.009124095524953,4.107061180758132,0.7904708452449949
38,1398.0,6.0,4.27935328313967,2.85290218875978,2.0722837248887926,3.6935699469233723,0.7987872480050446
38,1404.0,0.0,4.339268401135997,2.8928456007573313,2.0309601104060997,3.405540596144661,0.8048067049308706
39,0.0,1362.0,2.6196139489470314,1.746409299298021,1.209030225107092,3.454567606490485,0.002415230373520127
39,6.0,1356.0,2.840978417539984,1.8939856116933227,1.599819894214424,3.0,0.005027688676640142
39,12.0,1350.0,2.786621794024421,1.8577478626829473,1.4577989034620076,3.388864031730828,0.006282200193426609
39,18.0,1344.0,2.7854325873983825,1.8569550582655883,1.6018978576535363,3.1195974166930625,0.00902226029995053
39,24.0,1338.0,2.7915746387416682,1.8610497591611121,1.552972538464654,3.2407523439086208,0.01114380329267853
39,30.0,1332.0,2.7074179140970647,1.8049452760647098,1.7448824777615084,3.5122360193015436,0.013418029894286854
39,36.0,1326.0,2.907735474086246,1.9384903160574973,2.370129354493084,3.2415469767418004,0.015713367940211755
39,42.0,1320.0,2.58226129563506,1.7215075304233733,2.064690182902921,4.773114507494415,0.017908358107898738
39,48.0,1314.0,2.7219588862292454,1.8146392574861636,1.998736880815987,4.626735256429431,0.020265909085504775
39,54.0,1308.0,2.786076856762327,1.8573845711748846,2.0096207536874084,5.053962008353217,0.022524004457114073
39,60.0,1302.0,2.742374453416556,1.8282496356110374,1.7374356862931328,4.443042161351983,0.02634512780343927
39,66.0,1296.0,2.9080325687407793,1.9386883791605196,2.280442299813883,4.660254307895724,0.029112756921988236
39,72.0,1290.0,2.5797860230727854,1.7198573487151902,1.7385651154471766,4.664155076919105,0.030658333257023586
39,78.0,1284.0,2.926512574192622,1.9510083827950815,2.2155552184072715,4.894859896073754,0.03358503000480516
39,84.0,1278.0,2.8166838937809295,1.8777892625206196,2.436621715057507,4.349197561734358,0.03676168835339365
39,90.0,1272.0,2.8061606400510115,1.8707737600340077,2.335623347406868,5.2990299292741785,0.03984263096682199
39,96.0,1266.0,2.828084321917828,1.8853895479452187,2.2724368317772874,4.697421944270255,0.0413761747938097
39,102.0,1260.0,3.055486252083884,2.0369908347225896,2.4564404679440233,5.390519507925544,0.043725287074762184
39,108.0,1254.0,2.7391937640618473,1.8261291760412315,2.728304635107265,5.831103147921885,0.04652030452856068
39,114.0,1248.0,2.8426107844746666,1.8950738563164444,2.528296256544217,4.889616349165724,0.04904908029098877
39,120.0,1242.0,2.6399817577673836,1.759987838511589,2.5498103046238554,5.3604594694490855,0.052476062609643596
39,126.0,1236.0,2.7700177293252177,1.8466784862168117,2.2185716989138697,4.855414136270529,0.05518900904201776
39,132.0,1230.0,2.656583205651824,1.7710554704345494,2.785472116242773,4.71157721024055,0.056993488548429526
39,138.0,1224.0,2.660987414594923,1.7739916097299486,2.663472900877115,5.500814352368728,0.0605518776895373
39,144.0,1218.0,2.880829971474262,1.9205533143161746,2.619763987397248,6.23129698118788,0.0630601981088779
39,150.0,1212.0,2.6381691559185114,1.7587794372790075,2.660095217398978,5.786266326107743,0.0655149001164054
39,156.0,1206.0,2.7321800136908343,1.8214533424605561,2.9997959497569298,5.971487437003802,0.0673590068458808
39,162.0,1200.0,2.6792540737605623,1.7861693825070415,2.407944011349245,5.144196611240059,0.07090563853097569
39,168.0,1194.0,2.6993748336076755,1.799583222405117,2.4990621488534224,6.190013951374304,0.07273101041983111
39,174.0,1188.0,2.821583144246475,1.88105542949765,3.0844013525535563,6.771828324007573,0.07592454570336664
39,180.0,1182.0,2.8523440387176993,1.901562692478466,2.9265567868812825,6.208567356004223,0.07830858675856045
39,186.0,1176.0,2.7665612488439235,1.844374165895949,2.853234598911072,6.06207948580677,0.08075664730499416
39,192.0,1170.0,2.8562360797380673,1.904157386492045,3.2116841455376632,6.768590828726322,0.08389412686616635
39,198.0,1164.0,2.7229738955555045,1.8153159303703363,3.006388829495949,7.028141391367576,0.08706164248571652
39,204.0,1158.0,2.813385829005725,1.8755905526704835,3.461781493877395,6.668003907644614,0.08988777401510548
39,210.0,1152.0,3.02834432750628,2.01889621833752,2.5902198610249605,7.061010181238864,0.09418789166089046
39,216.0,1146.0,2.852128447747627,1.9014189651650846,3.111236759580963,6.526616445259152,0.09605804892574601
39,222.0,1140.0,3.053202538094609,2.0354683587297395,2.8872712820402646,6.824992374967858,0.09958686352867306
39,228.0,1134.0,2.853068297654027,1.9020455317693514,3.1551369438246044,7.285323531216451,0.10130699558583295
39,234.0,1128.0,2.5866467158765953,1.7244311439177302,2.7093754442895177,8.099949678648349,0.10384806200218585
39,240.0,1122.0,2.6110569293505734,1.740704619567049,3.017432936468126,7.233174432240078,0.10580632530178401
39,246.0,1116.0,2.682897126218626,1.7885980841457505,3.055381505129184,6.516499163983756,0.1070107987163814
39,252.0,1110.0,2.9870900214012845,1.9913933476008563,3.0451080855111456,8.206406249201802,0.10957011181497282
39,258.0,1104.0,2.8546501957953923,1.9031001305302615,2.9919060398777404,6.529242497530314,0.11276106524664375
39,264.0,1098.0,3.1195651949728256,2.079710129981884,3.2104655181987027,5.9219926153544735,0.11560100636262788
39,270.0,1092.0,2.893715229103871,1.9291434860692471,3.2642289937113937,8.086364288011488,0.11844758426660716
39,276.0,1086.0,2.7968001997818437,1.8645334665212292,3.211618106061259,7.494487385142164,0.11959564189599711
39,282.0,1080.0,2.925278238980553,1.9501854926537021,3.521279544278256,6.814183639383411,0.12142378884470172
39,288.0,1074.0,2.745162851756355,1.83010856783757,3.2156749415619093,7.306717990462116,0.124661840595969
39,294.0,1068.0,2.7642865610628506,1.8428577073752337,3.0390551473236656,7.171748010833264,0.12767210174315735
39,300.0,1062.0,2.847740365760702,1.8984935771738014,3.58469878527117,8.11549747831648,0.13118994192863914
39,306.0,1056.0,2.6619104143014507,1.7746069428676339,3.1152280380475776,7.715380049503583,0.1341275979825688
39,312.0,1050.0,3.0446231095203915,2.029748739680261,3.304637145371729,6.068362854295644,0.13838454570171052
39,318.0,1044.0,2.605491947957878,1.7369946319719187,3.4372556359761193,7.740898774932519,0.14132343085244212
39,324.0,1038.0,2.773286225578288,1.8488574837188587,3.3389196289796295,7.1443455884321905,0.1434136175471128
39,330.0,1032.0,3.112942215210536,2.0752948101403574,3.1812597053990688,7.354563160320671,0.14730645159048095
39,336.0,1026.0,2.8314847367816216,1.8876564911877478,3.1848674062708544,7.226627350270378,0.1500583109202753
39,342.0,1020.0,2.9303868436361777,1.953591229090785,3.127273907237127,6.66764182158741,0.15330685038636135
39,348.0,1014.0,2.823465733996863,1.882310489331242,2.972028554307271,7.444812842157858,0.15676020874131497
39,354.0,1008.0,2.8849750871653805,1.9233167247769203,3.2148406677383283,7.558927691624247,0.15817373846476296
39,360.0,1002.0,2.811076123469695,1.8740507489797966,3.398641628852017,7.96001089088882,0.1615134126327181
39,366.0,996.0,2.823400296190766,1.8822668641271774,2.9982890482930644,6.797496004391453,0.16405285401271333
39,372.0,990.0,2.898607733410393,1.9324051556069286,3.335024005948435,7.50016947259433,0.16693091811467178
39,378.0,984.0,2.9326142485215714,1.9550761656810476,3.527905822609181,7.3774998755296535,0.1696007968004236
39,384.0,978.0,3.095847764971695,2.06389850998113,3.5140660657643545,7.955963173363978,0.1738664292763041
39,390.0,972.0,2.975776019915051,1.9838506799433675,2.9518388697976627,6.744685287095467,0.17629472006071303
39,396.0,966.0,2.975788255946988,1.9838588372979922,2.8910497509240485,8.074448079631676,0.17873862840655796
39,402.0,960.0,3.1294404987632047,2.0862936658421365,3.0980815854235666,7.260849676165171,0.18049122760782219
39,408.0,954.0,2.9671747249660476,1.9781164833106983,3.5493958338915537,7.588897035110087,0.18314867717384264
39,414.0,948.0,2.808972769402383,1.872648512934922,3.275983296007296,7.298771509574428,0.1854100629925068
39,420.0,942.0,3.093687811727194,2.0624585411514627,3.4592092224627833,7.504509326505162,0.18844884420313038
39,426.0,936.0,2.961946297843231,1.9746308652288207,3.2556661205507975,6.989002885074008,0.1914960594571596
39,432.0,930.0,2.87563819147091,1.9170921276472734,3.0292350490950786,8.352259310334025,0.19469845082780904
39,438.0,924.0,3.0545603530384398,2.036373568692293,3.317198106861665,7.931063774929797,0.1964700117448893
39,444.0,918.0,2.9589698968366887,1.9726465978911258,3.6892484921673843,8.042669699714596,0.19948587463124368
39,450.0,912.0,2.890474861932812,1.9269832412885413,3.4486442423313513,7.378088762429348,0.20071137718806606
39,456.0,906.0,2.9539558646328965,1.9693039097552643,3.317718474311523,8.221324187015563,0.20403719286811034
39,462.0,900.0,2.8351681201107732,1.890112080073849,3.093050133350747,8.026411139879002,0.20593808476435296
39,468.0,894.0,2.9397574341945774,1.9598382894630515,3.230587036326254,7.421847736876552,0.20947806415431752
39,474.0,888.0,2.9023272674521263,1.9348848449680842,3.364212871117287,7.409618826421621,0.2122239053987844
39,480.0,882.0,3.1039930208552855,2.0693286805701905,3.1608296289618494,7.541181901402102,0.21550025857116753
39,486.0,876.0,2.9872007346441087,1.9914671564294057,3.4965436369394918,7.634300299154184,0.2188565094599591
39,492.0,870.0,3.047382270385658,2.0315881802571054,3.3041254871235575,7.919302580737543,0.22214108403515503
39,498.0,864.0,3.0905042820038497,2.0603361880025663,3.2663582003018226,7.382742621660319,0.22534365556993483
39,504.0,858.0,3.0180208693318527,2.0120139128879018,3.4186860934710617,6.831726803578631,0.2292358467493576
39,510.0,852.0,3.0515796300869886,2.0343864200579924,3.4619093199848194,7.741623721105302,0.23237405179845896
39,516.0,846.0,3.2188404724018085,2.1458936482678723,3.363677500238308,7.41374003529601,0.2354504621255609
39,522.0,840.0,2.967661378361951,1.9784409189079675,3.150840668872972,7.724494118474022,0.23728251124494573
39,528.0,834.0,2.8112468277122726,1.8741645518081818,3.045570318751939,7.227776878530189,0.239011880777489
39,534.0,828.0,3.1981346296814634,2.1320897531209755,3.1915447826200154,6.0743125121173085,0.24200413564519432
39,540.0,822.0,2.9358731861947276,1.957248790796485,3.2928438934540165,6.523526934787858,0.24433903905424048
39,546.0,816.0,3.1147082073130283,2.0764721382086857,3.179549269620119,7.025061273276917,0.24854657820977039
39,552.0,810.0,2.952700120199366,1.9684667467995773,3.1379741224144295,7.261767630052337,0.25048851177225934
39,558.0,804.0,3.2559721718612593,2.1706481145741727,3.381424134130735,6.922604192872978,0.253535298127251
39,564.0,798.0,3.1990930923787775,2.1327287282525185,2.7698640485050356,7.310176385841621,0.2556952957402975
39,570.0,792.0,3.353602090686025,2.2357347271240164,3.7424607550627624,7.248267719425318,0.2603612650023383
39,576.0,786.0,2.997727221807728,1.9984848145384853,3.533903303550336,7.307878226837058,0.26453808618382774
39,582.0,780.0,2.8755064824729497,1.9170043216486332,3.1972300350435385,8.034798439978013,0.26713442311428715
39,588.0,774.0,2.9496472749267393,1.9664315166178261,3.2225212795308873,6.905553789388783,0.27031322068577057
39,594.0,768.0,3.136293980972095,2.0908626539813966,3.4980156278405694,6.7151887934047485,0.2736932649832787
39,600.0,762.0,3.179511414791916,2.119674276527944,3.5045837213437476,6.733538400239186,0.2755717408584979
39,606.0,756.0,3.0178164334886906,2.0118776223257937,3.0477055527952315,6.754796333174563,0.2784342723806047
39,612.0,750.0,2.925202416357216,1.950134944238144,3.1317695702974095,6.835369642102994,0.28124774636077426
39,618.0,744.0,3.082393876370732,2.0549292509138213,3.202245258390773,7.130116470587944,0.28546349158393586
39,624.0,738.0,2.9166311574055874,1.944420771603725,3.0328795572740197,7.438220710420654,0.28794588570757307
39,630.0,732.0,3.251977892873159,2.1679852619154394,3.2994452768900104,7.20493198511619,0.2904522312386932
39,636.0,726.0,3.208988057459643,2.139325371639762,3.1718555405557227,7.444267307874825,0.2953217345623397
39,642.0,720.0,2.9923787497399084,1.9949191664932722,3.2263989386011716,7.287797008203257,0.2980161103425681
39,648.0,714.0,3.21620801947861,2.1441386796524067,3.0963159655305925,7.386280722781984,0.3010523879361109
39,654.0,708.0,3.2018994725015584,2.134599648334372,3.0439078132061206,7.241636316319628,0.30179847079325983
39,660.0,702.0,2.9467770964811812,1.9645180643207876,3.483403304075697,7.382431525328861,0.3039937209660369
39,666.0,696.0,3.2842921026672283,2.189528068444819,3.4603797831113594,6.60063261839349,0.3078093669836041
39,672.0,690.0,3.340348312506681,2.226898875004454,3.1192802652015947,6.887203947680073,0.310933549327484
39,678.0,684.0,3.288511250620534,2.1923408337470227,3.004099564043774,6.793662737152789,0.315808563441536
39,684.0,678.0,3.106185479715408,2.0707903198102717,3.4385299818196002,6.651023045280722,0.32055382560357554
39,690.0,672.0,3.299805506240928,2.199870337493952,2.829467900697377,7.20301836140437,0.3219407418093032
39,696.0,666.0,3.2113181737236642,2.1408787824824427,3.0363835881834227,6.610935475833334,0.3253055950546833
39,702.0,660.0,3.421666553376085,2.2811110355840567,3.0876807343394908,7.421595118225561,0.3284429276186011
39,708.0,654.0,3.053047653741818,2.0353651024945454,3.2546653955831952,6.267522161514938,0.3311519142920078
39,714.0,648.0,3.32452696886519,2.2163513125767933,3.1597242917045576,7.3193364947185025,0.3345224073579151
39,720.0,642.0,3.1026973266998534,2.068464884466569,3.0767084103707516,7.2703355831230585,0.3392418934779024
39,726.0,636.0,3.1184660567677076,2.0789773711784716,3.188868319003727,6.9835100914905,0.34166593299384956
39,732.0,630.0,3.1668441412455435,2.111229427497029,2.9655496166466864,5.5938375572195005,0.3461468713454319
39,738.0,624.0,3.421807376598928,2.2812049177326186,3.1834405987331453,5.746240686152588,0.3497333152345125
39,744.0,618.0,3.203298010276024,2.1355320068506827,3.001957454223601,5.997968210287707,0.35139927209568306
39,750.0,612.0,3.157921489389348,2.105280992926232,3.1466225023845844,6.625536769139002,0.35546196706470795
39,756.0,606.0,3.401776672326148,2.2678511148840985,2.756367329685166,5.7891709821813535,0.3591698041065785
39,762.0,600.0,3.220541133186379,2.147027422124253,3.3680232992310755,7.356045920274522,0.36272538367822865
39,768.0,594.0,3.3067075986563923,2.204471732437595,2.8437184038659677,6.785572041666283,0.3669910361477068
39,774.0,588.0,3.1180711161712287,2.078714077447486,2.942376126117725,6.2645305801309785,0.37037718432473055
39,780.0,582.0,3.2916996674447723,2.1944664449631817,2.8781419079306065,5.673463495579313,0.3730536037284601
39,786.0,576.0,3.41576919341924,2.277179462279493,3.179047405559119,6.50899818231512,0.37715180540083354
39,792.0,570.0,3.485583261220488,2.323722174146992,3.076528891998946,5.886189699702517,0.38039912455642255
39,798.0,564.0,3.3168524473475967,2.2112349648983978,3.1966279426443993,6.173979157972613,0.3835360265933553
39,804.0,558.0,3.2501036885293866,2.1667357923529242,3.06617979436339,5.667181629011887,0.38673062471968295
39,810.0,552.0,3.3249339315090918,2.2166226210060613,2.8168117976745464,6.3456324800050234,0.3907983296300375
39,816.0,546.0,3.331860287519104,2.2212401916794025,2.7536083575889365,5.946954436736139,0.39490025925066274
39,822.0,540.0,3.2610985148583835,2.1740656765722557,2.900148091874577,6.338441060432101,0.39796657763445
39,828.0,534.0,3.3491742026576916,2.2327828017717946,3.1191693495116435,5.586532989951261,0.40167963637810195
39,834.0,528.0,3.30986666046733,2.2065777736448866,3.021031974803999,5.051112691166315,0.40589174045195514
39,840.0,522.0,3.3288137398199726,2.219209159879982,2.7091641109601867,6.821241305104006,0.40939899148115194
39,846.0,516.0,3.3402915998234204,2.2268610665489468,2.611043932030551,7.072343683990363,0.4142649673228758
39,852.0,510.0,3.3952641385156657,2.2635094256771104,2.6765820832713167,5.241451308062487,0.4181170788798816
39,858.0,504.0,3.305668381488267,2.203778920992178,3.0629499344072597,6.9618323344465205,0.4217391699149917
39,864.0,498.0,3.662425295035828,2.441616863357219,2.832140681893019,5.839039805296004,0.4266818600353219
39,870.0,492.0,3.5131408641869024,2.342093909457935,2.4616920091305943,6.240478892692691,0.42993257659605805
39,876.0,486.0,3.4052437920351295,2.2701625280234197,2.4122113695884413,5.9429382375845945,0.43273161364604035
39,882.0,480.0,3.3821914461447142,2.2547942974298096,2.8127993758544365,6.339890827324739,0.43636371023038417
39,888.0,474.0,3.319906222402855,2.2132708149352367,2.3546732571655227,5.879193205917369,0.44052841928529995
39,894.0,468.0,3.3976220114602986,2.2650813409735324,2.594780421642482,6.578504298614953,0.4446436249509153
39,900.0,462.0,3.441751189920623,2.2945007932804153,2.6343748480900335,6.847735795125336,0.447324729700728
39,906.0,456.0,3.3778424768370794,2.251894984558053,2.9094077926260966,4.922926941609284,0.45133272199400876
39,912.0,450.0,3.4522179337217236,2.301478622481149,2.856196888792206,5.412365332061207,0.4550305423094776
39,918.0,444.0,3.5426889357381475,2.3617926238254316,2.9715159780383615,4.7206795401005515,0.4563361996287108
39,924.0,438.0,3.5539104707689084,2.369273647179272,2.1715531000458625,5.605806777999897,0.4601012535135603
39,930.0,432.0,3.704037564841807,2.4693583765612046,2.3923238200514487,6.174886759601838,0.4659275833121443
39,936.0,426.0,3.4860179531480022,2.3240119687653347,2.1570417886846593,6.121382790345392,0.46973736120586007
39,942.0,420.0,3.547401930158042,2.364934620105361,2.5388551557901904,6.150140581966659,0.47426608454667896
39,948.0,414.0,3.5874494938996198,2.39163299593308,2.70650070400224,6.058685581943453,0.4776231933459277
39,954.0,408.0,3.467436252889347,2.311624168592898,2.719508548728784,5.75782806628556,0.48162968560086067
39,960.0,402.0,3.6693597664949196,2.4462398443299462,2.4224396313243126,6.3929921646134975,0.4839722739628354
39,966.0,396.0,3.8145150635730984,2.5430100423820656,2.6356392891808382,5.569602392138667,0.4876640267525752
39,972.0,390.0,3.6785056568764185,2.452337104584279,2.8093648704411693,5.734742628589751,0.4913939464475238
39,978.0,384.0,3.642600392346468,2.428400261564312,2.2371132831132665,5.314901591526789,0.4965771294252248
39,984.0,378.0,3.5277765731726443,2.351851048781763,2.4743419614628994,4.952659603445491,0.4988850049521655
39,990.0,372.0,3.7629228775895656,2.508615251726377,2.2578822278410238,5.790347831318021,0.5020088713166613
39,996.0,366.0,3.520064301484443,2.346709534322962,2.3882057746823855,4.479765940211167,0.5055070594436757
39,1002.0,360.0,3.60153514868766,2.40102343245844,2.2779746677329813,4.625953817369132,0.510260579731984
39,1008.0,354.0,3.711925852407707,2.474617234938471,2.586814776676453,5.6103580544790805,0.5148384553328185
39,1014.0,348.0,3.5496277767750963,2.366418517850064,2.6686343435123776,4.771962182716695,0.5188241492247717
39,1020.0,342.0,3.6879509255299703,2.4586339503533137,2.249836098842008,5.990943355315274,0.5214391454322739
39,1026.0,336.0,3.6062419381987927,2.4041612921325286,2.514296889873845,4.892397672161901,0.5255037962033826
39,1032.0,330.0,3.6130608847170587,2.408707256478039,2.1469259606466626,5.391467502567047,0.5311018022533822
39,1038.0,324.0,3.6100141226460303,2.40667608176402,2.2452672495179526,5.441924076299111,0.5347923664917174
39,1044.0,318.0,3.730894918359295,2.487263278906197,2.7056776038220005,5.564086923565555,0.5401181760557854
39,1050.0,312.0,3.607871402869038,2.405247601912692,2.3548022880433455,4.8765656204405925,0.5432806009087673
39,1056.0,306.0,3.4699906442503723,2.313327096166915,2.3527813042675008,6.370809384653853,0.5467467762649095
39,1062.0,300.0,3.7902544590173886,2.5268363060115924,2.3129688404203317,5.24790878692341,0.5514984004059108
39,1068.0,294.0,3.6483607422079505,2.4322404948053005,2.5702279403231825,5.491971082627945,0.5553802455019058
39,1074.0,288.0,3.73607873314279,2.490719155428527,2.091714084632924,4.9701213966236555,0.5607052359497536
39,1080.0,282.0,3.632941719342953,2.4219611462286355,2.285911331417203,5.155882544249329,0.5644457990242062
39,1086.0,276.0,3.5698790541050593,2.379919369403373,2.1467787747158042,3.8722049513958052,0.5683428826249678
39,1092.0,270.0,3.738399229447,2.4922661529646666,2.352785621729974,5.575482361241867,0.5750092464938963
39,1098.0,264.0,3.767759266375149,2.511839510916766,1.741644345698681,5.887689828730117,0.5789958242351452
39,1104.0,258.0,3.6849723203098126,2.456648213539875,2.5089509226912,5.210141524790354,0.582281892183492
39,1110.0,252.0,3.5502142992395744,2.366809532826383,2.2460188427530263,5.529230088992754,0.589447664862942
39,1116.0,246.0,3.892763906025534,2.5951759373503562,2.490205664364294,5.288661749333005,0.5944132048114504
39,1122.0,240.0,3.809780614232297,2.5398537428215313,2.1494936859078746,4.933897289134432,0.5971525370629156
39,1128.0,234.0,3.9438871322150657,2.629258088143377,2.2328370110132827,4.957068140659251,0.6031505427562022
39,1134.0,228.0,3.7673572843497833,2.5115715228998554,2.495725672259004,5.231616075650916,0.6078036524929897
39,1140.0,222.0,3.919771684408979,2.6131811229393196,2.301962312138553,4.685365146805298,0.6117012130045963
39,1146.0,216.0,4.019908164677424,2.679938776451616,2.5787800636198908,4.492763904903675,0.617471387378652
39,1152.0,210.0,3.7146101432709417,2.476406762180628,2.229880515206501,4.690496308639921,0.6208598212504572
39,1158.0,204.0,3.8692321945880814,2.5794881297253878,2.2856813159277665,5.1385673697843,0.6253791507678749
39,1164.0,198.0,4.091684139952206,2.727789426634804,2.2105538860517173,4.357506971499497,0.6327920914375063
39,1170.0,192.0,3.9319372732987246,2.621291515532483,2.175457102369693,4.915136344597788,0.638250664531311
39,1176.0,186.0,3.80580254124917,2.537201694166113,1.9830839459983425,5.061104110992302,0.6429942706757446
39,1182.0,180.0,3.88519868029866,2.59013245353244,2.147307236260191,3.539931412619038,0.6466598250475495
39,1188.0,174.0,4.089251302403844,2.7261675349358963,1.8568039438419062,4.430431895307082,0.652897079134715
39,1194.0,168.0,3.813397127374478,2.542264751582985,2.347296221921798,3.6862154462479406,0.6569408506262845
39,1200.0,162.0,3.855125975129169,2.570083983419446,1.9511146843529255,4.065971305734741,0.6631731467212021
39,1206.0,156.0,3.9580867931413337,2.638724528760889,2.270112873937886,5.205048307647304,0.6677301274060975
39,1212.0,150.0,3.9451091248397105,2.63007274989314,2.2115219064023206,5.334719341522317,0.6733743140374907
39,1218.0,144.0,3.8605567313991607,2.5737044875994406,1.9279659203615807,3.30913326394196,0.6773551640452711
39,1224.0,138.0,3.9238092552272836,2.615872836818189,1.8452771740551988,5.042670382326755,0.6808270998930955
39,1230.0,132.0,4.022826270794025,2.68188418052935,2.25318927749109,4.042634928814033,0.6854958230065943
39,1236.0,126.0,3.989320271209526,2.6595468474730173,2.1205202301416652,4.589566476029908,0.6907069725011457
39,1242.0,120.0,3.8252792831768194,2.5501861887845463,1.6355639702204317,4.228508743797481,0.6954299615986225
39,1248.0,114.0,4.007927141300445,2.67195142753363,1.8074174369958294,4.1312979804136205,0.7006290323251149
39,1254.0,108.0,4.2909930360000095,2.8606620240000065,2.3449053540733633,4.482070548336068,0.7055202619820669
39,1260.0,102.0,4.208652020730397,2.8057680138202645,2.22417716843177,4.003599274365947,0.7111497490206772
39,1266.0,96.0,4.210753399264591,2.8071689328430605,2.2714550258128443,4.816270208841909,0.7165039494542482
39,1272.0,90.0,4.072183298396401,2.7147888655976007,2.0568368708373432,4.125636750025265,0.7211086012485886
39,1278.0,84.0,3.9569302566331985,2.6379535044221325,1.9029325613715,3.829197660247032,0.7242055244458682
39,1284.0,78.0,4.092608161808706,2.7284054412058043,2.198638180037069,3.1906645426120446,0.7274665988382897
39,1290.0,72.0,4.255288259141891,2.8368588394279275,1.8489983525577216,4.048199936809058,0.7360485155971175
39,1296.0,66.0,4.132548519915079,2.7550323466100526,2.0448027266479154,3.712510844798606,0.7399682062376414
39,1302.0,60.0,4.0586489919777575,2.705765994651838,1.959156928278836,4.087219472912346,0.7430403890778247
39,1308.0,54.0,4.305258465207205,2.8701723101381362,1.846059507464402,4.335296207867363,0.7485696828112667
39,1314.0,48.0,4.002121011461781,2.668080674307854,2.2949847179981773,4.043546796421476,0.7522085572271231
39,1320.0,42.0,4.204227350281472,2.802818233520981,1.963298539457562,4.039314911567077,0.7578225845338046
39,1326.0,36.0,3.9680087355172526,2.645339157011502,2.2084895491485366,4.524924562871808,0.761448899050196
39,1332.0,30.0,4.002918083993971,2.6686120559959807,1.6479778418683293,4.465356271461125,0.767897267071435
39,1338.0,24.0,4.270097205330653,2.846731470220435,2.1241205324254167,4.235122584850914,0.7739213511720965
39,1344.0,18.0,4.224202931296981,2.8161352875313206,2.0469990388223374,3.0,0.7809889240146581
39,1350.0,12.0,4.213488221478493,2.808992147652329,2.056588119855084,3.7669622010385804,0.788452649527721
39,1356.0,6.0,4.204224951260091,2.802816634173394,1.57134158795441,3.54048271567435,0.7967301625466277
39,1362.0,0.0,4.364993567787396,2.909995711858264,2.0242531612176298,4.086415161240988,0.8027523578488563
40,0.0,1134.0,2.8259255235074257,1.8839503490049505,1.9034087525130334,3.0,0.002515074490600385
40,6.0,1128.0,2.6256210500167727,1.750414033344515,1.6140553716189456,3.0,0.005060604966553124
40,12.0,1122.0,2.8621281661875226,1.908085444125015,1.5832185767827458,3.623896126121036,0.008624758400885627
40,18.0,1116.0,2.8195909907323755,1.879727327154917,1.757265829197285,3.9890294810922042,0.012236954098294476
40,24.0,1110.0,2.9442575379180935,1.9628383586120624,1.8791625749133019,3.0803503366756075,0.01417377955457534
40,30.0,1104.0,2.6428932090715795,1.7619288060477196,1.7723084019293704,4.31130709177379,0.017798549208501373
40,36.0,1098.0,2.9215577982901215,1.947705198860081,1.9287925333593376,4.834919549099431,0.021329413866343246
40,42.0,1092.0,2.764968407828618,1.8433122718857453,1.8909179340501345,4.05681282124113,0.025605040825406086
40,48.0,1086.0,2.6663582075854366,1.7775721383902912,2.4823250723904584,5.103755582301777,0.028670006415606804
40,54.0,1080.0,2.859247660086097,1.9061651067240648,1.8520745255038318,4.719816930321784,0.031354007125094105
40,60.0,1074.0,2.8727347476999068,1.9151564984666045,2.4606175282579823,5.382419702889478,0.034566868935161185
40,66.0,1068.0,2.8208894101532813,1.8805929401021875,2.3614984831135617,5.026510659213072,0.03785662743949384
40,72.0,1062.0,2.8676068895373237,1.9117379263582157,2.4101869588169813,5.31515170219224,0.04074054868295422
40,78.0,1056.0,2.820967543858948,1.8806450292392987,2.7427238074598868,4.585701853333743,0.04414153337669563
40,84.0,1050.0,2.740933240674326,1.8272888271162173,2.4891138940907696,5.121483939025705,0.04681604360520213
40,90.0,1044.0,2.9831522958330043,1.9887681972220028,2.177453760061332,4.964676429479058,0.049525728930227435
40,96.0,1038.0,2.8899553966215707,1.9266369310810472,2.429181571375701,5.88878339442648,0.052355549591173806
40,102.0,1032.0,2.746489979736207,1.830993319824138,2.5447396790769035,5.454722125899593,0.05570499574068863
40,108.0,1026.0,2.942349698170278,1.961566465446852,2.5626842866238735,6.361267528477788,0.05737875304280041
40,114.0,1020.0,2.7035887321938783,1.8023924881292521,2.7969449186980895,5.720394307572929,0.06057288405955193
40,120.0,1014.0,2.9228681979470363,1.9485787986313576,2.831249066399394,5.169894585957659,0.0630021295278877
40,126.0,1008.0,2.782916242583312,1.8552774950555413,2.4910050635121856,5.548389936292992,0.06651648746733281
40,132.0,1002.0,2.803628823013142,1.8690858820087612,2.725963825950693,6.509215301888114,0.07010867994390671
40,138.0,996.0,2.8289562230220056,1.8859708153480037,2.7420594007205534,6.305125297153384,0.07395408987130628
40,144.0,990.0,2.8418764701837866,1.8945843134558578,2.942303409614141,6.520422859592425,0.07676359124263714
40,150.0,984.0,2.9090641489745206,1.9393760993163471,2.3567684225501555,6.6842933278107655,0.08186914120902425
40,156.0,978.0,2.9602237396881326,1.9734824931254218,2.9976888300948903,5.7514073681098905,0.08394593091911207
40,162.0,972.0,2.9251456996354954,1.9500971330903303,2.961887375638824,6.715948086466744,0.08805478101771312
40,168.0,966.0,2.95570946117965,1.9704729741197669,2.9586279702325697,6.493461488120696,0.09117670479611241
40,174.0,960.0,2.8064382450771346,1.870958830051423,3.021512119878798,6.586652092202523,0.09482490768022657
40,180.0,954.0,3.1143093579902503,2.0762062386601667,2.9010792094373676,5.902767205296133,0.09779962283406493
40,186.0,948.0,2.8128179388351304,1.8752119592234202,2.8657757963247694,5.982613499558065,0.09990789943716895
40,192.0,942.0,2.884404557389279,1.9229363715928527,3.22217275745804,6.763600113882731,0.10539786606549788
40,198.0,936.0,2.54265577601727,1.69510385067818,3.1376367362534907,6.959692073325284,0.10700481437486103
40,204.0,930.0,2.539780813087007,1.6931872087246713,3.223592026363881,7.268781089206454,0.11027983478527396
40,210.0,924.0,2.837454978390738,1.891636652260492,2.777801005113113,6.876969316318154,0.11299428757240312
40,216.0,918.0,2.867928226118168,1.9119521507454451,3.0062511947166226,6.901550426486338,0.11589758620839201
40,222.0,912.0,2.85474719057959,1.9031647937197267,3.3753863305699783,7.233858116118025,0.12027115507814425
40,228.0,906.0,2.8204699932905855,1.8803133288603904,3.0774603252519515,7.531315887563122,0.12293771245354256
40,234.0,900.0,3.0130647651380245,2.0087098434253496,2.9182371196507058,6.571232500110919,0.1251785460694493
40,240.0,894.0,2.6735157534243115,1.7823438356162076,3.3585504970005813,6.481130525908644,0.1272000426130216
40,246.0,888.0,2.7314422425273066,1.8209614950182045,2.964046220516507,6.843984879546097,0.13005291041156833
40,252.0,882.0,2.81927388028265,1.8795159201884333,3.3230651941054647,7.396916593512791,0.13198297502336542
40,258.0,876.0,3.056646744518151,2.0377644963454338,3.2739465426897456,7.068792714233901,0.1354437462282537
40,264.0,870.0,2.9722883699562805,1.9815255799708538,2.9011457011683195,7.230188795852845,0.13927134376685543
40,270.0,864.0,2.912922820683356,1.9419485471222373,2.905961055858177,6.474050263330641,0.14191168963600237
40,276.0,858.0,2.7882055126190903,1.8588036750793935,3.1775707625861784,6.9271622385901725,0.14404340584604983
40,282.0,852.0,2.9023896922312935,1.934926461487529,3.3012043167022287,7.816698734086923,0.14740132011375137
40,288.0,846.0,2.8247717699019175,1.8831811799346116,3.246077133380365,7.368831414840935,0.15015399833247964
40,294.0,840.0,2.818188987752104,1.8787926585014025,3.626546924374808,8.168983327898173,0.15364969561199607
40,300.0,834.0,2.940952872576745,1.9606352483844967,3.200766507895231,7.641595783997735,0.15634467634978277
40,306.0,828.0,2.758562335803114,1.8390415572020762,2.851348864175372,6.6314034434346425,0.1589405804253359
40,312.0,822.0,2.8403592286413653,1.8935728190942436,3.335877562163026,6.672431418849406,0.16125024622777412
40,318.0,816.0,2.760346806111381,1.840231204074254,3.042861581949171,7.564844386230171,0.1641903125402448
40,324.0,810.0,2.9918490875505817,1.9945660583670544,3.5960448489836834,7.730749651226609,0.16698607328364592
40,330.0,804.0,2.8267406168826503,1.8844937445884336,3.373588636589801,7.833025069455894,0.17046187561126122
40,336.0,798.0,3.018464842921232,2.0123098952808216,3.426163068188746,7.254579581087927,0.17327571261190633
40,342.0,792.0,2.8082972871972456,1.8721981914648305,3.2721967837290986,7.532401090057301,0.17600309333402947
40,348.0,786.0,2.7741047787470516,1.8494031858313678,3.1242423758873987,7.740707954680229,0.1793441138950475
40,354.0,780.0,3.2597564160685057,2.1731709440456703,3.1777706310825193,7.733951481904799,0.18297677739940885
40,360.0,774.0,2.953299889464177,1.968866592976118,3.5145396469694186,7.201406841624894,0.1876062294609559
40,366.0,768.0,3.1981742910461013,2.132116194030734,3.213345120056512,6.993246132847283,0.19121582868910825
40,372.0,762.0,2.9686369680078193,1.979091312005213,3.1704697632641428,7.541184923286427,0.19452558433722042
40,378.0,756.0,2.9167697508337205,1.9445131672224802,2.843526341035711,7.845895432527272,0.19674590283603716
40,384.0,750.0,2.856851876515825,1.9045679176772168,3.2665764873979226,7.496895038879589,0.1991332969609216
40,390.0,744.0,3.1297791546783684,2.0865194364522455,3.1523395327886843,7.0647795596125595,0.20324298282781217
40,396.0,738.0,2.8598167503918095,1.9065445002612063,3.361340493741499,7.868720807168562,0.20710215680662555
40,402.0,732.0,2.9666223410765897,1.9777482273843932,3.49747214474702,7.296809621962113,0.21119041886929593
40,408.0,726.0,2.9820464394003205,1.9880309596002137,3.536046986191929,8.075870048243596,0.21341794564083943
40,414.0,720.0,3.198084154410099,2.132056102940066,3.3140493181893165,6.8262207166700755,0.2181711879789248
40,420.0,714.0,3.0259398355678275,2.017293223711885,3.510438121701535,7.062580651165601,0.22086395696348496
40,426.0,708.0,2.957610719701614,1.971740479801076,3.3712733004880953,7.139288990681032,0.22481606897521333
40,432.0,702.0,2.95991336793709,1.9732755786247267,3.463229698935726,7.47261235949705,0.22941062811878377
40,438.0,696.0,2.9672335536056633,1.9781557024037755,3.1926280276646315,7.283386831525965,0.23093926209026355
40,444.0,690.0,2.7653178015102027,1.8435452010068019,3.512313715706838,6.942009869788089,0.23540433469611982
40,450.0,684.0,3.109609137005654,2.0730727580037693,3.578832594008757,7.550506176108198,0.23922098091856053
40,456.0,678.0,2.9499833835107467,1.9666555890071644,3.314734525869361,6.947645160392676,0.24336990107552622
40,462.0,672.0,2.93102286115608,1.9540152407707199,3.3025993906450943,7.13785103655643,0.2467424110666542
40,468.0,666.0,3.0115975111241635,2.0077316740827755,3.1171923853418613,7.33066314361714,0.25060623075154587
40,474.0,660.0,3.2943700052978713,2.196246670198581,3.279574324099441,6.940348883778751,0.25650799813918324
40,480.0,654.0,3.112280052672938,2.0748533684486254,3.313641253983899,7.251654600327562,0.2607791850023165
40,486.0,648.0,3.3076952185380653,2.2051301456920434,3.6497627843794356,6.624624667589328,0.26521563184700375
40,492.0,642.0,3.088448865730812,2.058965910487208,3.084066954026154,7.667296374265862,0.2704713796861358
40,498.0,636.0,2.973883698648294,1.982589132432196,3.3591363250976234,7.218688478521608,0.2732248052529965
40,504.0,630.0,3.342110685416864,2.2280737902779095,3.5907536957902213,7.4489652905773935,0.27641144029348014
40,510.0,624.0,3.230129039904903,2.1534193599366023,3.454249778548913,7.991276088810959,0.2825317338766421
40,516.0,618.0,3.121602213811472,2.0810681425409814,3.411211590341849,7.1848873669640945,0.28615112565844103
40,522.0,612.0,3.362856431736974,2.2419042878246493,2.9831481892093903,6.219377545844401,0.2920448274456516
40,528.0,606.0,2.9953963925881077,1.9969309283920718,3.073089036394799,6.42691637215527,0.2953259093923333
40,534.0,600.0,3.0554361500530036,2.036957433368669,3.118731917857792,7.529539532366594,0.298593849952033
40,540.0,594.0,3.197060754636863,2.1313738364245753,3.0190651500899235,6.779225292545102,0.3014537084897762
40,546.0,588.0,3.184811888730074,2.1232079258200494,3.1502310241836677,7.4006190160293235,0.30282921317857936
40,552.0,582.0,3.1907604540911434,2.1271736360607623,3.1589123268172736,7.608367627781035,0.30660735392368066
40,558.0,576.0,3.19646025218349,2.13097350145566,3.2162438163670704,6.828257884697053,0.3092343817410393
40,564.0,570.0,3.4404237093373164,2.2936158062248775,3.1622749570937216,6.990557051409218,0.3135488495266497
40,570.0,564.0,3.271661311085196,2.181107540723464,3.2482025599458026,7.876717790649626,0.3155558786207774
40,576.0,558.0,3.4662436522283757,2.310829101485584,2.962257095708635,6.752550122129094,0.32208229290571416
40,582.0,552.0,3.3565527712770256,2.237701847518017,2.9554340403599126,6.733611018747516,0.32705385537920345
40,588.0,546.0,3.2087324754908964,2.1391549836605974,2.733320682896635,7.213739568259572,0.3300955846404072
40,594.0,540.0,3.2003676591901202,2.1335784394600803,2.850196240378493,6.716051670340603,0.33309817588782764
40,600.0,534.0,3.373402598488977,2.248935065659318,2.64415978005183,6.8734449298802165,0.3376712493490698
40,606.0,528.0,3.4195135282901297,2.2796756855267533,2.918854121563067,7.709037247677882,0.34233305531034025
40,612.0,522.0,3.226436575920459,2.150957717280306,3.046801131866275,6.925352613133653,0.3456820513551892
40,618.0,516.0,3.2724141724666698,2.181609448311113,2.589203589588456,7.028688943902014,0.3499090609797368
40,624.0,510.0,3.3574893979707197,2.238326265313813,3.178337009611644,6.3007823808523185,0.35482999364880274
40,630.0,504.0,3.281535328425559,2.187690218950373,2.9479366985465574,6.154499574519274,0.3584401525514962
40,636.0,498.0,3.433870067966553,2.289246711977702,3.0006021109408527,6.289325567399798,0.36237565565024793
40,642.0,492.0,3.439924259306775,2.29328283953785,3.1032932267781588,6.676535969341598,0.36439800884365336
40,648.0,486.0,3.1566072973775334,2.1044048649183558,2.8182319700841965,6.451565587619403,0.368681746770008
40,654.0,480.0,3.0843452743044164,2.056230182869611,2.918832038756817,5.892026590756647,0.37210162093740606
40,660.0,474.0,3.4227606981269987,2.281840465417999,2.8878790059867367,6.36553790926683,0.3761948185030658
40,666.0,468.0,3.454635086824769,2.303090057883179,3.0715236588210546,6.053308623445455,0.37994961549187123
40,672.0,462.0,3.31024405577524,2.2068293705168265,2.7317547401986944,6.879846839279552,0.38514658724842193
40,678.0,456.0,3.2212759837283644,2.147517322485576,2.7836378922966993,6.741781937509828,0.3884358578300148
40,684.0,450.0,3.2458473213524015,2.1638982142349343,2.7328758246866536,5.756356015995475,0.39263117483877047
40,690.0,444.0,3.3261481226127487,2.2174320817418325,2.4369484535449013,6.396254258903541,0.3952903686832449
40,696.0,438.0,3.377065570150119,2.251377046766746,3.14239562695962,6.0972220137160225,0.3987410726672296
40,702.0,432.0,3.426346208665724,2.2842308057771494,2.6198349877268505,6.5430437896411515,0.40440045442199
40,708.0,426.0,3.3283912861317866,2.218927524087858,2.911693708461478,5.949167590579868,0.40903898757824114
40,714.0,420.0,3.2551195722011568,2.1700797148007713,2.7995559280994344,5.452140126285413,0.41282560716373545
40,720.0,414.0,3.413574776198392,2.2757165174655944,3.191421861345103,6.1730107562886225,0.41796907870393063
40,726.0,408.0,3.499652875686445,2.3331019171242966,2.7034924034145438,6.593867637467512,0.42047124111931666
40,732.0,402.0,3.3760307383775148,2.250687158918343,3.232544441038675,6.691675778311295,0.42515169567392846
40,738.0,396.0,3.4766881112488113,2.317792074165874,2.728917627900498,5.955133554969974,0.4292564487580812
40,744.0,390.0,3.5002802518539937,2.3335201679026625,2.733923462351154,5.982192840220349,0.43524713589591335
40,750.0,384.0,3.5565221727550864,2.3710147818367244,2.6259359252696988,6.478801730548492,0.4412862496147656
40,756.0,378.0,3.5743894461810557,2.3829262974540373,2.4948414671746866,5.691709832725553,0.44526951374444984
40,762.0,372.0,3.3785687164880653,2.252379144325377,2.600158738602579,5.425225906579122,0.45015692165738425
40,768.0,366.0,3.595851240985298,2.3972341606568652,2.4569116908857036,6.1903971234833834,0.45341459697282005
40,774.0,360.0,3.4805763118884685,2.320384207925646,2.9172031489359953,6.20054932368299,0.45817517831066307
40,780.0,354.0,3.4644047359959553,2.309603157330637,2.9404713236429014,5.821642699891596,0.4592702663532806
40,786.0,348.0,3.4804292286640663,2.3202861524427107,2.4902725268328165,5.483973402159722,0.46323709268065233
40,792.0,342.0,3.5704653251835294,2.3803102167890198,2.687845796061507,5.699089429697844,0.4698728380474632
40,798.0,336.0,3.4924359658667967,2.3282906439111977,2.4760767352271484,5.119480869899699,0.47604779131649927
40,804.0,330.0,3.7101177823603937,2.4734118549069293,2.537815346629309,5.113760949005495,0.484294320484116
40,810.0,324.0,3.530290512007839,2.353527008005226,2.9151412975477338,5.6230615815749365,0.4887110519971538
40,816.0,318.0,3.6275114227350134,2.418340948490009,2.219768517219529,6.28094466967506,0.49428382659535713
40,822.0,312.0,3.505066593124274,2.3367110620828493,2.5166590944315814,5.029310157752696,0.49974884473267045
40,828.0,306.0,3.534877623918007,2.3565850826120047,2.2221605392482635,5.745623205676136,0.5046740194063561
40,834.0,300.0,3.421488687420704,2.2809924582804695,2.630705802238904,5.677233703525962,0.5102543559367964
40,840.0,294.0,3.650687788825273,2.4337918592168486,2.3881939662259666,5.05830705303371,0.5147631625008824
40,846.0,288.0,3.5261480981796556,2.350765398786437,2.7936109972909704,4.93436324818301,0.5208001124443591
40,852.0,282.0,3.6259838620183062,2.4173225746788707,2.905721271220362,4.680297757265521,0.5257342092116145
40,858.0,276.0,3.5130538780064198,2.3420359186709465,2.459690999069609,5.689214047990649,0.5275610895321756
40,864.0,270.0,3.849193369146364,2.5661289127642424,2.746058423468464,4.9213199069367075,0.5325418108092586
40,870.0,264.0,3.5549247881782255,2.3699498587854837,2.589830739314191,5.04389293996759,0.5356990178431128
40,876.0,258.0,3.7894356558724227,2.526290437248282,2.7844489993926773,5.8512706277486055,0.5425027817947311
40,882.0,252.0,3.747150533368024,2.4981003555786825,2.4513560362182756,4.920771651738817,0.5487653136442334
40,888.0,246.0,3.6959522473072415,2.463968164871494,2.6765208311605946,4.721783267581751,0.5560345222159585
40,894.0,240.0,3.8124554402983946,2.5416369601989297,2.598320336623276,4.991936809303042,0.5603583194149598
40,900.0,234.0,3.771492020119437,2.514328013412958,2.321914552827426,6.084147382777337,0.5646303825738967
40,906.0,228.0,3.5758807072294023,2.383920471486268,2.3304590274644528,5.054684372469425,0.569859484867751
40,912.0,222.0,3.7840018385567338,2.522667892371156,2.179759214676633,4.514209837762831,0.575775280230478
40,918.0,216.0,3.82902520146812,2.5526834676454135,2.1042556075909244,3.680275458416796,0.580196134078872
40,924.0,210.0,3.7880888466809863,2.5253925644539907,2.249736629124252,4.82097247977405,0.5880305498770874
40,930.0,204.0,4.009787919584546,2.673191946389697,2.31276400023026,4.84470149704438,0.594082131041281
40,936.0,198.0,3.77846055963018,2.51897370642012,2.244064966968799,5.417623396532065,0.5992594711832978
40,942.0,192.0,3.8213208088843933,2.5475472059229287,2.0121691070379293,4.56391728476143,0.6047602637148851
40,948.0,186.0,3.878028999007211,2.5853526660048076,2.2577540229705213,3.9687141083877684,0.6118687596732053
40,954.0,180.0,3.730869915877074,2.487246610584716,2.3190810776547637,4.491873712190861,0.6189139566988116
40,960.0,174.0,3.8284800363725617,2.5523200242483743,2.1334372707384914,3.8717043920084193,0.6231351108817345
40,966.0,168.0,3.7619664324871973,2.5079776216581315,2.1666015240075547,4.147726461586608,0.6276164328258305
40,972.0,162.0,3.9531248644171813,2.635416576278121,2.1405464774770877,5.252965315865847,0.6326274531055808
40,978.0,156.0,3.942440084935874,2.6282933899572494,1.8503609467659783,4.876361504824567,0.6383424460398042
40,984.0,150.0,3.9802727048023874,2.6535151365349248,2.4361093702684533,4.297481661961418,0.645257462737444
40,990.0,144.0,3.9379014361323557,2.625267624088237,1.560649652840541,5.174329908699993,0.6507416334108956
40,996.0,138.0,3.990774789709603,2.6605165264730686,2.4216320707147565,4.365785384715438,0.6561968497601994
40,1002.0,132.0,3.838215853669127,2.5588105691127514,1.7407995903967277,4.518944621293108,0.663165336473129
40,1008.0,126.0,3.924718449721111,2.6164789664807406,1.755087717338954,4.065952696269365,0.6709884638267292
40,1014.0,120.0,3.7518577199561935,2.501238479970796,2.036749418289644,4.817747711751,0.6755386302701535
40,1020.0,114.0,4.005416487249439,2.670277658166293,1.78863000653273,4.662350771240727,0.6818023423862608
40,1026.0,108.0,4.206858927614166,2.8045726184094444,2.053408730479519,3.981429829850623,0.6879692572420475
40,1032.0,102.0,3.9358499851563153,2.6238999901042104,1.9812864312586074,4.35184114274646,0.6931346729247744
40,1038.0,96.0,3.878618578081927,2.585745718721285,1.7497804836962978,4.6126353324142,0.6996836037356364
40,1044.0,90.0,4.392281053040923,2.928187368693949,2.061209126566963,4.484737677423254,0.7054118595800603
40,1050.0,84.0,4.0942716638892325,2.7295144425928215,1.7946522572714088,4.439469683966016,0.7116140925550093
40,1056.0,78.0,4.037591998181471,2.691727998787647,2.256423903774077,4.391882315674032,0.7160143608389888
40,1062.0,72.0,4.187985442039032,2.7919902946926882,2.2353216470809247,4.025680299929181,0.7234301597423907
40,1068.0,66.0,4.204012595196525,2.8026750634643496,1.6079492908728916,4.466946331405574,0.734177188179899
40,1074.0,60.0,4.095410977854777,2.730273985236518,2.0181221272343293,4.711115676633111,0.7432964232209298
40,1080.0,54.0,4.09692743968324,2.7312849597888267,1.9841321379630115,3.7388071354639223,0.7506410282894742
40,1086.0,48.0,4.136303225776645,2.757535483851097,2.0502274058398022,4.027717436357091,0.7558859637022182
40,1092.0,42.0,4.083375127096223,2.722250084730815,1.6605598500424241,3.8445721030289772,0.7603196677971836
40,1098.0,36.0,4.061033502147103,2.7073556680980686,1.9306280547179848,3.7366657054821997,0.764541814777092
40,1104.0,30.0,4.242481416025387,2.828320944016925,1.876247458799016,3.012863771935443,0.7744146870353251
40,1110.0,24.0,4.412239392892705,2.9414929285951366,1.6334511169378088,4.27889112811763,0.7776541709516811
40,1116.0,18.0,4.279055185575313,2.852703457050209,2.3140198142663504,4.250171434167838,0.784046216885692
40,1122.0,12.0,4.317335129821457,2.878223419880971,1.6393655530552118,4.346445690135155,0.7915359929408502
40,1128.0,6.0,4.275485449203375,2.8503236328022497,1.8314753268066035,4.400499936394859,0.7995135077909266
40,1134.0,0.0,4.169019738966666,2.779346492644444,2.01284334717131,4.257126223652033,0.8063277572878718
41,0.0,852.0,2.861938781032918,1.9079591873552788,1.423509320772538,3.1402860138635615,0.0026098892599075085
41,6.0,846.0,2.7563935024735877,1.837595668315725,1.5149955238852633,3.1835205003889477,0.0053047942994616255
41,12.0,840.0,2.7328514947149474,1.8219009964766315,1.8492783972773155,4.104534105586356,0.00973236830621732
41,18.0,834.0,2.7334473460849815,1.822298230723321,1.979808328897574,3.66426779748534,0.013385966733922935
41,24.0,828.0,2.904622301352021,1.936414867568014,1.722759071785299,3.788897262613603,0.0197173915294211
41,30.0,822.0,2.718098321457243,1.812065547638162,2.0791987203710103,4.724114286705756,0.022678700327295166
41,36.0,816.0,2.800410610742225,1.8669404071614835,2.4253281552949524,3.863634508044405,0.027229650315596866
41,42.0,810.0,2.722546073140565,1.8150307154270433,2.098455425333835,3.4954147022160953,0.029659542250312178
41,48.0,804.0,2.7400284897427953,1.8266856598285302,2.100278825553854,5.257071587345703,0.03454861082614526
41,54.0,798.0,2.942575882712925,1.9617172551419502,2.210507365982598,5.888820499185918,0.03949291442137074
41,60.0,792.0,2.760626744241064,1.8404178294940428,2.172248404876553,4.882742820083303,0.04226261546170182
41,66.0,786.0,2.8069223498912415,1.871281566594161,2.5263707880889283,4.503250638115075,0.0467262488494395
41,72.0,780.0,2.869675274486189,1.9131168496574593,2.604891115508428,5.632147993848124,0.053266404173046726
41,78.0,774.0,2.869323558541335,1.91288237236089,2.4889277710931648,6.010755007842244,0.05655178045339682
41,84.0,768.0,2.7723473802691108,1.848231586846074,2.347287231803206,6.293395911673049,0.06015369630765077
41,90.0,762.0,2.6808241191996527,1.7872160794664351,2.6951859460063257,6.430319789042282,0.06507556190836225
41,96.0,756.0,2.675226354033195,1.7834842360221301,2.6822985791059057,5.326186902150776,0.07028577458041207
41,102.0,750.0,3.0341523843328155,2.022768256221877,3.010599454484411,6.089732883089112,0.07574168703053213
41,108.0,744.0,2.8143155771055874,1.8762103847370584,3.124524929555799,5.823322095918263,0.07944097090943841
41,114.0,738.0,2.947367043975061,1.9649113626500407,2.562030094502068,6.82068285200955,0.08250666345703221
41,120.0,732.0,2.9353145511014582,1.9568763674009721,3.177084679897975,5.925265356109011,0.08794595998705652
41,126.0,726.0,2.95984624585736,1.9732308305715733,3.21501345965961,7.311544390257903,0.09221173879583229
41,132.0,720.0,2.8823025282833576,1.9215350188555718,2.8717380787009708,6.825052125681588,0.09660950629030456
41,138.0,714.0,3.0190910162595284,2.012727344173019,3.1330035605510145,6.1832612072274955,0.10119823604638657
41,144.0,708.0,2.6533852891427885,1.7689235260951923,2.8221307366893345,6.892007954162859,0.1041067556946875
41,150.0,702.0,2.9507731376367063,1.9671820917578042,2.908744617854574,5.9468602370963985,0.11042933536030934
41,156.0,696.0,2.9408553662645724,1.9605702441763817,3.097796265399649,6.754496148284227,0.11530069014418463
41,162.0,690.0,2.824399987958711,1.8829333253058074,3.0851023739286836,7.252614991930954,0.11889053559027353
41,168.0,684.0,2.954662732010376,1.9697751546735842,3.1551308060051966,7.108311119140954,0.1211152796112074
41,174.0,678.0,2.684207860690535,1.7894719071270233,3.2160374333345674,7.671213247675171,0.12530824162516377
41,180.0,672.0,2.9544639015234706,1.9696426010156471,3.2581672177572,7.50026713087556,0.13032174588413092
41,186.0,666.0,2.985740036648012,1.9904933577653414,3.5024830695677176,8.688840560406872,0.13653476510969464
41,192.0,660.0,3.0917385658702234,2.061159043913482,3.383634389038821,7.647610280090299,0.14001368873743558
41,198.0,654.0,2.8931128356657525,1.928741890443835,3.1290088681581745,7.552984169375938,0.14455484898398985
41,204.0,648.0,2.9613368671074434,1.974224578071629,3.0874804461245247,7.881172560874272,0.14807935901278477
41,210.0,642.0,2.7941666340058493,1.8627777560038996,3.3908983357230555,7.710405790855657,0.15214113189314704
41,216.0,636.0,3.26730795187273,2.1782053012484868,3.56586393115637,7.400696658043162,0.15787639588917624
41,222.0,630.0,2.9815674958000313,1.9877116638666876,3.209001463995341,7.7820459575014755,0.1629082860774154
41,228.0,624.0,2.8248824838934485,1.883254989262299,3.375376283185181,6.884228873195831,0.1662531059750505
41,234.0,618.0,2.7601585128614192,1.8401056752409461,2.971905920430981,7.510697420877498,0.17123043136725885
41,240.0,612.0,2.9256591961887026,1.9504394641258018,2.783947311805542,7.2724022296511075,0.1744470860344107
41,246.0,606.0,2.9124039834056727,1.9416026556037818,3.0270083593492156,7.382796698276151,0.17835542468312413
41,252.0,600.0,2.899367591587613,1.9329117277250754,3.321610772643295,7.526176789627611,0.18186664640494984
41,258.0,594.0,3.0833252665588136,2.0555501777058756,3.6815651716011524,7.120356202621086,0.18694936660728514
41,264.0,588.0,2.9888444064218143,1.9925629376145428,3.367858059681322,6.8544976486567455,0.18937922460036277
41,270.0,582.0,2.9249556801043792,1.9499704534029194,3.469043038361608,7.783539484704189,0.19512394472862582
41,276.0,576.0,2.7717750460757244,1.8478500307171497,3.2855989376860673,7.491516747242411,0.19982726219916253
41,282.0,570.0,2.878391576551031,1.9189277177006874,3.5217171448169755,7.7632425024173015,0.2038392604880211
41,288.0,564.0,3.057611805513859,2.0384078703425725,3.266615309935943,7.580087191151871,0.2096014728397606
41,294.0,558.0,2.7915618174277044,1.8610412116184696,3.5846835294212642,7.600025041553451,0.21388823058517978
41,300.0,552.0,3.147516993533663,2.098344662355775,3.3205692378292433,7.499544407297433,0.21937354505311044
41,306.0,546.0,2.9046195860041717,1.9364130573361145,2.9788322748837666,7.790571153460332,0.2227550270650709
41,312.0,540.0,3.0584377438535637,2.0389584959023757,3.195153185433689,7.626448198715208,0.22763750850599654
41,318.0,534.0,2.9939417200381517,1.9959611466921012,3.156407825547818,7.236131897470055,0.2326140706047221
41,324.0,528.0,2.9029919890607294,1.935327992707153,3.5647942411389804,7.664237727078338,0.23537724549631758
41,330.0,522.0,2.8878792636592894,1.9252528424395263,3.028851399823786,7.127754294899131,0.24003064787544012
41,336.0,516.0,2.910270024307863,1.940180016205242,3.184003846116381,7.693484088154567,0.24518901204751226
41,342.0,510.0,2.8953633890933292,1.9302422593955528,3.4152585100254984,8.188113007830475,0.2497230853546042
41,348.0,504.0,3.3412775922292943,2.2275183948195294,3.552389879501714,7.58341417438697,0.25646370431811133
41,354.0,498.0,3.0163787659484096,2.01091917729894,3.1066127584042675,7.353035087363231,0.2611363128517169
41,360.0,492.0,2.9156695708180496,1.9437797138786996,3.3024247733430827,6.806870839080552,0.26535015102787224
41,366.0,486.0,2.988527716151183,1.9923518107674554,3.1397512523544995,7.387294331630578,0.26889135108524226
41,372.0,480.0,3.0565818353219663,2.0377212235479774,3.25208890957722,7.531033762504524,0.27363256303038697
41,378.0,474.0,2.9735559944014853,1.9823706629343236,3.387986196010418,7.052736354883142,0.27999937899104116
41,384.0,468.0,3.2897500695259367,2.193166713017291,3.2964399954811396,6.9091182355953284,0.2861084576516219
41,390.0,462.0,3.195357827065588,2.1302385513770585,3.2706514392090074,6.247218838901139,0.2915143459059194
41,396.0,456.0,3.1006175289545124,2.0670783526363414,3.2311202211358263,6.987674525646342,0.29576522463078586
41,402.0,450.0,3.037045682121181,2.0246971214141207,3.4237504050767638,7.0557628082443316,0.2997461831472537
41,408.0,444.0,3.0529539521910807,2.035302634794054,3.1871486461045313,7.696422061995207,0.30442760668324753
41,414.0,438.0,3.314224964421726,2.209483309614484,3.148553401288778,7.875224633592755,0.310847802218936
41,420.0,432.0,3.0668568018829134,2.0445712012552755,3.300032566408036,8.09623300431131,0.3149949958967473
41,426.0,426.0,2.9474758423191667,1.9649838948794445,3.027062831206387,7.153274831499875,0.3182609507666037
41,432.0,420.0,3.072671178256433,2.0484474521709553,2.813790335031826,6.095021111358772,0.3219920259010529
41,438.0,414.0,3.2308234980754196,2.1538823320502796,3.1832413838888476,6.164165656288712,0.3283268061172314
41,444.0,408.0,3.133606770406001,2.0890711802706674,2.8978107243236506,6.800933010800353,0.33158051837058955
41,450.0,402.0,3.2497492576439195,2.1664995050959464,3.172291487974246,6.829337098965172,0.3379825670194115
41,456.0,396.0,3.287527284558529,2.1916848563723526,3.141762036180158,7.011282466881483,0.3462668604066107
41,462.0,390.0,3.058480841374422,2.038987227582948,3.09135651943211,6.3848033931602535,0.3519426655773558
41,468.0,384.0,3.080961631657014,2.053974421104676,3.0792263232116985,7.085185593954384,0.3575724414255341
41,474.0,378.0,3.3843171905486042,2.256211460365736,3.1040405108150684,6.576581862135903,0.36262792852514997
41,480.0,372.0,3.251787972716019,2.167858648477346,2.8299897834109706,6.140639895877332,0.36840844199608025
41,486.0,366.0,3.1097323092596687,2.0731548728397793,2.753336300181906,6.192726432165488,0.3730383875288986
41,492.0,360.0,3.182549919323759,2.1216999462158395,2.608601302321596,7.064828545923165,0.37874532057171073
41,498.0,354.0,3.336591164405587,2.2243941096037245,2.8271997455971807,5.9791020832906865,0.38429714232198703
41,504.0,348.0,3.445804746672501,2.297203164448334,3.120555625756117,6.102563245995856,0.3903560118103056
41,510.0,342.0,3.337405904136397,2.2249372694242644,2.7988060784918627,6.0736671014812025,0.393264612663172
41,516.0,336.0,3.427252178714387,2.284834785809591,3.110174208254598,6.929654396932329,0.3967449030414784
41,522.0,330.0,3.4708028642752646,2.3138685761835096,2.793318725920039,6.952844377584401,0.4049569562516601
41,528.0,324.0,3.5117763808531777,2.3411842539021186,2.6767858061765857,6.069674376055528,0.41255487157597365
41,534.0,318.0,3.3787280790476966,2.2524853860317977,2.6273348246783135,6.18558252771503,0.41914109248996934
41,540.0,312.0,3.450903329878583,2.3006022199190554,2.7520810039627897,5.562254363778402,0.4279607339772312
41,546.0,306.0,3.5299149129060483,2.353276608604032,2.5433330352195744,6.833700243424796,0.4330571399836721
41,552.0,300.0,3.5129803484325333,2.3419868989550223,2.7810555685683114,5.7564477909092915,0.43823064957922364
41,558.0,294.0,3.251372053276636,2.1675813688510908,2.571988624875501,5.0221863422837485,0.44445383998480104
41,564.0,288.0,3.4116140300539035,2.274409353369269,2.6115818783081735,5.587378526909508,0.44931026974516197
41,570.0,282.0,3.2991144252082756,2.199409616805517,2.5177550805797213,5.315830589188555,0.4547978671206887
41,576.0,276.0,3.430683652951911,2.287122435301274,2.636615562021027,6.061855700994206,0.4613442441310035
41,582.0,270.0,3.3339063699435396,2.2226042466290266,2.7089898550368883,5.613212174451016,0.4669160411601829
41,588.0,264.0,3.5016160079060454,2.3344106719373636,2.832686311653251,4.931796448464773,0.4742693509296714
41,594.0,258.0,3.4924360030895656,2.328290668726377,2.740380403777637,5.437018830623862,0.4816586149459174
41,600.0,252.0,3.444303161882993,2.2962021079219954,2.6099067826227675,6.188512033049992,0.48482228318971193
41,606.0,246.0,3.51607583557009,2.3440505570467267,2.563814050792079,5.33119479449054,0.4898513819618388
41,612.0,240.0,3.432521441787156,2.288347627858104,2.3394381953504384,5.571392402037219,0.49526659305239046
41,618.0,234.0,3.7380189251377507,2.4920126167585006,2.5060713885583454,6.097299061033539,0.5004185765381505
41,624.0,228.0,3.6280599033798526,2.418706602253235,2.3525439036260942,4.279070841291289,0.5073347131060044
41,630.0,222.0,3.662558960604001,2.4417059737360005,2.4245780004962367,5.193712695303903,0.5135364248762431
41,636.0,216.0,3.714427458341009,2.4762849722273392,2.5896915217206056,5.470106126725781,0.5237143323975827
41,642.0,210.0,3.5529469970879526,2.3686313313919682,2.4102741700400863,5.325961499565145,0.5309055799468237
41,648.0,204.0,3.617072443576883,2.4113816290512555,2.378264080365821,5.433793341121994,0.5412552893773706
41,654.0,198.0,3.7352925176391913,2.490195011759461,2.72306586139401,4.685736691998117,0.5443582356647433
41,660.0,192.0,3.672976828895418,2.448651219263612,2.303735160498473,5.5552344439013615,0.5519431047674387
41,666.0,186.0,3.6652970978624886,2.4435313985749922,2.3812672814343254,4.918167704273412,0.5587833096804216
41,672.0,180.0,3.6918672543957154,2.4612448362638104,2.603333862343465,4.224361443942536,0.5690503098151292
41,678.0,174.0,3.7781091059142655,2.5187394039428437,2.1832128194810574,4.442319783923146,0.5774275918262882
41,684.0,168.0,3.620865901345065,2.41391060089671,2.351630330096537,5.456460413608214,0.5845092310954266
41,690.0,162.0,3.6647308239937533,2.4431538826625023,1.9648477165247018,4.718334361478597,0.5908033092505466
41,696.0,156.0,3.6538526848565693,2.4359017899043796,2.4771618250613576,5.3398992314281015,0.5968222230735003
41,702.0,150.0,3.693116767746066,2.462077845164044,1.8514078257629478,5.0063328919132815,0.6036290673731797
41,708.0,144.0,3.682072085514788,2.4547147236765254,2.5733304480323893,5.339371008649713,0.6107048570464408
41,714.0,138.0,3.6432810573530587,2.4288540382353725,2.107279716063336,5.153532165085528,0.6207582850135298
41,720.0,132.0,3.8214740206428264,2.5476493470952177,2.29647653898357,4.199135471654126,0.6264327499365698
41,726.0,126.0,3.8652656590643604,2.5768437727095734,2.459747479751336,5.309455621804502,0.6361932812407642
41,732.0,120.0,3.823144086901882,2.5487627246012545,2.2605717660588374,4.3608512617164825,0.6423874880349535
41,738.0,114.0,3.919259765711731,2.6128398438078206,2.0511295244750767,4.152139049281678,0.6520969291709141
41,744.0,108.0,3.910399681547764,2.6069331210318425,2.3811408626419253,4.063771402208924,0.6586099515784392
41,750.0,102.0,3.952444205574326,2.6349628037162174,2.2191393794294028,5.503113712529155,0.6659334583869025
41,756.0,96.0,3.976777688232978,2.651185125488652,2.317477391840085,4.300869484014381,0.6717247201291703
41,762.0,90.0,4.1154453595162614,2.7436302396775076,2.272465491424638,4.398915435205608,0.6827774017682354
41,768.0,84.0,4.0361196599845135,2.6907464399896757,2.488073250449594,4.541137114318368,0.6888440038049188
41,774.0,78.0,4.096953823396822,2.7313025489312146,2.1250640773607588,3.9051366537519137,0.700495336210939
41,780.0,72.0,4.1292574491724165,2.752838299448278,2.102062830360621,4.515614062967495,0.7066656664776084
41,786.0,66.0,4.24285174923416,2.8285678328227735,1.9452937211344798,5.050538002793546,0.7145756669667586
41,792.0,60.0,4.049817929505016,2.699878619670011,2.1173848741169614,4.282802700170342,0.7194002078593804
41,798.0,54.0,4.2514184181803945,2.834278945453596,1.964897137204304,4.411234336009891,0.727511411268454
41,804.0,48.0,4.118848122223781,2.7458987481491874,2.3386941292147925,4.19887940488717,0.7344942668702897
41,810.0,42.0,4.066782582076465,2.7111883880509766,2.0225843541794815,4.692952920595327,0.7443534914579032
41,816.0,36.0,4.271397981826228,2.8475986545508185,2.000069911225986,3.9097526504591444,0.7527760111286672
41,822.0,30.0,4.285639910094475,2.8570932733963166,1.9003197658623314,4.436076096193574,0.7638588762686143
41,828.0,24.0,4.119010791457674,2.746007194305116,2.14636131405986,4.479040379140972,0.7757815273866115
41,834.0,18.0,4.353777190223957,2.902518126815971,2.029697667408068,4.774374966568601,0.7773838546669056
41,840.0,12.0,4.198697770791999,2.799131847194666,1.7989084867303036,4.260935795893891,0.7865203360824403
41,846.0,6.0,4.223063637706558,2.8153757584710384,1.7634604600245436,3.0,0.794892617301774
41,852.0,0.0,4.3203727281174835,2.8802484854116557,1.7283515682946289,3.3395969740998304,0.8039901973685623
42,0.0,834.0,2.5784347247351844,1.7189564831567896,1.6522661705293726,3.049406060574141,0.003647586729572964
42,6.0,828.0,2.836060391171084,1.8907069274473896,1.5746867607426875,4.388046677808342,0.007180949514675295
42,12.0,822.0,2.977162997878541,1.9847753319190273,1.693069237403619,3.749706947306243,0.012758228472841497
42,18.0,816.0,2.90068876306265,1.9337925087084333,1.9058031166509177,4.134513074292619,0.01763847190677295
42,24.0,810.0,2.881308552097162,1.9208723680647746,2.038156130007733,4.019226929639889,0.022735373485789436
42,30.0,804.0,2.6624333106310805,1.7749555404207202,2.001862333752992,4.036331623258941,0.026544345127811342
42,36.0,798.0,2.8769454493316116,1.917963632887741,2.6362264212084145,5.191836656344994,0.03192912117053307
42,42.0,792.0,2.755659688684106,1.8371064591227373,2.576776110085513,4.6208812603074145,0.037685853566509414
42,48.0,786.0,2.7440042175416828,1.8293361450277885,2.1441910975110567,4.911040307726133,0.042439559500690734
42,54.0,780.0,2.7224891163165488,1.8149927442110325,2.4127922720723727,5.790853538595421,0.04638894044356501
42,60.0,774.0,3.032750101423956,2.021833400949304,2.765363153848619,4.423886754896182,0.048705696853590975
42,66.0,768.0,2.6502308581226,1.7668205720817334,2.593915295223481,5.119037604007339,0.05162092270414872
42,72.0,762.0,2.931765841145212,1.9545105607634747,2.7124388471922893,5.640525294140745,0.05647836807695866
42,78.0,756.0,2.9731868882030486,1.9821245921353656,3.0192816101110944,5.026531498968913,0.06169382761591176
42,84.0,750.0,2.866344137156352,1.910896091437568,2.4668449878689227,6.693572815118777,0.06609618306335506
42,90.0,744.0,2.8295010901304556,1.8863340600869705,2.700091458011145,5.9516658111719885,0.07018382632560273
42,96.0,738.0,2.9696484159472836,1.9797656106315225,2.8621579701061917,6.284605065915158,0.07404122359837201
42,102.0,732.0,2.6931832041559867,1.7954554694373244,3.008572056397719,5.233160841945805,0.07683001863920429
42,108.0,726.0,2.874844895338272,1.9165632635588479,2.949616010564316,7.332507888936037,0.08209897927685036
42,114.0,720.0,2.8680607916577117,1.9120405277718078,2.9767668286769275,5.830482037033918,0.0875363986560575
42,120.0,714.0,2.85210455040662,1.9014030336044134,2.6239294905476322,6.973365474356905,0.09055344300941782
42,126.0,708.0,2.8376160595393176,1.8917440396928784,2.7841628762261412,6.88815773312953,0.09408496671819598
42,132.0,702.0,2.865542890059783,1.910361926706522,2.6591900635890653,5.9111263476763956,0.09946870072641198
42,138.0,696.0,3.0029802365588645,2.0019868243725765,3.1562564323315474,7.245752365095379,0.10397353610851062
42,144.0,690.0,2.9244244537267923,1.949616302484528,3.155884960708131,6.628491024780482,0.10914218602090854
42,150.0,684.0,2.9495658635706357,1.9663772423804238,2.822405795539219,6.784711650600609,0.11365498039894315
42,156.0,678.0,2.8040022795470803,1.869334853031387,3.346094235153518,6.799148433994092,0.11614149238278593
42,162.0,672.0,2.836590678740125,1.8910604524934167,2.978621078492452,6.723405007546167,0.12075554824998833
42,168.0,666.0,2.894742275284438,1.9298281835229585,3.07966782358541,7.640287503102029,0.12561434388962392
42,174.0,660.0,3.0121448589681985,2.008096572645466,2.977941373138424,6.219513916982916,0.13141378782815147
42,180.0,654.0,2.984268424777105,1.9895122831847367,3.685919657135352,7.502670824769428,0.1367031343889456
42,186.0,648.0,2.9922102701460416,1.9948068467640276,3.5307447612116243,7.085922810984866,0.14191978088976412
42,192.0,642.0,2.8473835524974547,1.8982557016649697,3.312758616870804,7.512100799523458,0.14533519927398098
42,198.0,636.0,2.6969171666102487,1.7979447777401658,3.302736167081327,7.298722097260029,0.14903028601280915
42,204.0,630.0,2.9006003983517163,1.9337335989011442,3.446928305559179,8.042752162835201,0.15223040651484648
42,210.0,624.0,3.135056511251586,2.090037674167724,3.431195963436526,7.373427096132839,0.1572532585270022
42,216.0,618.0,2.9557943335385524,1.9705295556923683,3.104551295963613,7.206660905715991,0.16183167673641413
42,222.0,612.0,3.0127222146477073,2.008481476431805,3.429703877949932,7.249864759845505,0.16639177720361392
42,228.0,606.0,2.8260884957827845,1.884058997188523,3.1270092661390017,6.849801758532367,0.1696081784492949
42,234.0,600.0,3.0332312045266665,2.022154136351111,3.370576311744704,7.707057859478838,0.17260226663695988
42,240.0,594.0,2.8305878004860197,1.8870585336573464,3.1444349564786602,7.339131281038303,0.17738230035040697
42,246.0,588.0,3.159287448722022,2.106191632481348,3.708040688470681,7.144460172656117,0.18260045597111704
42,252.0,582.0,2.9449885292006863,1.9633256861337909,3.4991438058139313,7.9253689241453475,0.18586898516321432
42,258.0,576.0,2.926565227444747,1.9510434849631648,3.013999872567414,8.282391684436904,0.1917013203025449
42,264.0,570.0,3.0994659808091365,2.066310653872758,3.4667271421840957,7.45295514576234,0.19546085970393998
42,270.0,564.0,3.0909362905073148,2.060624193671543,3.3021343760817854,7.997812067941441,0.20132958900157388
42,276.0,558.0,3.0677651574384948,2.045176771625663,3.426214559725682,7.875753198644355,0.20531026335186578
42,282.0,552.0,2.9738808624215816,1.9825872416143877,3.18993340179169,6.121402801508559,0.2076064918714354
42,288.0,546.0,3.1465145616992594,2.097676374466173,3.4742268161252627,7.055510059244176,0.21246228874558018
42,294.0,540.0,2.9177721512669703,1.9451814341779803,3.2769530707027545,6.790493317603603,0.21762163717691554
42,300.0,534.0,2.767597439606993,1.8450649597379953,3.4431487446098252,7.287115068537756,0.22234041114424385
42,306.0,528.0,2.870818598087651,1.9138790653917672,3.3452856470642485,8.151019560837694,0.22663378934326167
42,312.0,522.0,2.9355923009542115,1.9570615339694744,3.1326449734093047,6.778657692336447,0.2319325909429858
42,318.0,516.0,2.974258090538896,1.9828387270259304,2.8751503845684283,6.24975257125626,0.2369689747016982
42,324.0,510.0,3.0333574663782943,2.022238310918863,3.3592576639076004,8.34497384759155,0.2408550979425147
42,330.0,504.0,3.175228387985585,2.1168189253237233,3.431782011764732,6.966635266058397,0.24711878875756682
42,336.0,498.0,3.0794736372557217,2.0529824248371478,3.264131640074517,7.002668012102212,0.2521698376941099
42,342.0,492.0,3.0653987804968614,2.0435991869979078,3.0160139794785064,7.622586811560489,0.25525143713983467
42,348.0,486.0,3.102809614276598,2.0685397428510655,3.349348763123719,8.208757052898404,0.2606330697371133
42,354.0,480.0,2.8021906058299892,1.8681270705533262,3.1194305038812447,7.3892236667577995,0.2649008863590306
42,360.0,474.0,2.9662817000159953,1.9775211333439968,3.1484728083978717,7.5562439289349514,0.26920469199706304
42,366.0,468.0,3.1086588828026414,2.0724392552017608,3.5680174673321154,6.141905426794282,0.27451515355600753
42,372.0,462.0,3.098170919376925,2.0654472795846166,2.957778975527336,7.276935889044561,0.2788372950330385
42,378.0,456.0,3.175004121055578,2.116669414037052,3.3155959398719825,7.629989614953482,0.2859716363873245
42,384.0,450.0,3.4048511523352616,2.2699007682235077,3.4493991342398576,7.37278661552711,0.2926309664330804
42,390.0,444.0,2.9547629437365015,1.969841962491001,3.219237116678719,7.074486365209792,0.29584430235301673
42,396.0,438.0,3.2697993598199466,2.1798662398799644,2.7597317562526364,7.4285346547954125,0.30197785276821576
42,402.0,432.0,3.1288312976035066,2.085887531735671,3.066921328390622,6.962269406920312,0.3067966368992386
42,408.0,426.0,3.559040170666917,2.372693447111278,3.6332180039253346,7.310283308338934,0.31546147712900185
42,414.0,420.0,3.2626417500208866,2.1750945000139246,3.46092795531516,6.218608872130056,0.31977883642991767
42,420.0,414.0,2.9727643079702686,1.981842871980179,2.734033121944168,7.221731196210499,0.32413541688540537
42,426.0,408.0,3.0680701313118277,2.0453800875412185,3.0846906070977935,7.422450516958192,0.3302450521688611
42,432.0,402.0,3.4704232331500755,2.313615488766717,2.9607235475289646,7.060032663619389,0.33531038002717256
42,438.0,396.0,3.2506329048891636,2.1670886032594425,3.3107356427804464,6.664746839082804,0.3393087097980069
42,444.0,390.0,3.2855705641526822,2.190380376101788,3.1985702359668045,5.841823719479932,0.34562913270109685
42,450.0,384.0,3.261933919488944,2.1746226129926294,2.70787813723754,5.802083365382122,0.35059980062687146
42,456.0,378.0,3.255177629619731,2.1701184197464873,2.863845337942755,6.886645004376493,0.3569606429392186
42,462.0,372.0,3.2024930101335887,2.134995340089059,3.3631651658396327,5.800312925869197,0.3633804634618468
42,468.0,366.0,3.3133084532761554,2.2088723021841035,2.7965210477533855,5.825309676439234,0.36734649692813365
42,474.0,360.0,3.141606578814504,2.0944043858763357,2.756596942017474,6.0302314670639365,0.37217487832895807
42,480.0,354.0,3.249140604080006,2.1660937360533374,2.784542875031629,6.814104880438029,0.37704586246343813
42,486.0,348.0,3.3546398593532007,2.236426572902134,2.978009063222234,6.7874879022541235,0.3830304609024487
42,492.0,342.0,3.3250374882382823,2.2166916588255217,2.6326630741573904,6.763848255774052,0.38681384097054305
42,498.0,336.0,3.3487414298497535,2.2324942865665025,2.7699295657025957,5.882453064586115,0.3916671639173
42,504.0,330.0,3.2601683184837973,2.173445545655865,3.2071393914213204,5.810532879832972,0.3985887667498018
42,510.0,324.0,3.410084093807398,2.273389395871599,2.7471304217255557,6.054670929940464,0.4054769531150329
42,516.0,318.0,3.6088391541550418,2.4058927694366945,2.5357233396194876,6.3829776445858935,0.41337472319518986
42,522.0,312.0,3.3133508759946513,2.208900583996434,2.586949361309399,5.4559098530810335,0.4206602515364945
42,528.0,306.0,3.4118281523326996,2.274552101555133,3.0397266405413985,5.543625824822334,0.42478288686307736
42,534.0,300.0,3.423648705686812,2.282432470457875,2.8554677568556697,5.717205222651088,0.4316986912929499
42,540.0,294.0,3.4824258137080797,2.32161720913872,2.597915888959142,6.616840042199543,0.43729229525647473
42,546.0,288.0,3.3919767240004703,2.2613178160003136,2.5987661643731816,5.602791104626463,0.4427809055060228
42,552.0,282.0,3.4196461006611734,2.279764067107449,2.5337854196411165,6.123758252410433,0.4462065382963918
42,558.0,276.0,3.4496542075250245,2.2997694716833497,2.73678788161566,5.96769236242995,0.4542092540896487
42,564.0,270.0,3.5373940325341238,2.3582626883560827,2.807041941093086,6.162026912020913,0.4609914418745333
42,570.0,264.0,3.440434718092574,2.2936231453950495,2.9675138856932426,4.905093013333856,0.4663825073133887
42,576.0,258.0,3.626655392363529,2.417770261575686,2.4122094072930467,4.754947157262674,0.47420096087450414
42,582.0,252.0,3.4438161919634998,2.295877461309,2.486141121326408,5.5978344085421705,0.48098956785639435
42,588.0,246.0,3.6092170285120138,2.406144685674676,2.755885759875522,5.62636599378076,0.4896767746490182
42,594.0,240.0,3.423472951472581,2.2823153009817205,2.582432378522363,4.722899855224249,0.4949683203336891
42,600.0,234.0,3.6995937204654967,2.4663958136436643,2.5337950800710747,5.402672459056218,0.5056164069649872
42,606.0,228.0,3.4641511731638883,2.3094341154425924,2.624654388930175,5.490526742921188,0.5103432799318104
42,612.0,222.0,3.6994135893373765,2.4662757262249175,2.0705629629704534,5.542477323838893,0.516923422698624
42,618.0,216.0,3.5041054116160377,2.336070274410692,2.243424444957173,4.762341560642326,0.5209543010440297
42,624.0,210.0,3.6115539296150745,2.407702619743383,2.236631963271261,5.639504634888923,0.5277874958700608
42,630.0,204.0,3.5038385503666927,2.3358923669111284,1.9796984935750934,5.483410346636772,0.53508895209089
42,636.0,198.0,3.480867410824979,2.3205782738833194,2.307951353394684,4.938803749397099,0.5403593438131401
42,642.0,192.0,3.674548381351185,2.44969892090079,2.5033130772004792,5.818705206175782,0.5472437167126721
42,648.0,186.0,3.716004971069003,2.4773366473793352,2.1977103124168043,5.403916293789064,0.5513071822581583
42,654.0,180.0,3.8002268462438957,2.533484564162597,2.1414570477645043,4.713446322667279,0.5558234120465665
42,660.0,174.0,4.003658405948763,2.6691056039658423,2.2483821707045784,5.204279586355524,0.5665199313643985
42,666.0,168.0,3.6761718877752765,2.450781258516851,2.1835837262972504,5.074850362194927,0.570178521513049
42,672.0,162.0,3.6204492358780724,2.413632823918715,2.2667229589543094,4.9774129167888645,0.5750730689491295
42,678.0,156.0,3.8110351433160274,2.540690095544018,2.225199678177149,4.258132703789478,0.5830538959162079
42,684.0,150.0,3.7583790130100367,2.5055860086733577,2.297215995007194,4.102718081193614,0.5907100022674558
42,690.0,144.0,3.914151575588971,2.6094343837259806,2.2658198537791314,4.4952042531427105,0.596321404845495
42,696.0,138.0,3.701681574677635,2.4677877164517565,2.323115997170398,4.394145346798401,0.6038163248320008
42,702.0,132.0,3.697819933310363,2.4652132888735756,1.9712759297688636,4.818332998764688,0.6131172456248374
42,708.0,126.0,3.6938509631881464,2.4625673087920976,2.010070912482221,4.809104754178353,0.6202364843831377
42,714.0,120.0,3.7191331655157,2.4794221103438,2.2891056679018087,5.285030559001335,0.6269973837168641
42,720.0,114.0,3.855034612080287,2.5700230747201913,2.1095393897792687,4.495344206505357,0.6344048324354611
42,726.0,108.0,3.9968539961300182,2.6645693307533453,2.140017490891924,4.103065824830244,0.6440641522462193
42,732.0,102.0,4.029452408034691,2.686301605356461,2.0846690734714883,3.805859043773483,0.653980309018934
42,738.0,96.0,3.892944138897541,2.595296092598361,1.8382657526497688,3.2637542535135102,0.660540632754354
42,744.0,90.0,4.006771949593115,2.6711812997287434,2.0338063793834658,4.147705381817163,0.6724172946446719
42,750.0,84.0,4.070247317647263,2.713498211764842,2.130184667924276,3.8088646570238254,0.6839982916247312
42,756.0,78.0,4.062940963719468,2.708627309146312,1.9336494621128864,4.512484520722698,0.6884595057221995
42,762.0,72.0,3.8560975054876936,2.570731670325129,2.3465189765700205,3.739107927108409,0.6986582591113758
42,768.0,66.0,4.063978787879285,2.709319191919523,1.7633273446874664,4.19382423342805,0.7108471780234574
42,774.0,60.0,3.9286148242236036,2.6190765494824024,1.8863162266840137,4.331040522740309,0.717717003639621
42,780.0,54.0,4.040749737636733,2.693833158424489,1.8000281631801172,4.878925455403435,0.7250769339363969
42,786.0,48.0,4.093030702472789,2.7286871349818593,2.2150178779451024,4.3829690194821875,0.7342247182081677
42,792.0,42.0,3.9680140555122354,2.6453427036748236,2.0918757808046675,3.8327600488069837,0.739891854038556
42,798.0,36.0,4.239401512028333,2.826267674685555,2.2269155252513837,3.8515252022222684,0.7491979572811763
42,804.0,30.0,4.190716973681685,2.79381131578779,2.1826465324601965,3.6667506679991737,0.7570325849696138
42,810.0,24.0,4.317153785556687,2.8781025237044577,1.9412797403545905,4.2790560666010045,0.767075700035228
42,816.0,18.0,4.299814042299117,2.866542694866078,1.8163286627691502,4.704788748440826,0.7751385759141736
42,822.0,12.0,4.310173324465219,2.873448882976813,2.1310340787632183,3.0476055810535834,0.7797850572971138
42,828.0,6.0,4.120652782989768,2.747101855326512,2.1481404219525575,3.181336271873312,0.78905675843392
42,834.0,0.0,4.509258359479326,3.006172239652884,1.853920690402858,3.8460876156540516,0.8020991918492494
43,0.0,1392.0,2.813750633396293,1.8758337555975286,1.4385463614556164,3.0,0.003693787004953491
43,6.0,1386.0,2.7987689138356866,1.8658459425571243,1.628819067031166,3.0,0.005910350907973998
43,12.0,1380.0,2.7450206907848593,1.8300137938565728,1.7240709852431597,3.0,0.008531104646646847
43,18.0,1374.0,2.90665672997167,1.9377711533144468,1.7098491347920508,3.8580479043398563,0.011241730875714603
43,24.0,1368.0,2.6234213738315324,1.748947582554355,1.8175185417868431,3.95753730310854,0.0137461714547375
43,30.0,1362.0,2.6975112862135964,1.798340857475731,1.9565001271946008,4.318218094150977,0.016153057755520055
43,36.0,1356.0,2.7567482771827794,1.8378321847885195,2.094476778718768,4.620107003649009,0.019216934264440953
43,42.0,1350.0,2.890799701401272,1.9271998009341813,2.154521199308098,3.9166123624397087,0.022233275263101697
43,48.0,1344.0,2.8195562673628696,1.879704178241913,1.780158671335493,4.568787833406318,0.024145167885923236
43,54.0,1338.0,2.6409110045783533,1.7606073363855688,2.1482801639945164,3.485065281450144,0.0266065801702623
43,60.0,1332.0,2.8403558527032975,1.893570568468865,2.2065998624574963,3.86961072790824,0.029624061648557916
43,66.0,1326.0,3.00572779572562,2.0038185304837466,1.8942615230386293,4.5673063429399905,0.031669067976111666
43,72.0,1320.0,2.9486578480715906,1.9657718987143937,2.234193637473558,5.323348623113039,0.03409876181996702
43,78.0,1314.0,2.6848889535480547,1.7899259690320364,2.4876952633119442,4.396991550606423,0.036484958738525725
43,84.0,1308.0,2.7955247824132323,1.8636831882754883,2.4356326692437382,5.266696518077029,0.03837782066843782
43,90.0,1302.0,2.713149235424328,1.8087661569495521,2.537083137387432,5.137555429482541,0.04005044305804967
43,96.0,1296.0,2.768989854976976,1.8459932366513172,2.5133246440152703,4.42965654952503,0.04173871556263384
43,102.0,1290.0,2.858196792109565,1.9054645280730433,2.602695651471025,4.8982975968184705,0.04363983056154693
43,108.0,1284.0,2.903956090502111,1.9359707270014075,2.558752789614085,5.931804754482683,0.04732911035792625
43,114.0,1278.0,2.68048798027438,1.7869919868495867,2.4527771503754345,6.455652608232591,0.050214500263222744
43,120.0,1272.0,2.7748956297303597,1.8499304198202398,2.5504559248196146,5.645956614560304,0.05264621657893562
43,126.0,1266.0,2.9261621824511854,1.9507747883007902,2.4945562492375464,5.52797091079236,0.05628243842363071
43,132.0,1260.0,2.765803409495302,1.8438689396635348,2.345433882854293,4.78348414036021,0.05837379811890432
43,138.0,1254.0,2.796173913515116,1.8641159423434106,2.5992721356862845,5.461813411045653,0.060865770434824815
43,144.0,1248.0,2.633230651053244,1.7554871007021626,2.6803428946100962,5.307105259082911,0.06223577944036213
43,150.0,1242.0,2.7184356533407446,1.8122904355604963,2.6550233823535443,6.252323700827158,0.0652063646925276
43,156.0,1236.0,2.5438673188771648,1.6959115459181098,2.80094586036418,5.773751052216291,0.06672604578092284
43,162.0,1230.0,3.043380474432379,2.0289203162882528,2.469788305682128,6.558176832661159,0.07079832516118095
43,168.0,1224.0,2.782318111809631,1.8548787412064207,2.5571692214876918,6.785089679680501,0.0728364259927023
43,174.0,1218.0,2.763570795377474,1.8423805302516494,2.6679903853677827,5.616767318829998,0.07626728970967472
43,180.0,1212.0,2.8964032304575347,1.9309354869716897,2.8649152222916228,5.3531450964196,0.07865814294487508
43,186.0,1206.0,2.802959519795289,1.868639679863526,2.763998599239623,6.180598124725287,0.08143088790311581
43,192.0,1200.0,2.98169215539458,1.9877947702630534,2.8760722630968827,4.812870173640913,0.08354409036848244
43,198.0,1194.0,3.0449004584583728,2.0299336389722487,2.733922088962052,6.500513247984911,0.0867529219503624
43,204.0,1188.0,2.917810641266792,1.9452070941778612,3.078259637660814,6.89957133695557,0.0888899274336871
43,210.0,1182.0,2.7604604899959795,1.840306993330653,2.9049409377220727,6.684954293852896,0.09146832483433963
43,216.0,1176.0,2.8320382541917306,1.888025502794487,2.59157586511738,6.3461060497779505,0.09295848385122359
43,222.0,1170.0,2.725071080891209,1.8167140539274726,2.9866834929702746,6.944736812836821,0.09541084039445165
43,228.0,1164.0,2.8049532732034805,1.8699688488023203,2.7671142759294156,6.520049719319377,0.0979979062183515
43,234.0,1158.0,2.7995886779991155,1.8663924519994104,3.416296218393096,6.991982665002687,0.10026647659768362
43,240.0,1152.0,2.995351041714133,1.9969006944760885,3.0202936929161535,7.2401256237997345,0.10301245372724813
43,246.0,1146.0,2.7932916103601357,1.862194406906757,2.865725551280158,6.851452110961797,0.1043984903087205
43,252.0,1140.0,2.9175777775953984,1.9450518517302655,3.2417452860482308,6.419921634766024,0.10680261617420381
43,258.0,1134.0,2.7449348256797426,1.8299565504531616,3.062419098232484,6.121459427359021,0.10916226068752219
43,264.0,1128.0,2.9047083234742135,1.9364722156494756,3.4642478326050887,6.886876158453292,0.11132923679493875
43,270.0,1122.0,2.777285762807001,1.851523841871334,2.9941279743938183,6.147132768815881,0.1126186070410061
43,276.0,1116.0,2.9817385260423785,1.9878256840282524,3.0620964139572036,7.990751569220783,0.11624158762457816
43,282.0,1110.0,3.044111490014814,2.029407660009876,3.1175565295332937,7.377225112803345,0.11870568666010191
43,288.0,1104.0,2.791443086300256,1.860962057533504,3.050807028378881,6.927794393671295,0.12176577425132648
43,294.0,1098.0,3.011747720178086,2.007831813452057,3.1344138050357135,7.508963364767685,0.12382542836046698
43,300.0,1092.0,2.7548484358488246,1.8365656238992163,3.2241963848543445,5.761643594164362,0.12655041866120564
43,306.0,1086.0,2.9279059119768442,1.9519372746512296,3.1881156404568536,6.656625576141817,0.1290909206070535
43,312.0,1080.0,2.861323532383315,1.9075490215888766,3.334928502818601,6.334277641349034,0.13270478358247526
43,318.0,1074.0,2.7804249544933386,1.8536166363288924,3.4065219195345664,7.30724095352796,0.13598432067582003
43,324.0,1068.0,3.012934517499267,2.008623011666178,3.388101242460544,7.53980709390516,0.13817961307961193
43,330.0,1062.0,2.91404230340611,1.9426948689374066,3.312514429217663,7.316725253356397,0.1413792154689775
43,336.0,1056.0,2.9486566851379155,1.965771123425277,2.7584191424874027,7.413350511127682,0.14412558867863753
43,342.0,1050.0,3.11405612252633,2.0760374150175536,3.0676672476971776,7.75583440602438,0.14762415842405163
43,348.0,1044.0,2.875471091048007,1.916980727365338,3.2601428548392453,6.735465772810775,0.1502937483377774
43,354.0,1038.0,3.0953125636626906,2.0635417091084602,3.547557743111673,7.5728323590521684,0.15378949989303192
43,360.0,1032.0,2.961717472686017,1.9744783151240115,3.01568162179642,7.555493747224136,0.15626737303208313
43,366.0,1026.0,2.921065568946662,1.9473770459644413,3.318234709882217,7.617308087188746,0.15923202250480348
43,372.0,1020.0,2.9379791388137195,1.9586527592091463,3.39325160642361,6.66700581953672,0.1617729131569216
43,378.0,1014.0,2.9396757067350254,1.9597838044900169,3.6633689371341966,6.941619203806414,0.1638337926787057
43,384.0,1008.0,2.8061014266594677,1.870734284439645,3.322873863482899,6.953872334729716,0.165629526712633
43,390.0,1002.0,2.6833343077647154,1.7888895385098103,3.6160727927591805,6.451805261689121,0.16848022001727436
43,396.0,996.0,2.9183018575241317,1.9455345716827546,3.237873688203483,7.349835142153849,0.17177531752392697
43,402.0,990.0,2.9010527152281744,1.9340351434854497,3.102971860969727,7.0353412641195145,0.17486371456082828
43,408.0,984.0,2.947960325376884,1.9653068835845893,3.053152194897646,7.084668993079908,0.17719971440508903
43,414.0,978.0,3.034949003670827,2.023299335780551,3.380314750005701,7.761857325169801,0.18014553751307025
43,420.0,972.0,2.8216888788311736,1.8811259192207823,3.017785678713148,6.858808695615006,0.18327516925926057
43,426.0,966.0,2.9001621121838475,1.933441408122565,3.5037419251898627,6.206999065536457,0.18550689748294721
43,432.0,960.0,2.8574240319187223,1.9049493546124816,3.905500922782042,8.275421603240742,0.18783962949826727
43,438.0,954.0,3.2773408480637016,2.1848938987091344,3.4424935756496007,6.957436486266028,0.19050841746959069
43,444.0,948.0,2.967116763039422,1.9780778420262815,3.338382039703085,7.784570423494838,0.1921952519693954
43,450.0,942.0,3.2478883850468323,2.1652589233645547,3.261250650845044,7.674602961065024,0.19629690090831736
43,456.0,936.0,2.8039782455795437,1.8693188303863624,3.0630437804665944,6.614119849126409,0.19913627873540513
43,462.0,930.0,2.908325575884068,1.9388837172560454,3.221382748229767,7.843025501828654,0.20191849509841892
43,468.0,924.0,2.994550749551319,1.996367166367546,3.3268771112647446,7.474687178311594,0.20442428720468903
43,474.0,918.0,2.780503035484805,1.8536686903232031,3.8069059448003384,7.703328431253104,0.20818075237399813
43,480.0,912.0,2.842482605441067,1.894988403627378,3.326563276546593,7.697622191262182,0.21004997963024055
43,486.0,906.0,2.906418407102892,1.937612271401928,3.3390353468807494,7.715750412597485,0.21264720920679264
43,492.0,900.0,3.142040539426826,2.094693692951217,3.386855310286998,7.415603201166575,0.21688040696017952
43,498.0,894.0,2.9594925758189623,1.9729950505459748,3.2577577936370927,7.139415604367167,0.2202460458590128
43,504.0,888.0,3.1692984482314572,2.1128656321543047,3.0908462538191337,6.87915863813486,0.22244948885698412
43,510.0,882.0,3.0540988473965758,2.036065898264384,3.714985257930261,7.4845983306366435,0.22615088807794123
43,516.0,876.0,3.1488573625402023,2.099238241693468,3.2933018067713533,6.754554606799194,0.22917398154658272
43,522.0,870.0,2.9256931179196943,1.9504620786131295,3.507106160639407,7.550011578198829,0.23157934768225213
43,528.0,864.0,3.1537108118350194,2.10247387455668,3.5935595351358653,7.695958711972164,0.23374730068122265
43,534.0,858.0,2.9565377310635386,1.9710251540423591,3.4118539405466057,7.219638833370421,0.2362558413264706
43,540.0,852.0,3.105938759360879,2.0706258395739194,3.5864099070869235,7.47148304473702,0.23967878287420513
43,546.0,846.0,2.9051342759036776,1.936756183935785,3.376115170776234,7.418218549514305,0.24192884547228669
43,552.0,840.0,3.28608425755261,2.1907228383684068,3.324478631270378,7.572444855790028,0.24551438677586168
43,558.0,834.0,2.9829796725228737,1.988653115015249,2.9148175106667886,7.4202999159059635,0.24912530072763395
43,564.0,828.0,3.013984776641592,2.009323184427728,3.1260959364362964,6.372630927185948,0.2521041185987607
43,570.0,822.0,3.1452751239024117,2.0968500826016077,3.4030704041577957,6.171793144241309,0.25479058618183725
43,576.0,816.0,2.9697462606156635,1.9798308404104423,3.365237910587819,7.447539932563427,0.2577622114735013
43,582.0,810.0,3.09412659372546,2.06275106248364,3.250253933517591,7.694196185987295,0.26081191009895305
43,588.0,804.0,3.0512469512927423,2.0341646341951614,3.485293189933566,6.326055192314824,0.26342910096285
43,594.0,798.0,3.1272564919498653,2.08483766129991,2.8339246363823243,7.91472517520423,0.2661915293633392
43,600.0,792.0,3.2369615658687265,2.1579743772458175,3.3582039403902373,7.294713184111297,0.26885396218491314
43,606.0,786.0,3.0752721832752297,2.0501814555168196,3.125171936486671,8.171747019522886,0.2717848513846094
43,612.0,780.0,3.2352347671658905,2.1568231781105935,3.2041218372899607,6.815293304341285,0.27490844075340654
43,618.0,774.0,3.1280741319094405,2.0853827546062935,3.305314606755172,6.9734117065332,0.2783098715308851
43,624.0,768.0,3.246343820142021,2.164229213428014,3.1887537121002003,7.280230795945406,0.2809655091217602
43,630.0,762.0,3.134098780240639,2.0893991868270927,2.8899730034512072,6.486024075068242,0.28300606812920737
43,636.0,756.0,3.117812599915804,2.0785417332772025,3.4591530738947456,7.12667132128941,0.2862378416605135
43,642.0,750.0,3.260883622388107,2.173922414925405,3.2678986103324275,7.751908484846155,0.2897395499920392
43,648.0,744.0,3.075535204159697,2.0503568027731314,3.0252241711106738,7.390237577855324,0.2924587719259396
43,654.0,738.0,2.9413716836409973,1.9609144557606648,3.3536376224393667,7.487451162585176,0.2963009499606577
43,660.0,732.0,3.135047915215774,2.090031943477183,2.7939992893377155,7.320314645090184,0.2999824886008922
43,666.0,726.0,3.066330342490161,2.044220228326774,3.172910666834417,6.821658461955864,0.3029011808009769
43,672.0,720.0,3.2142525231196952,2.14283501541313,3.3386740218177327,7.632970811870037,0.30467947880633905
43,678.0,714.0,3.1196673171112197,2.0797782114074796,2.8119823318027977,6.4915742793832925,0.30829719838614783
43,684.0,708.0,3.0279826751177166,2.0186551167451445,3.004332885005378,6.39870270824428,0.3109523465877864
43,690.0,702.0,3.2470324111921745,2.164688274128116,3.157464131182003,7.729024885005373,0.3139628071416366
43,696.0,696.0,3.2230084029965487,2.148672268664366,3.094116333091457,7.805288795060883,0.3171854144628344
43,702.0,690.0,3.362693831050516,2.2417958873670107,3.3140622945723863,6.382049164909249,0.31998423281274135
43,708.0,684.0,3.174461536727585,2.1163076911517233,3.08276663221777,6.529778306053124,0.32226841841859066
43,714.0,678.0,3.213793273905695,2.1425288492704633,2.916548116730648,6.570864875632741,0.3247548344313181
43,720.0,672.0,3.1682115505546227,2.112141033703082,2.972800681685648,7.612097234282779,0.3278597361572803
43,726.0,666.0,3.0383834977937707,2.0255889985291806,3.272449267108019,6.235179069036304,0.33024786466454
43,732.0,660.0,2.994735932512142,1.9964906216747613,3.039509148897566,7.106459762014401,0.33147026440733934
43,738.0,654.0,3.042948266577268,2.0286321777181784,3.2086982341324997,6.197727662840719,0.3341592888071375
43,744.0,648.0,3.1230460182562108,2.082030678837474,3.0997050566572533,7.719784037595134,0.3367436657504798
43,750.0,642.0,3.2335301917817607,2.155686794521174,3.083843941834772,5.848487596480268,0.33873887947949355
43,756.0,636.0,3.09503135615238,2.06335423743492,3.471552200400556,6.217961481244436,0.34165819969339745
43,762.0,630.0,3.199564995738697,2.1330433304924648,3.334755425226727,6.238634010063524,0.34604477804829326
43,768.0,624.0,3.2507712191621563,2.1671808127747707,3.2263598627496743,6.507267549508736,0.3502672763698245
43,774.0,618.0,3.298271373503339,2.1988475823355595,3.207094483323385,7.0191032875745165,0.3539799749642371
43,780.0,612.0,3.269663162526803,2.1797754416845354,2.7044011689089773,6.4109346987512605,0.359553699246305
43,786.0,606.0,3.310994251631452,2.2073295010876346,3.377644004872729,6.704486199142958,0.36165574279807644
43,792.0,600.0,3.3782001537340194,2.2521334358226794,3.1946536436048167,6.624284906594447,0.3645535690766611
43,798.0,594.0,3.168161723204005,2.112107815469337,2.922847569682248,6.492152321010111,0.36872667859360586
43,804.0,588.0,3.1832293642585703,2.1221529095057137,3.1214938508906545,6.15910042401477,0.37217757703253046
43,810.0,582.0,3.2735765044362712,2.1823843362908475,3.1839541226405643,7.453934712973651,0.3758609951355245
43,816.0,576.0,3.380086886725699,2.2533912578171327,3.028740393591605,6.128432889773009,0.378761474443011
43,822.0,570.0,3.262927333492833,2.175284888995222,3.12128539037932,6.336932164971755,0.3820010371808192
43,828.0,564.0,3.3287626118589606,2.2191750745726404,3.21860145312136,5.429790888911,0.3859771616415229
43,834.0,558.0,3.3643960439398994,2.242930695959933,2.84080633328437,6.152812654217277,0.3895710687688966
43,840.0,552.0,3.4370190962053218,2.291346064136881,3.0898751650044947,6.954720748959327,0.3929127545224561
43,846.0,546.0,3.249420057742153,2.1662800384947687,2.5084729722331844,6.1211445254316565,0.39641829440367077
43,852.0,540.0,3.421657957108932,2.2811053047392877,2.932675081168779,6.932584957508668,0.40038691370482354
43,858.0,534.0,3.36558602377075,2.2437240158471665,2.8217151173405646,6.439964805065002,0.40427452507863443
43,864.0,528.0,3.1592955363774053,2.1061970242516037,2.9517384501207498,5.97257084802192,0.4088484787370705
43,870.0,522.0,3.2988701987443063,2.199246799162871,2.703636097904583,6.530870596190671,0.41267430696428564
43,876.0,516.0,3.2068500617345155,2.137900041156344,2.864593750766854,5.676686883725435,0.41741958253639105
43,882.0,510.0,3.424276628967031,2.2828510859780207,2.8213032263994298,5.672088898422774,0.4208484703412723
43,888.0,504.0,3.418723311997672,2.2791488746651147,2.6404887679110955,5.48148518618814,0.4245219946965735
43,894.0,498.0,3.330244780413121,2.220163186942081,3.2078339550562145,6.379288905277294,0.4290034858822467
43,900.0,492.0,3.3669343541381633,2.2446229027587754,2.4626766398677287,6.0510551955522915,0.43190112340083564
43,906.0,486.0,3.3177422327295427,2.2118281551530283,2.7395143184134447,5.516352555871175,0.43343981677713805
43,912.0,480.0,3.3824777231848664,2.254985148789911,2.7382397566709007,6.627993113458884,0.4359198578954366
43,918.0,474.0,3.529928102388409,2.3532854015922724,2.524275861242649,5.538285116842628,0.4386518629281114
43,924.0,468.0,3.427731916177251,2.285154610784834,2.8607818012814015,5.813669720098002,0.44312810548616544
43,930.0,462.0,3.3627100724101866,2.2418067149401244,2.76539699248234,4.823735288668906,0.4475589959583938
43,936.0,456.0,3.4797017657486142,2.319801177165743,2.5216642154065294,6.168319579432607,0.4510637789430759
43,942.0,450.0,3.599656749651656,2.399771166434437,2.7513186157096676,5.513352890178079,0.45490517512030376
43,948.0,444.0,3.6729473174019938,2.4486315449346625,2.576259716439582,5.154407150942302,0.4613674755930596
43,954.0,438.0,3.387539601761506,2.2583597345076707,2.5775755906894107,5.995298004125252,0.4649008746996936
43,960.0,432.0,3.5203022313927774,2.3468681542618515,2.5805665069049515,5.7503731144018015,0.466538411741905
43,966.0,426.0,3.72689035974796,2.4845935731653066,2.4944443876948963,5.505882171957761,0.4717369806772131
43,972.0,420.0,3.4781956137267644,2.318797075817843,2.4984812049941807,5.2605289254476295,0.47549420713874047
43,978.0,414.0,3.3942617776115944,2.262841185074396,2.6432774338506873,6.193444177120614,0.4802489229503857
43,984.0,408.0,3.4397044620772372,2.2931363080514915,2.240424847553432,5.134114767585923,0.4846008906783997
43,990.0,402.0,3.5630532774095602,2.3753688516063733,2.705895848488915,5.848041268257537,0.4876981296360798
43,996.0,396.0,3.52659286126249,2.3510619075083268,2.672048486568626,5.230662305617254,0.49187067762192593
43,1002.0,390.0,3.4945325124029094,2.3296883416019396,2.8048746280896357,5.369440380908464,0.49504018943404726
43,1008.0,384.0,3.404451672309196,2.269634448206131,2.579238391840608,5.356576745805959,0.4998606534103143
43,1014.0,378.0,3.441907081896462,2.294604721264308,2.675319766721043,5.125136919941548,0.5032404879188772
43,1020.0,372.0,3.565174169943784,2.376782779962523,2.61667170695776,4.885776199579708,0.507304946962199
43,1026.0,366.0,3.5555058519176974,2.370337234611798,2.7032984872931594,4.77009737447528,0.5094302298259012
43,1032.0,360.0,3.4741303409497335,2.316086893966489,2.825875044371499,5.023252455889854,0.5125391064193309
43,1038.0,354.0,3.5436722215938365,2.3624481477292245,2.1798364131125716,6.137145577946626,0.5168617701600919
43,1044.0,348.0,3.563068230196335,2.37537882013089,2.2053787627773405,4.856747906097627,0.5205535442994907
43,1050.0,342.0,3.427956808027241,2.2853045386848274,2.4818403632807655,4.475990274298329,0.5231740220888171
43,1056.0,336.0,3.625324396008038,2.4168829306720254,2.0474797513620087,5.748512924022507,0.5278836303580052
43,1062.0,330.0,3.6814496493030746,2.4542997662020496,2.586166479553223,6.301037713723543,0.5325078564981851
43,1068.0,324.0,3.715384830360563,2.4769232202403755,2.482028560852926,4.959561420136234,0.5375965041695667
43,1074.0,318.0,3.546773126227041,2.3645154174846943,2.2346487267842186,5.080436892854379,0.5424961858025378
43,1080.0,312.0,3.7383446972039844,2.4922297981359898,2.585411067745678,5.349267631241051,0.5475789332656832
43,1086.0,306.0,3.691803736574168,2.461202491049445,2.4923442436827976,4.806419501981792,0.5509963051790109
43,1092.0,300.0,3.6593661593817917,2.439577439587861,2.357050352098163,5.2762682743086735,0.554396268928603
43,1098.0,294.0,3.675185888755434,2.450123925836956,2.3805024780765773,5.1443675846696095,0.558875335723151
43,1104.0,288.0,3.7275300472160655,2.485020031477377,1.9950845704751585,5.07188993999381,0.5628078500988559
43,1110.0,282.0,3.6972632020327887,2.4648421346885256,2.1481044836662404,4.471161820766483,0.5665461193745125
43,1116.0,276.0,3.762137453480928,2.508091635653952,2.597617029435525,4.6891044021977235,0.5697610063042216
43,1122.0,270.0,3.6792429121108468,2.4528286080738977,2.319470906142644,4.843690201377614,0.5735478666921303
43,1128.0,264.0,3.7739324713327305,2.515954980888487,2.4031156307612025,4.962545636952104,0.5761532364165864
43,1134.0,258.0,3.828310468659928,2.5522069791066184,2.6022247661270557,4.439844316158466,0.5811304367477107
43,1140.0,252.0,3.6684980106754104,2.4456653404502737,2.3295488563909355,5.148275073741124,0.5871182302797681
43,1146.0,246.0,3.7320450701163104,2.488030046744207,2.012352871575218,5.096098251911051,0.5927059102691079
43,1152.0,240.0,3.904855534306834,2.6032370228712227,2.5754952265792572,4.371815684280894,0.5965504676714616
43,1158.0,234.0,3.819655798281328,2.546437198854219,2.2084718649782094,5.860945657420847,0.599761776823346
43,1164.0,228.0,3.7882239013162167,2.525482600877478,1.9899500548666134,5.36171216751574,0.6020854017973831
43,1170.0,222.0,3.5498607289789383,2.3665738193192922,2.1784271126684898,3.8965315600762938,0.6083259413472288
43,1176.0,216.0,3.951420618376268,2.6342804122508454,2.1714417064470144,4.670764013131937,0.613173302364098
43,1182.0,210.0,3.952598983343516,2.6350659888956773,2.3234048541409678,4.120724562179806,0.6200725019526881
43,1188.0,204.0,3.9278341784905013,2.6185561189936677,2.202142446890292,6.249995098854119,0.6267717433011734
43,1194.0,198.0,3.8887989521096986,2.5925326347397992,2.1878714833320148,4.710275053205343,0.6303126808681825
43,1200.0,192.0,3.7966964645100023,2.5311309763400014,2.208972287361729,4.698894979688304,0.6343903886030507
43,1206.0,186.0,3.948880077483268,2.632586718322179,2.0524888139317228,4.71393512979271,0.6406378681527409
43,1212.0,180.0,3.8340504173632173,2.556033611575478,2.031576735101363,5.260402775259816,0.644633549173656
43,1218.0,174.0,4.084622991925287,2.7230819946168583,2.162282725273079,4.577696278980935,0.6515830126230525
43,1224.0,168.0,3.8014474671690714,2.534298311446048,1.9835406376387663,4.750142473798129,0.6551951958319149
43,1230.0,162.0,3.921599471643523,2.614399647762349,2.1471802976166052,4.349841989684317,0.6605648525504398
43,1236.0,156.0,4.011015340896727,2.674010227264485,2.13483927488647,4.253755751156641,0.6646855316387189
43,1242.0,150.0,4.017179825784173,2.6781198838561155,2.183991530584141,4.271457824658059,0.669834977941143
43,1248.0,144.0,3.838049463031046,2.5586996420206973,2.0074971494436955,4.954690187166923,0.6744601346295084
43,1254.0,138.0,3.886299489484451,2.5908663263229674,1.696945574725064,4.767139544022396,0.6820474979577
43,1260.0,132.0,4.0515968788639,2.7010645859092666,2.0464378640291963,4.516046915022257,0.6868964659102458
43,1266.0,126.0,4.041347074629572,2.694231383086381,1.9801460579239045,4.699345758090189,0.6910775554626257
43,1272.0,120.0,4.041426437955866,2.694284291970577,2.22349679512746,4.919476989808906,0.6951282248767235
43,1278.0,114.0,4.202812637097931,2.8018750913986206,1.968224670296123,3.8141775420442676,0.7013388603024407
43,1284.0,108.0,3.913402913737788,2.6089352758251922,2.051835505827641,4.8466280244853035,0.7040590264064757
43,1290.0,102.0,4.047366418409831,2.698244278939887,1.9830264414119825,4.833460003142578,0.7091279628390004
43,1296.0,96.0,3.987577643093694,2.6583850953957957,2.098026628711649,4.585344944887447,0.7164070048363402
43,1302.0,90.0,4.058021687080207,2.7053477913868047,1.8956710479191792,4.5649357388099965,0.721981709550527
43,1308.0,84.0,3.974249321519485,2.649499547679657,1.786921304696378,3.5425251570607363,0.7265971070927478
43,1314.0,78.0,4.031004110885919,2.6873360739239462,2.0732336129762845,3.763040216826046,0.7318856064216578
43,1320.0,72.0,4.062607707115601,2.708405138077067,2.0714614754832565,4.269589257931351,0.7353979399151225
43,1326.0,66.0,4.134551512306455,2.7563676748709702,1.6815722425855415,4.216292927780826,0.7404259413426404
43,1332.0,60.0,4.167770626375178,2.7785137509167854,2.195437934908709,3.6658359888294534,0.7473530364950204
43,1338.0,54.0,3.927370799220918,2.6182471994806122,1.9234200501616638,3.6048583386630804,0.7520261152830406
43,1344.0,48.0,4.2027389531211305,2.8018259687474205,1.8911243968130063,4.249655966301726,0.759161074528203
43,1350.0,42.0,4.343995842711638,2.895997228474425,2.0888067767099914,3.8345819084470185,0.76523884175353
43,1356.0,36.0,4.177283137653899,2.784855425102599,1.8093448515519963,3.489365211947711,0.7726799147782036
43,1362.0,30.0,4.386612176790975,2.9244081178606502,1.7629458852841076,4.463511475560034,0.77979694498576
43,1368.0,24.0,4.227153224824118,2.8181021498827454,1.988834110718732,3.921249119419464,0.7852137253979161
43,1374.0,18.0,4.278607288784474,2.852404859189649,2.036369939844656,3.0871469185093487,0.7920100855781668
43,1380.0,12.0,4.171109956798483,2.7807399711989884,1.9706191289004955,4.0934619405272015,0.7954245034729048
43,1386.0,6.0,4.165630514684898,2.7770870097899323,1.844647724928495,3.808870878203796,0.7997119104685961
43,1392.0,0.0,4.305599771541851,2.8703998476945674,1.7982705535355246,4.657378800523034,0.8048500539023185
44,0.0,1314.0,2.9321374996157292,1.9547583330771527,1.5947542358022708,3.0,0.003112411146911272
44,6.0,1308.0,2.834522199078357,1.889681466052238,1.2903135321826915,3.880338528442388,0.006243059263153555
44,12.0,1302.0,2.7961252631952553,1.8640835087968368,1.5792305156592368,3.0,0.009962141271862221
44,18.0,1296.0,2.5982989789615476,1.7321993193076983,1.6740588450165326,3.6390836360390635,0.0122653179320511
44,24.0,1290.0,2.8420112806671147,1.89467418711141,1.7940013955397685,3.4991781072001005,0.01408549225643462
44,30.0,1284.0,2.6399235370497274,1.7599490246998182,2.1400613615320534,4.6333507762124375,0.01645291975877415
44,36.0,1278.0,2.887800677945986,1.9252004519639907,2.039011491973892,3.7228791147128084,0.019210634165432762
44,42.0,1272.0,2.7257122023647917,1.8171414682431946,1.9205398168404675,4.758794926662441,0.021509525966696356
44,48.0,1266.0,2.763964742230979,1.8426431614873193,2.042329957577703,5.190378665474665,0.024587660830364594
44,54.0,1260.0,2.839427326743462,1.892951551162308,2.0877473292799387,5.039454304823202,0.026927178128083838
44,60.0,1254.0,2.8328871644700584,1.888591442980039,2.6135130803446383,4.706566648783353,0.029834811546814784
44,66.0,1248.0,2.629641191019035,1.7530941273460234,1.9091110305823438,5.844966526169322,0.03222127961940688
44,72.0,1242.0,2.768367176389133,1.8455781175927555,1.9806105192858887,5.137628440706698,0.03399738834972774
44,78.0,1236.0,2.8398023760971913,1.8932015840647942,2.297673488061081,4.962074195008775,0.036248642167516776
44,84.0,1230.0,2.6147211168392226,1.7431474112261485,2.328869525086435,4.970376605256358,0.03754005577072711
44,90.0,1224.0,2.669926772686305,1.77995118179087,2.3828817183016864,4.571738195209948,0.040446931367089926
44,96.0,1218.0,2.698317837468426,1.798878558312284,2.523172332309331,4.671515699886323,0.042328375812846736
44,102.0,1212.0,2.9466625428172675,1.9644416952115116,2.448178845715511,5.584539443337008,0.04601004442316194
44,108.0,1206.0,2.9767536319053307,1.9845024212702205,2.8026959017640682,5.16533825772495,0.049445517003791045
44,114.0,1200.0,2.9230113171007357,1.9486742114004905,2.5179386024444734,6.057452347645749,0.052607855179598366
44,120.0,1194.0,2.5914650771168133,1.7276433847445423,2.509479804987461,4.7891259480022725,0.05600582847037107
44,126.0,1188.0,2.875833890304142,1.9172225935360947,2.4704457222492326,6.308868128252852,0.058907528037646095
44,132.0,1182.0,2.738948501232186,1.8259656674881242,2.3221107129822514,5.574329561192514,0.060866091649278704
44,138.0,1176.0,2.967696041808644,1.9784640278724295,2.936880200952184,5.561980843019498,0.064227290916729
44,144.0,1170.0,2.564822022282158,1.7098813481881052,2.78718520836109,5.741505707333305,0.06644211883467055
44,150.0,1164.0,2.692892783952786,1.7952618559685238,2.4807557310382085,6.513647989979538,0.06993813080938138
44,156.0,1158.0,3.0531472202389707,2.0354314801593136,2.7508419864744345,6.56938117244091,0.07301332252268924
44,162.0,1152.0,2.934343058992999,1.9562287059953327,2.7676011131712017,5.460894488691402,0.0764734378846742
44,168.0,1146.0,2.7460513202504955,1.830700880166997,3.0959578542481614,5.809911960397052,0.07761226940759793
44,174.0,1140.0,2.6773802165157696,1.7849201443438465,2.799846385334895,5.618790992257948,0.08009523021212041
44,180.0,1134.0,2.7502646376264543,1.8335097584176363,3.158959261738726,6.349136596544487,0.08207596855520755
44,186.0,1128.0,3.0028533215163784,2.0019022143442524,3.1399996408057937,6.216660461855698,0.0848761899863743
44,192.0,1122.0,2.9478740136894075,1.965249342459605,2.9701641473682545,7.015660823538142,0.08711445312090373
44,198.0,1116.0,2.822177435499915,1.8814516236666101,3.113003974107129,6.802509965146877,0.08827429747482536
44,204.0,1110.0,2.967908285218367,1.9786055234789115,2.9715255434182857,6.790343449687146,0.0909083162615246
44,210.0,1104.0,3.0689935350234165,2.045995690015611,3.1632169362901807,6.8287116962569705,0.09451539324103993
44,216.0,1098.0,3.076062495215484,2.050708330143656,2.802594223128659,6.085956858619603,0.09708322978378325
44,222.0,1092.0,3.046172352437291,2.0307815682915273,2.978625688795802,7.236559750048467,0.09987962678907165
44,228.0,1086.0,2.6487848719184424,1.7658565812789615,3.0286708010232273,6.42225281887022,0.10242465784480399
44,234.0,1080.0,2.873238997795178,1.9154926651967854,3.1260242421486018,7.060197555704731,0.10370657368366398
44,240.0,1074.0,2.6926455708608374,1.7950970472405583,3.048507751832964,6.658441057067259,0.10676960175380551
44,246.0,1068.0,2.781601319269068,1.8544008795127118,2.937569143584768,7.2266288713518545,0.10805407366020488
44,252.0,1062.0,3.006050895922424,2.0040339306149493,3.1624302126213393,6.753771616679379,0.1106232303617605
44,258.0,1056.0,2.9963089714876596,1.9975393143251063,2.845660137713571,6.4466129667090275,0.11203398759528115
44,264.0,1050.0,2.8699413039578854,1.9132942026385902,3.3311528615175,7.247109294449263,0.11499109367086623
44,270.0,1044.0,2.874284950766888,1.9161899671779254,2.85722246053943,6.9411239315609405,0.11692732117279568
44,276.0,1038.0,2.7205066437849754,1.8136710958566502,3.19314142088263,6.647551798004487,0.11847932583139041
44,282.0,1032.0,2.993448737523002,1.9956324916820014,3.0645825894115775,6.886376968757893,0.12087016168190044
44,288.0,1026.0,2.8158089038413925,1.8772059358942617,3.4928008800016075,6.855391727800845,0.12388216219769031
44,294.0,1020.0,2.660169582748599,1.7734463884990659,3.1264661364201474,6.347920387485778,0.12646376743440155
44,300.0,1014.0,3.047786232010027,2.031857488006685,3.57960509630541,7.4953308914512755,0.12969485914335466
44,306.0,1008.0,2.70464421519017,1.8030961434601134,3.230872174035328,7.256371684394724,0.13159590824049786
44,312.0,1002.0,2.874050637191688,1.916033758127792,2.7706135394709035,8.104553959443017,0.13499865120971455
44,318.0,996.0,3.2076164331032873,2.1384109554021915,3.1722537123931236,6.59088487482862,0.1378688165438018
44,324.0,990.0,2.7806380756577522,1.8537587171051682,3.4789332051749633,8.031074195384143,0.14192362170183903
44,330.0,984.0,2.711781504898307,1.8078543365988713,3.1361711997018755,6.763183551529457,0.14406853694369035
44,336.0,978.0,3.214681286719342,2.1431208578128946,3.0460026662439335,7.103175756535226,0.1475766476651543
44,342.0,972.0,2.7894896839061807,1.8596597892707871,3.4246462702865084,7.826154503905005,0.14961708915131736
44,348.0,966.0,2.8456155670542937,1.8970770447028624,3.0974199678212573,8.043462429321764,0.15273167760066067
44,354.0,960.0,2.775539014925059,1.8503593432833727,3.5050240154302097,6.500981386593073,0.15608809409575336
44,360.0,954.0,3.0051743454476325,2.003449563631755,3.4147841448039724,7.46601697875775,0.1596882553547639
44,366.0,948.0,3.1247937460001256,2.0831958306667504,3.3592907466925768,7.628732557894546,0.16296165560422743
44,372.0,942.0,3.033805650189606,2.022537100126404,3.0977957042613684,7.64759433738096,0.16622971285840812
44,378.0,936.0,2.95161823148896,1.9677454876593066,3.3970863143243633,7.528425206212772,0.16823173796223212
44,384.0,930.0,2.993316264427018,1.9955441762846788,3.512524011720603,7.952368072756472,0.17090933759498814
44,390.0,924.0,3.0652237730783694,2.0434825153855796,3.0616508282970223,7.361608848251557,0.1733699851114654
44,396.0,918.0,2.9678294185547514,1.9785529457031676,3.6566350444097697,7.098603897132949,0.1753427024680307
44,402.0,912.0,2.987743273345644,1.9918288488970959,3.600060469096158,7.094049000183467,0.1787806393644599
44,408.0,906.0,2.967365824808921,1.9782438832059475,3.414788163073033,6.185117790063778,0.18202021611821315
44,414.0,900.0,2.9624356229016153,1.9749570819344102,3.039877126627048,7.629681729093214,0.18650467818100966
44,420.0,894.0,3.023781395880229,2.015854263920153,3.2604220899596963,7.500449506587827,0.1901679209610384
44,426.0,888.0,3.036003672383796,2.0240024482558643,3.3880030730169874,7.414492489227166,0.1933497579916825
44,432.0,882.0,2.887557756164979,1.9250385041099858,3.6173325150340894,7.099750415789584,0.1962891240299961
44,438.0,876.0,2.761582572085341,1.8410550480568941,3.354535194769083,7.77601314003357,0.19821096578444874
44,444.0,870.0,3.0251437542274777,2.0167625028183185,3.436842828683608,8.194290798289105,0.19998880280183232
44,450.0,864.0,3.0080823747712704,2.0053882498475137,3.3351236639445108,6.9258944509000715,0.20348623089708096
44,456.0,858.0,3.107996967257882,2.0719979781719213,3.7586950961047125,6.9519884920525765,0.2077559882218172
44,462.0,852.0,2.9535681667397493,1.9690454444931662,3.358448978561004,7.53775101248033,0.2111805496016558
44,468.0,846.0,2.7269341590810825,1.817956106054055,3.281538952190378,7.221821953087221,0.2126097093630843
44,474.0,840.0,2.7186277566486274,1.8124185044324184,3.3567717938180106,7.991946778599937,0.21427371153481833
44,480.0,834.0,2.7761967269871963,1.8507978179914641,3.2536580161914945,7.6275058049984175,0.21638443277306194
44,486.0,828.0,2.9581761649382052,1.972117443292137,3.4914952416910596,7.512527130291272,0.21860668849251141
44,492.0,822.0,2.997328796628232,1.9982191977521546,3.60552412612828,7.263500329047255,0.22171391898494103
44,498.0,816.0,3.1244492338870455,2.082966155924697,3.3728177065797222,8.37906702652318,0.2248427072197859
44,504.0,810.0,3.0134875424783414,2.008991694985561,3.3423376690464233,7.314811971329232,0.22685995141072457
44,510.0,804.0,3.218634780227265,2.14575652015151,3.5454251730420703,6.819046264232306,0.23063372069336
44,516.0,798.0,3.0329991652015957,2.0219994434677306,3.4300106567977386,7.304764758760427,0.23447501719874084
44,522.0,792.0,3.0972594048008113,2.0648396032005407,3.6347547142025727,7.305714021494701,0.23956406362240426
44,528.0,786.0,3.1687929545502946,2.112528636366863,3.336941248255182,6.572471574509736,0.24217805267856762
44,534.0,780.0,3.0629293733546636,2.0419529155697758,3.399834463481467,6.603848037802092,0.24521913942053494
44,540.0,774.0,2.8655523583035123,1.9103682388690082,2.864272100323058,6.913703583262621,0.24895058157512961
44,546.0,768.0,3.0257564759570212,2.0171709839713476,3.116734750630797,6.438585351742885,0.2519404173392426
44,552.0,762.0,3.065195712726631,2.0434638084844208,3.533432322950757,6.909868330071448,0.2549961123164348
44,558.0,756.0,3.107260809052439,2.0715072060349593,2.86067688352108,6.770549262266852,0.2587688994157952
44,564.0,750.0,3.060832670779642,2.040555113853095,3.067220653206565,7.028035293871706,0.26236520035749256
44,570.0,744.0,3.198100373467025,2.132066915644683,3.370149800239064,6.73502155860987,0.26475314068188044
44,576.0,738.0,3.0079075921328324,2.005271728088555,3.391589312435602,7.3743652032597184,0.2677343896543987
44,582.0,732.0,3.0105892894945905,2.007059526329727,3.4407271867836133,8.25351615574843,0.27161962022035174
44,588.0,726.0,3.258721562215123,2.1724810414767486,3.149984632484025,7.375920640348042,0.2749139950523107
44,594.0,720.0,3.0116365586153537,2.007757705743569,3.183268127059657,7.045081284700441,0.2797021653238903
44,600.0,714.0,3.027011177749829,2.018007451833219,2.931258750810398,6.965999797539825,0.28307199462751637
44,606.0,708.0,3.2508628472864216,2.1672418981909476,3.1546091317978178,7.237055542888915,0.2872079275941609
44,612.0,702.0,3.1476765508159974,2.0984510338773315,3.1974989215070995,6.61764370179332,0.28992264253399314
44,618.0,696.0,3.13006791935475,2.0867119462365,3.1513724763366873,8.445872420299366,0.2920906865373925
44,624.0,690.0,2.952519889510018,1.9683465930066788,3.1456308258410526,7.378234038753472,0.2949219407738352
44,630.0,684.0,3.2379599433215653,2.158639962214377,3.144186499920722,6.457765002690343,0.2987710497474461
44,636.0,678.0,3.2232821866045858,2.148854791069724,3.2242818505416886,6.914995950063051,0.30210786485648417
44,642.0,672.0,2.821526870071087,1.8810179133807248,3.318592143130397,6.99863633584318,0.3044516888181514
44,648.0,666.0,3.3095989115951534,2.206399274396769,3.2389221938894934,7.386220929736648,0.30954113257720245
44,654.0,660.0,3.0306893209997403,2.0204595473331604,3.1583510471903176,6.790347319638684,0.3131036030823419
44,660.0,654.0,3.061440406503975,2.04096027100265,3.123941938927742,7.094759489100948,0.3174479388910669
44,666.0,648.0,3.214437079884518,2.1429580532563453,3.21414962499274,7.258062080886647,0.3201264623879735
44,672.0,642.0,3.1302785511168345,2.086852367411223,3.015933713592083,7.176342856661394,0.3230446825039248
44,678.0,636.0,3.0926260133935712,2.061750675595714,3.2474871227775863,5.697886889852663,0.3258242448315851
44,684.0,630.0,3.0870160264115594,2.058010684274373,3.2441381843542967,6.484917535296409,0.32940739174167394
44,690.0,624.0,3.2627598117734875,2.175173207848992,3.1287204426032074,5.718612036298859,0.3334793683589511
44,696.0,618.0,3.045080862980281,2.0300539086535205,2.956062899081179,6.70290969126148,0.3361486331142904
44,702.0,612.0,3.149642621009813,2.0997617473398753,3.032213247789077,7.3492128118858275,0.338883785675057
44,708.0,606.0,3.258888693412866,2.172592462275244,2.997477861629059,6.597306289347355,0.34136858644813045
44,714.0,600.0,3.1434769559955025,2.0956513039970015,2.9460140004445914,6.577165606132752,0.3440376464863796
44,720.0,594.0,3.2906188596416275,2.193745906427752,2.8037751938295874,5.975550693006558,0.34850465189672253
44,726.0,588.0,3.549044461127188,2.3660296407514587,3.1197202025415414,7.46538136724896,0.3523744184681439
44,732.0,582.0,3.4438470633489864,2.2958980422326576,3.164136497021105,7.383600899852506,0.35600298889838505
44,738.0,576.0,3.100717918773452,2.0671452791823013,3.113652027415799,6.775401447889976,0.3602012398825305
44,744.0,570.0,3.319444321128685,2.2129628807524564,2.7405128784823263,6.826862143431763,0.3631897763656078
44,750.0,564.0,3.1388447243186612,2.092563149545774,2.8191607089803514,6.372130732834442,0.3672557990115324
44,756.0,558.0,3.2388967318747195,2.1592644879164795,3.141530441557088,6.016227022153711,0.36967726829772746
44,762.0,552.0,3.3177900561505713,2.211860037433714,2.700918817288225,7.19665987580506,0.372606622912541
44,768.0,546.0,3.2244898001766447,2.1496598667844298,2.860152269959653,7.133312014226631,0.3752974797517306
44,774.0,540.0,3.20321924714146,2.135479498094307,2.9630321657317578,5.587128225445967,0.37772797190788965
44,780.0,534.0,3.2697375711629393,2.1798250474419594,2.9443001578091295,6.9149390296521345,0.380734628755217
44,786.0,528.0,3.275123697370652,2.1834157982471014,2.963677502069847,6.969723684612889,0.38334189796686374
44,792.0,522.0,3.378695246612126,2.252463497741417,2.6815080067650925,6.220376158953698,0.38708860815933305
44,798.0,516.0,3.449357145033642,2.299571430022428,2.7813233828007005,6.96422870624449,0.39296080653351284
44,804.0,510.0,3.4481509036979547,2.29876726913197,3.1095866224083633,5.908459735230987,0.3974451503086241
44,810.0,504.0,3.3072092737564276,2.204806182504285,2.7027661427114267,6.940577907537611,0.40066674943080893
44,816.0,498.0,3.47692332519569,2.3179488834637936,3.2260576483319268,6.118337764380127,0.40489317568574523
44,822.0,492.0,3.284641729197408,2.189761152798272,2.7345439527147417,6.066324128042392,0.4092452410154395
44,828.0,486.0,3.521498547857527,2.3476656985716846,2.838884525120852,6.164244575914925,0.4117210071247195
44,834.0,480.0,3.366860252786372,2.244573501857581,2.7456857200831988,6.854472876418635,0.41450548298540296
44,840.0,474.0,3.4296676887884403,2.28644512585896,2.730061239967224,6.865266493866553,0.4170398901679143
44,846.0,468.0,3.2485787001384803,2.1657191334256534,2.7355241523272857,6.196358340721843,0.42009750375572613
44,852.0,462.0,3.435237875680804,2.290158583787203,2.708952817207401,5.815993267184897,0.4244692371580055
44,858.0,456.0,3.286023225535147,2.1906821503567646,2.7226433685728506,6.341636738534292,0.42748820320736364
44,864.0,450.0,3.339191204620492,2.2261274697469946,3.1026473674007127,5.6910684584932305,0.4315763474800729
44,870.0,444.0,3.3014014307366986,2.200934287157799,2.6546061912971703,6.006895527079581,0.4358977577794452
44,876.0,438.0,3.3659279338694024,2.243951955912935,3.10424700231021,6.200855572235104,0.43844324172823007
44,882.0,432.0,3.215916589378716,2.143944392919144,2.8825705717158625,5.556658765996325,0.4431429734659532
44,888.0,426.0,3.42229991793514,2.2815332786234266,2.98174850215496,5.971619498699508,0.44889025296894053
44,894.0,420.0,3.518393977790198,2.3455959851934653,2.927379983531238,6.091505034451652,0.4550208634754798
44,900.0,414.0,3.4561249893066477,2.304083326204432,2.588680625066961,6.1187253365132355,0.45991851140696133
44,906.0,408.0,3.3368097692490797,2.2245398461660533,2.7409804396871804,5.649227274198678,0.4642056612397023
44,912.0,402.0,3.6822286797266437,2.4548191198177625,2.599722993169062,5.814526977217535,0.46770927930017014
44,918.0,396.0,3.4196490151196497,2.2797660100797663,2.727631640469664,5.714672530921698,0.4724387362595927
44,924.0,390.0,3.487826801402245,2.3252178676014967,2.6498885333708597,5.5386422863453735,0.4769234418023625
44,930.0,384.0,3.3819982975639884,2.2546655317093256,2.642747039345415,5.556795539229216,0.4812150603658121
44,936.0,378.0,3.593119233175836,2.395412822117224,2.8142403075750284,5.41647026259537,0.4837944399005448
44,942.0,372.0,3.386213390619535,2.257475593746357,2.3220501927968633,5.397577886106436,0.4855535429893161
44,948.0,366.0,3.5431183094323884,2.3620788729549256,2.368108520107132,5.822931410535888,0.48955146021763696
44,954.0,360.0,3.3636287539724314,2.2424191693149544,2.7641372106616635,4.940675288663582,0.49257194842721563
44,960.0,354.0,3.5794447892163164,2.386296526144211,2.598007673949652,5.475492787644102,0.496896107169115
44,966.0,348.0,3.5835735792450985,2.3890490528300656,2.267986487490515,4.3430742000269085,0.5007345597623819
44,972.0,342.0,3.511969486104446,2.3413129907362973,2.689355367266288,5.229080418812991,0.5044869202851894
44,978.0,336.0,3.4958710626499396,2.3305807084332932,2.614020662896132,4.7410652981406125,0.509031242735522
44,984.0,330.0,3.4695454769427285,2.313030317961819,2.5582779915795335,5.37429052979112,0.5141247091404186
44,990.0,324.0,3.547379511352737,2.364919674235158,2.0775471850939753,5.652199289783685,0.5154575978625622
44,996.0,318.0,3.5282868554357316,2.3521912369571543,2.2726103659406744,5.580489343613484,0.5185985843058222
44,1002.0,312.0,3.4687891104304094,2.312526073620273,2.911934788432845,5.338783718736981,0.5213971004169016
44,1008.0,306.0,3.847881633874973,2.5652544225833154,2.7656488906265926,5.379971570880125,0.527841731900522
44,1014.0,300.0,3.768493899183927,2.512329266122618,2.4514748738741305,5.971466806746317,0.5313368359812788
44,1020.0,294.0,3.5233445999948607,2.348896399996574,2.4913796985859786,4.654987839094572,0.536788867448357
44,1026.0,288.0,3.7647605331732366,2.5098403554488242,2.1984543103403764,5.201089110036143,0.5415221264071263
44,1032.0,282.0,3.6363853544980755,2.424256902998717,2.674269093673734,5.247964650349209,0.5464141202703049
44,1038.0,276.0,3.74765824920919,2.498438832806127,2.2204621515094995,5.733803753715322,0.5511868932165483
44,1044.0,270.0,3.5097333071728594,2.3398222047819064,2.6701374909117073,5.095645421324543,0.5556006843359275
44,1050.0,264.0,3.908368794722257,2.605579196481505,2.060886728227193,4.64880676153188,0.5626419288057847
44,1056.0,258.0,3.6446591676739533,2.429772778449302,2.4283243739709555,4.759451513407597,0.5654041826471922
44,1062.0,252.0,3.7622482802838264,2.5081655201892175,2.2891959595958795,4.9291478297530755,0.57114000393232
44,1068.0,246.0,3.685908648566447,2.4572724323776316,2.2223035885289315,4.947703356356346,0.5737857743163742
44,1074.0,240.0,3.8871486610379833,2.591432440691989,1.8397743695899242,4.85621451536482,0.5807721804157524
44,1080.0,234.0,3.9359427048475037,2.623961803231669,1.9944490290282446,4.8911759811184545,0.5842769947808064
44,1086.0,228.0,3.5971029392633165,2.398068626175544,1.8615952865207177,4.727083054797435,0.5873084762819824
44,1092.0,222.0,3.6526149583715384,2.4350766389143588,2.3343379361566163,4.33616762534016,0.5924091787243474
44,1098.0,216.0,3.9432234323114277,2.628815621540952,2.48236691853195,4.910558334570398,0.5948225140921438
44,1104.0,210.0,4.035660121099652,2.6904400807331013,2.3824267053361377,5.616927028165851,0.6004630386396587
44,1110.0,204.0,3.904646084821071,2.603097389880714,2.435975716172498,4.58264275475512,0.6043872150928028
44,1116.0,198.0,4.083992882871578,2.7226619219143853,2.1346641916668885,4.287056697055765,0.609250525033754
44,1122.0,192.0,3.8886194031696033,2.592412935446402,2.2624559654001195,4.801359178476983,0.61653829511572
44,1128.0,186.0,3.8998078318673963,2.5998718879115974,2.22694012331313,4.165475594562395,0.6212437994938702
44,1134.0,180.0,3.9534468825146023,2.6356312550097347,2.4025418832557857,5.018523580150532,0.6264740558423348
44,1140.0,174.0,3.8251904048449163,2.5501269365632777,2.089402676248761,5.103298517289586,0.6317656186015945
44,1146.0,168.0,3.777559741382623,2.518373160921749,2.0052647470816396,4.37087082781783,0.6365284528078499
44,1152.0,162.0,3.8393955379175515,2.5595970252783675,2.0986704261952553,4.281659649100821,0.6417242731712814
44,1158.0,156.0,3.8725687161843383,2.5817124774562257,2.6286000838640233,4.984900383734063,0.6484936565428373
44,1164.0,150.0,4.005999103931108,2.6706660692874054,2.0678202148617846,4.81919787215733,0.656680850176589
44,1170.0,144.0,3.977370852685443,2.651580568456962,1.6977897771362531,4.6707552519784485,0.6638360574123848
44,1176.0,138.0,4.052351674643931,2.7015677830959537,2.503047249502232,4.922316860683651,0.6696335694933726
44,1182.0,132.0,3.9467029527872106,2.6311353018581403,2.2872866022425375,4.462502567438742,0.6755274483876418
44,1188.0,126.0,3.9369889636973574,2.6246593091315717,1.7947484679594932,4.444414127915156,0.6816436672124377
44,1194.0,120.0,3.8025819268910848,2.53505461792739,1.9727710989082876,4.949490305703591,0.6851797405431516
44,1200.0,114.0,3.9908054238253383,2.660536949216892,2.263352556866042,3.387208731277774,0.6902117985261704
44,1206.0,108.0,3.9361722219270874,2.6241148146180584,2.1242232463149087,4.121111626565989,0.695831577824321
44,1212.0,102.0,3.8988643261159392,2.599242884077293,2.158258611065142,4.631299832073191,0.7004223883661337
44,1218.0,96.0,4.175527757835757,2.7836851718905042,1.8439448892308925,4.244815213976228,0.7060977141074387
44,1224.0,90.0,4.152509397273681,2.768339598182454,1.8809571947630455,4.1397478112201425,0.7117115581743345
44,1230.0,84.0,4.050342084973474,2.700228056648983,1.8416279897881862,5.062313366448154,0.7160849441785342
44,1236.0,78.0,4.097248525510978,2.731499017007319,2.3686411033752583,3.550259535048566,0.7243195283771924
44,1242.0,72.0,4.134181990927898,2.7561213272852654,1.7151931268706218,4.953404772726703,0.7280753856358513
44,1248.0,66.0,4.353804571827713,2.9025363812184755,2.1366842241623476,3.9682362687345236,0.7346665512651646
44,1254.0,60.0,4.161224124732747,2.774149416488498,2.011340496396986,4.286535296934092,0.7406382507399625
44,1260.0,54.0,3.9996136623814684,2.6664091082543124,1.990580524901677,3.9014868162280574,0.747086887309248
44,1266.0,48.0,4.206093590892712,2.8040623939284743,1.6801958484000312,4.1401400958125745,0.7526437834603489
44,1272.0,42.0,4.228692833203592,2.8191285554690615,1.638551351147279,3.4622068048944756,0.7592424413336529
44,1278.0,36.0,4.481829712131267,2.9878864747541782,2.4599844365328436,3.6947604144015167,0.7667408532042336
44,1284.0,30.0,4.238535004899313,2.8256900032662084,1.8502985349635224,4.3253491428120965,0.7736976116654986
44,1290.0,24.0,4.256507602414958,2.837671734943305,1.995921683292598,3.9675491462690133,0.7787324283236194
44,1296.0,18.0,4.24391635083238,2.8292775672215864,1.8850025786951137,3.521755190321075,0.7865183485637991
44,1302.0,12.0,4.223687391774436,2.815791594516291,1.7581068686000443,3.4246260621193425,0.7908040480697328
44,1308.0,6.0,4.277075986346336,2.8513839908975576,1.7155143551264476,4.099747383818082,0.7956392120373814
44,1314.0,0.0,4.337755944705563,2.8918372964703756,1.9020760989645442,3.0,0.8012962199193889
45,0.0,1050.0,2.7647969088282065,1.8431979392188043,1.4339994944990382,3.0,0.00327530608050579
45,6.0,1044.0,2.965499942588918,1.9769999617259453,1.6288607457248454,3.0,0.006541089881353204
45,12.0,1038.0,2.7907385328187515,1.860492355212501,1.5890096232187745,3.0900838842596983,0.009802332143538513
45,18.0,1032.0,2.718174503899697,1.8121163359331314,1.8981835288839406,3.4299563753198234,0.012329009197195647
45,24.0,1026.0,2.483063759894885,1.6553758399299232,1.5781375065766787,3.0,0.014878842717582299
45,30.0,1020.0,2.6320739635923514,1.7547159757282342,2.1109136998886866,3.6462110722699315,0.01717505331936737
45,36.0,1014.0,2.9707075151658193,1.9804716767772128,2.0863567890937524,4.656625954626841,0.018742212126353942
45,42.0,1008.0,2.7337590934673472,1.8225060623115648,1.9172446995722392,4.179129698682564,0.02200335916346862
45,48.0,1002.0,2.7326260166851624,1.8217506777901082,1.7562045125633952,4.268571371484259,0.024616566739632948
45,54.0,996.0,2.75586415477851,1.83724276985234,2.0799314257760915,4.240662325699233,0.0274642678909479
45,60.0,990.0,2.548281204714243,1.698854136476162,2.2360802622549025,4.815848343016195,0.029943842141585315
45,66.0,984.0,2.7349974233951575,1.8233316155967716,2.1377472066510497,4.976355428845182,0.03298193794819646
45,72.0,978.0,2.8708219749046573,1.9138813166031048,2.1561861544196894,4.601718136818362,0.03668136999920679
45,78.0,972.0,2.781835514666319,1.854557009777546,2.8352420498817974,5.083874291957368,0.03997021470293431
45,84.0,966.0,2.8159804507471806,1.8773203004981205,2.439448959903017,4.802229754471515,0.04201251637195815
45,90.0,960.0,2.588037206711164,1.7253581378074427,2.551394510498455,4.793116540639225,0.04484895547324918
45,96.0,954.0,2.8232194277613543,1.882146285174236,2.3611816302715503,5.002471944516468,0.04849699494015346
45,102.0,948.0,2.851866878496661,1.9012445856644407,2.9025011008383945,5.905340599787164,0.051275946482540295
45,108.0,942.0,2.862775524491337,1.908517016327558,2.3034493055636807,5.681225037099543,0.05594587968581935
45,114.0,936.0,2.920000581865241,1.9466670545768272,2.7302233999461842,6.236470962145124,0.05976979175242925
45,120.0,930.0,2.6646286730294544,1.7764191153529696,2.348068152752052,6.097172429032299,0.06257987859367177
45,126.0,924.0,3.0119705828261463,2.0079803885507643,2.8215615590061414,6.803612376262746,0.0662381342049845
45,132.0,918.0,2.818096805136161,1.8787312034241073,2.6042907477453974,5.65424463192741,0.06956720759559161
45,138.0,912.0,2.8619251138162256,1.9079500758774837,2.648922523419422,5.400931693236753,0.07103250972933502
45,144.0,906.0,2.901490706776187,1.9343271378507911,2.72100796909084,6.272078807649069,0.07538204810115423
45,150.0,900.0,2.750994291627067,1.8339961944180445,2.755571985999332,6.431362721193456,0.0778779236146987
45,156.0,894.0,2.833726859682978,1.889151239788652,2.862342181006387,6.827972165767859,0.08112255668790658
45,162.0,888.0,2.7362030522701906,1.8241353681801271,3.176978364177027,5.997464973770193,0.08421823122770891
45,168.0,882.0,2.9888393510206517,1.992559567347101,2.812167415494125,5.59667693419852,0.0890126916267265
45,174.0,876.0,2.702994406031183,1.8019962706874553,2.8705646175958632,6.7606678119413015,0.09237839771940363
45,180.0,870.0,2.9083933739692434,1.9389289159794956,2.933050626256478,5.587473280119183,0.09648805790692294
45,186.0,864.0,2.968926459285522,1.9792843061903478,2.8832164233537934,7.056725330932265,0.09972661644310075
45,192.0,858.0,2.748758697544627,1.8325057983630846,3.489968874337892,6.753649065562352,0.10276202181580499
45,198.0,852.0,3.0253543167007426,2.016902877800495,3.0263383831180306,6.54760279039494,0.10722346767500446
45,204.0,846.0,2.8254566785482136,1.8836377856988091,2.955106909521265,7.215172081228806,0.11061969433372447
45,210.0,840.0,2.666181518684492,1.7774543457896614,2.828342511228356,6.6282266968777765,0.11271710492068703
45,216.0,834.0,2.8342486060594605,1.889499070706307,2.8041291336170464,7.399412066510188,0.11673271461806878
45,222.0,828.0,3.0215757014229525,2.014383800948635,3.179379146281708,6.444547837500655,0.12186193155460494
45,228.0,822.0,2.8117841210518058,1.8745227473678705,2.9485884661107797,7.818773577436014,0.12515557324237078
45,234.0,816.0,2.743068339391724,1.8287122262611495,3.2280386586784178,7.481235766903504,0.127666966566276
45,240.0,810.0,2.7809308581206325,1.853953905413755,2.8385743807217922,6.948030109444563,0.1297390739439899
45,246.0,804.0,2.856284673204089,1.9041897821360594,3.107168918820246,6.737998163897764,0.1322734509230249
45,252.0,798.0,2.8813534729105617,1.9209023152737077,3.306498549330417,8.133207870321575,0.13548633912625
45,258.0,792.0,2.7514836449553015,1.834322429970201,3.6805962796273124,7.018473649551032,0.13983640167799533
45,264.0,786.0,2.8202480767272475,1.8801653844848316,2.8334974867979317,7.750429059238085,0.14406495679297968
45,270.0,780.0,2.8692768263197586,1.9128512175465058,3.184089182352723,7.38160865897826,0.14834340868599633
45,276.0,774.0,2.763374182324427,1.8422494548829513,3.256263689294695,7.532611433894523,0.15192444746899347
45,282.0,768.0,3.0553306438437073,2.0368870958958047,3.6243035020301146,6.7081792189955465,0.15852363799568114
45,288.0,762.0,3.179907033113288,2.1199380220755253,3.308507837540154,7.791754746233063,0.16218543832483787
45,294.0,756.0,2.790253226891886,1.860168817927924,3.292097997527625,7.26206682544623,0.1652508908472406
45,300.0,750.0,2.754148180321104,1.8360987868807361,3.2480360945271483,7.715698030245966,0.16901752723427338
45,306.0,744.0,2.811632532113485,1.8744216880756568,3.3514512075019773,7.077607134732916,0.172088092958232
45,312.0,738.0,2.890662735699154,1.9271084904661027,3.537862302815041,7.811511625247491,0.1768226982568484
45,318.0,732.0,2.809045158428604,1.872696772285736,3.652482000618745,7.990953434856036,0.17932278093975482
45,324.0,726.0,2.9023389441246232,1.9348926294164155,3.1984918662153037,7.658840521022936,0.18305396766349077
45,330.0,720.0,2.9780672198662588,1.9853781465775058,3.4697268959393868,7.525301524421526,0.18764578866499262
45,336.0,714.0,2.8289952184325218,1.885996812288348,3.3246498047328776,7.178529842511757,0.1917468367204904
45,342.0,708.0,2.944792647421067,1.9631950982807114,3.4921655501022113,7.718938032701778,0.1944655258995997
45,348.0,702.0,2.8575172184437676,1.9050114789625117,3.046207151809794,7.109839003865837,0.19839732052980172
45,354.0,696.0,2.86167179386529,1.9077811959101931,3.1055203060760785,8.189542694927143,0.201369368295048
45,360.0,690.0,2.8454640898240644,1.8969760598827097,3.2868196843262916,6.592055464525135,0.2040248325203328
45,366.0,684.0,3.1855780495201116,2.1237186996800745,3.2714285693893363,7.730862761458275,0.2080457542777492
45,372.0,678.0,2.975781462755097,1.983854308503398,3.5636706326734875,7.532765853879676,0.21045741709696802
45,378.0,672.0,3.020641842793661,2.0137612285291073,3.138580259882259,6.5050829057482895,0.21283234059178416
45,384.0,666.0,2.996266130374605,1.99751075358307,3.5254416469817653,8.155315064485517,0.2147156085137664
45,390.0,660.0,3.127621926032859,2.0850812840219057,3.3218160551591973,8.10724427910378,0.21882366024638542
45,396.0,654.0,2.9768970569608695,1.984598037973913,3.2136103751512985,6.817331476891632,0.22124858609578982
45,402.0,648.0,3.2234250333004337,2.1489500222002893,3.3082754454225296,7.498960703002624,0.22509488592417767
45,408.0,642.0,3.1233575529918074,2.082238368661205,3.2861433744719926,7.941842506822042,0.22995504966694907
45,414.0,636.0,3.024535242527325,2.01635682835155,3.185102577364412,5.824870767018866,0.2335136255872975
45,420.0,630.0,2.8809896830772095,1.9206597887181396,3.210816241784349,7.748396790660396,0.23683033412081722
45,426.0,624.0,3.2538938965819764,2.1692625977213176,3.4331468187844587,7.325855608208074,0.24225931276994717
45,432.0,618.0,3.1412372237283703,2.0941581491522467,3.3382450056320723,7.297457912209412,0.24517509534783816
45,438.0,612.0,3.0824336489843316,2.0549557659895545,3.070641500210661,7.36460552636611,0.24810083305430355
45,444.0,606.0,3.0864146732630515,2.057609782175368,3.6336079359149247,7.551010310282182,0.2524491604857875
45,450.0,600.0,3.0401872989172896,2.0267915326115262,3.4299295617041596,7.076583702923734,0.25418507418649855
45,456.0,594.0,3.244202154747409,2.1628014364982726,3.0224343507174973,6.389047738552231,0.2574600599568651
45,462.0,588.0,3.161261489430497,2.1075076596203313,3.350109899175625,7.503035624794401,0.2622023956701872
45,468.0,582.0,3.1983200079534106,2.1322133386356072,3.447014146786973,7.025002064958819,0.2666267523451072
45,474.0,576.0,3.139312011141238,2.092874674094159,3.036347469338846,7.029695465573624,0.2701506034198282
45,480.0,570.0,3.061582504492501,2.0410550029950008,3.038236997731968,6.494832988433467,0.2753595892694285
45,486.0,564.0,2.946363737399675,1.9642424915997834,3.3495146469195674,7.068228772936347,0.2778331228361163
45,492.0,558.0,3.0755378975195904,2.0503585983463934,3.1221881716470112,7.785954369428584,0.2827000596156992
45,498.0,552.0,3.080175800225219,2.0534505334834794,3.6322195446047045,7.063384695997091,0.28583603696551224
45,504.0,546.0,3.0949297023804694,2.0632864682536463,3.1412632800212106,6.1151016291758955,0.28882391979866967
45,510.0,540.0,2.991408858993896,1.9942725726625972,3.1017559368105982,7.311902398727014,0.2922494415281108
45,516.0,534.0,3.2920344430684487,2.194689628712299,3.2017057946485736,7.269070585721965,0.29680899608484174
45,522.0,528.0,3.0797978990739234,2.0531985993826156,3.1037326116330615,7.196661487787646,0.30033988729641453
45,528.0,522.0,3.118189715585416,2.0787931437236105,3.1218166015667834,7.592560798424983,0.30420643049068863
45,534.0,516.0,3.089416538305073,2.0596110255367153,3.504745671685692,6.237685999354867,0.3078672035063165
45,540.0,510.0,3.3658169935534694,2.243877995702313,3.2857787365349425,7.214507401075505,0.3123339082997088
45,546.0,504.0,3.23257738582614,2.15505159055076,3.0858692320562606,6.836347210563113,0.3167715341766791
45,552.0,498.0,3.1013040013357203,2.06753600089048,3.2263004799404422,6.11066714697018,0.32157048010624995
45,558.0,492.0,3.088506329031735,2.05900421935449,3.2806981696425437,6.338866986863833,0.32553740615590043
45,564.0,486.0,3.0599575000594736,2.039971666706316,3.240759222988346,7.711584972270648,0.3302074024063057
45,570.0,480.0,3.140268373899855,2.09351224926657,3.4208735843287945,5.747297222561759,0.33413831674903044
45,576.0,474.0,3.0749622727582087,2.0499748485054723,3.1242867789542306,7.311164683581447,0.3394086229933798
45,582.0,468.0,3.2760771470623182,2.1840514313748787,3.1312917474169173,6.67401497060703,0.34262998221364016
45,588.0,462.0,3.279695547090629,2.1864636980604195,3.143762340768889,6.51886025204126,0.34663483921865185
45,594.0,456.0,3.407875641615057,2.2719170944100378,2.703857720604094,5.56750283137653,0.3522244155481441
45,600.0,450.0,3.1142646975721573,2.0761764650481047,3.119313233242407,6.405345271331973,0.35707225250210783
45,606.0,444.0,3.384726542316659,2.256484361544439,2.7229966510090953,6.722692392572351,0.3611919042786988
45,612.0,438.0,3.2537860274494554,2.1691906849663036,3.06534163926374,7.012567964599744,0.3638874520841438
45,618.0,432.0,3.317269623964042,2.2115130826426945,2.79778382830037,6.520332452855707,0.3699616741720454
45,624.0,426.0,3.1839897159330963,2.122659810622064,2.55115184517212,6.1369957324648485,0.37481496774904144
45,630.0,420.0,3.4021551995005903,2.2681034663337267,2.747036318253378,6.518745593904283,0.3808655193493746
45,636.0,414.0,3.3093874222368407,2.2062582814912273,3.0349805149685745,6.455860891443784,0.383908349767501
45,642.0,408.0,3.2055888951515796,2.1370592634343866,2.817265165829048,6.895391353261363,0.389801839084119
45,648.0,402.0,3.3046943990600592,2.203129599373373,3.0682781601935263,6.527931567224895,0.3935056608033541
45,654.0,396.0,3.2769821033719344,2.1846547355812898,2.91896261074786,5.806635690818361,0.39937861841458283
45,660.0,390.0,3.4379693672635283,2.2919795781756855,2.9172799820664377,6.46102683658247,0.40443839678313565
45,666.0,384.0,3.0693725186992173,2.0462483457994782,2.588136199591203,6.187243379955963,0.4074707724337435
45,672.0,378.0,3.432354855405459,2.288236570270306,2.5359603614056176,6.566924702565773,0.4132782142982442
45,678.0,372.0,3.7554914259131067,2.503660950608738,2.2639602349149643,6.19884792782859,0.42041994603848537
45,684.0,366.0,3.4262713019373234,2.2841808679582156,2.788640421261785,6.615893461060776,0.4262211405837609
45,690.0,360.0,3.2846494114265457,2.1897662742843638,3.114260832603985,5.305964934785841,0.430893318362148
45,696.0,354.0,3.448600348781655,2.29906689918777,2.660456936545558,6.376462993856395,0.4371061329655413
45,702.0,348.0,3.5491515574791146,2.36610103831941,2.604781595924795,7.269337152846933,0.44285196935328347
45,708.0,342.0,3.717001622267444,2.4780010815116293,2.8141011042194544,5.813750543990975,0.4504465355218537
45,714.0,336.0,3.473377159422962,2.3155847729486414,3.0076516660113377,5.9745979900083945,0.45502323016907936
45,720.0,330.0,3.5461583226031967,2.364105548402131,2.7226645538225687,6.462626899861408,0.45951200601488573
45,726.0,324.0,3.6083185185514624,2.4055456790343084,2.6669516580461696,5.4736758891818535,0.4636770679449554
45,732.0,318.0,3.6003378100363785,2.400225206690919,2.363456283109202,5.582920050051038,0.46880643134064787
45,738.0,312.0,3.5341399420290847,2.3560932946860564,2.742329342667653,5.518713789414461,0.4744098880037606
45,744.0,306.0,3.480885053151303,2.320590035434202,2.6429689552416504,5.876865841379057,0.4810306478940392
45,750.0,300.0,3.7260211058615487,2.4840140705743656,2.607140755873471,5.549232139546291,0.48594611951840294
45,756.0,294.0,3.4921563319188174,2.3281042212792116,2.209598033194946,5.284573389944266,0.4917757995628644
45,762.0,288.0,3.6825982563005635,2.4550655042003755,2.5170182893876114,4.818159948157592,0.49719113591576436
45,768.0,282.0,3.675734289145956,2.450489526097304,2.443507646052552,5.404396183246545,0.5034713325342356
45,774.0,276.0,3.528337092343871,2.352224728229247,2.5688964492907496,6.204434898513866,0.5098200664475958
45,780.0,270.0,3.616732620317351,2.4111550802115675,2.803688521343564,5.564865794755574,0.5181410305225757
45,786.0,264.0,3.667674957330962,2.4451166382206413,2.7430482774772194,6.2155610089743325,0.525470624286821
45,792.0,258.0,3.517609453906963,2.3450729692713086,2.16870779416653,5.920221988900203,0.530547719338358
45,798.0,252.0,3.7311994593361546,2.487466306224103,2.8206335785402357,5.905149995840431,0.5347478869947062
45,804.0,246.0,3.476911921164376,2.317941280776251,2.3318867099598197,5.328605719795609,0.5409215070971666
45,810.0,240.0,3.749010189818763,2.499340126545842,2.162999231242732,5.796479355827961,0.5466453175820498
45,816.0,234.0,3.6598108951707844,2.439873930113856,2.4348945897795518,5.006699123324441,0.5512116179579427
45,822.0,228.0,3.701233165256176,2.4674887768374507,2.4956589400685907,4.957086952086679,0.5572922954865507
45,828.0,222.0,3.87610153384083,2.58406768922722,2.465288745420089,5.093357643909389,0.5635129777174304
45,834.0,216.0,3.6531702720171872,2.435446848011458,2.362480081055662,4.845176435925709,0.5702438497118489
45,840.0,210.0,3.739512382957567,2.4930082553050448,2.6049228703709137,5.148312686752048,0.5743615768339969
45,846.0,204.0,3.7531086187933838,2.5020724125289227,2.0001856926955957,5.600440019197683,0.5791703482175542
45,852.0,198.0,3.857920609836889,2.571947073224593,2.336741696095113,5.615774263055316,0.5880709629189455
45,858.0,192.0,3.9655290840968376,2.6436860560645585,2.473413294741927,5.202895846989873,0.5946993967117332
45,864.0,186.0,3.921495667360231,2.6143304449068205,2.2584428760806343,4.19178855698651,0.6023382577734941
45,870.0,180.0,3.7013102162153872,2.4675401441435914,2.7678295144265825,4.798126067871672,0.6080817037741545
45,876.0,174.0,3.747390036362295,2.4982600242415303,2.1977397146912345,5.160423919800064,0.6140968488355385
45,882.0,168.0,3.6977046168412744,2.4651364112275163,2.06265065734067,4.761109375216573,0.61739571289767
45,888.0,162.0,3.7919132150998416,2.5279421433998945,1.9337093154742109,5.008940792479012,0.6230514047297592
45,894.0,156.0,3.8569973312268857,2.571331554151257,2.279605603660691,3.716320442313009,0.6302310394811089
45,900.0,150.0,3.99505512815161,2.6633700854344067,1.9906310163868277,3.7518849296502816,0.6382640241675464
45,906.0,144.0,3.896436416886101,2.5976242779240675,2.141064949991723,4.543920579388354,0.6445609020990053
45,912.0,138.0,4.027028314286524,2.684685542857683,2.3099618242604287,5.088772581142777,0.6524549613040506
45,918.0,132.0,3.9601025261808713,2.6400683507872476,2.1234703246880042,5.019188634063058,0.6589333973519933
45,924.0,126.0,4.148194303154166,2.765462868769444,2.2452339987058307,4.897490538362426,0.6654316619432834
45,930.0,120.0,3.9466673808732375,2.631111587248825,2.312283732140549,4.424950027346457,0.6711437759695627
45,936.0,114.0,4.042642649958375,2.69509509997225,1.7381122828680318,3.1392530329498554,0.6778020170128067
45,942.0,108.0,4.0656960289934245,2.7104640193289495,2.2243584851143487,3.7049435241320547,0.6829322810293604
45,948.0,102.0,3.888420700922119,2.592280467281413,1.812376809381391,4.324129708271459,0.6910853652146428
45,954.0,96.0,4.0021694531359975,2.6681129687573315,2.15982973909369,4.631064366941258,0.6960145576038025
45,960.0,90.0,4.203125720706765,2.80208381380451,1.830288454711431,3.40286836311898,0.7044222904680483
45,966.0,84.0,4.299740855899728,2.866493903933152,2.127787626517942,4.504095876323988,0.7100893423988006
45,972.0,78.0,4.148647744707789,2.7657651631385263,2.2692946877147713,4.0639532584753075,0.7129311481000443
45,978.0,72.0,3.9128371326106133,2.6085580884070754,2.023564434616463,4.108508090064382,0.7203615722869156
45,984.0,66.0,4.225674734271137,2.8171164895140914,2.118627945401275,4.96481882852516,0.7263377608385753
45,990.0,60.0,4.18917136281828,2.79278090854552,1.8324941188279384,3.8079482920570884,0.7358780504605841
45,996.0,54.0,3.91737363038046,2.6115824202536397,1.8687371376997863,4.146054732738388,0.7389704810930396
45,1002.0,48.0,4.248849659147417,2.8325664394316115,2.0278777553066325,3.801122354509827,0.7491396835047278
45,1008.0,42.0,4.160544649838133,2.7736964332254224,1.7343822681206706,4.132622357850685,0.7546359410068797
45,1014.0,36.0,4.2124638648065265,2.808309243204351,2.3261556412993807,3.3587159643441113,0.7632798958680375
45,1020.0,30.0,4.144884369542868,2.763256246361912,2.1338006097687354,4.5487466329482205,0.7685130034891028
45,1026.0,24.0,4.110783837058916,2.7405225580392774,1.6534986252307737,3.744571584003556,0.7705605580269503
45,1032.0,18.0,4.203666913232235,2.80244460882149,1.6472164841292467,4.098810935809014,0.7773105147906203
45,1038.0,12.0,4.196268215123307,2.797512143415538,2.0597022053584695,3.588442547636109,0.7829307495621536
45,1044.0,6.0,4.26628055816608,2.8441870387773864,1.6752828766114516,4.037550399449115,0.7943236134931346
45,1050.0,0.0,4.4143911079261455,2.942927405284097,1.645521730151503,4.296640066411991,0.8042327900718972
46,0.0,1320.0,2.7356714786137797,1.8237809857425198,1.4268346309501359,3.357950049721692,0.002920132445677623
46,6.0,1314.0,2.795634315330682,1.8637562102204548,1.3659872696287407,3.337975005604732,0.00583714787013836
46,12.0,1308.0,2.6633931378706133,1.7755954252470756,1.5766711117877956,3.522966699644806,0.008472998523367034
46,18.0,1302.0,2.8485804867322795,1.8990536578215196,1.4779293770064126,3.755375172009238,0.010574597395968766
46,24.0,1296.0,2.9857989128912377,1.9905326085941584,1.7070105801412747,3.2569984811060575,0.01418227222530111
46,30.0,1290.0,2.7016734769867066,1.801115651324471,1.9996363058823234,3.8919556999526437,0.01658080382811175
46,36.0,1284.0,2.655845879050038,1.770563919366692,1.7656180746228884,4.649708485922457,0.018410130461280347
46,42.0,1278.0,2.785569396035917,1.8570462640239447,1.8227489257298084,4.511130719955432,0.02083352040854035
46,48.0,1272.0,2.8632942633538025,1.9088628422358684,2.154331369655884,4.811141699832665,0.023789845946049437
46,54.0,1266.0,2.8292892357103088,1.8861928238068726,1.9517810322120184,4.476452553422495,0.026981896158962966
46,60.0,1260.0,2.5497003881508924,1.6998002587672616,1.894419691278602,4.5585528750393385,0.028664106060693712
46,66.0,1254.0,2.9319954554693752,1.9546636369795836,2.60668019692389,5.021850051907218,0.03069039538022154
46,72.0,1248.0,2.8256330546135935,1.8837553697423957,2.0498199408526845,5.358856663655249,0.03279937443839447
46,78.0,1242.0,3.0442892049807857,2.0295261366538573,2.1892698796626187,4.433990817057466,0.0347265083579442
46,84.0,1236.0,2.7013629919033404,1.8009086612688936,2.019925959400116,5.667499084882502,0.036926814031957494
46,90.0,1230.0,2.8016846684417853,1.8677897789611901,2.157359844785416,5.652472404573112,0.03947902143966678
46,96.0,1224.0,2.80241620039926,1.86827746693284,2.3799725461857695,4.831966019951244,0.04218808515831064
46,102.0,1218.0,2.806378636303587,1.870919090869058,2.292628127065091,5.279229516829938,0.04661698381720403
46,108.0,1212.0,3.026518047106124,2.0176786980707493,2.322588596502172,6.098996745455806,0.050163730846485136
46,114.0,1206.0,2.9013975767412745,1.9342650511608497,2.77450729102489,6.488547218779734,0.05205290980009488
46,120.0,1200.0,2.6163764979017463,1.7442509986011643,2.8316192093520978,5.380156864451904,0.054884945882945076
46,126.0,1194.0,2.7996123142914855,1.866408209527657,2.5999943822239047,5.760738655375438,0.05844087541122349
46,132.0,1188.0,2.80999425350004,1.87332950233336,2.743570399847531,6.101157227268785,0.06182030716612235
46,138.0,1182.0,2.8993930751467087,1.9329287167644724,2.77339751483157,5.334206896859847,0.06503213757319234
46,144.0,1176.0,2.8580882156479244,1.905392143765283,2.388593690655961,6.394898620440469,0.06669248393333409
46,150.0,1170.0,2.9020304323056965,1.9346869548704644,2.774783919443291,6.477383512287961,0.06809179352006786
46,156.0,1164.0,2.869412280600789,1.912941520400526,2.58700344357536,5.752086757299399,0.07091214458072022
46,162.0,1158.0,2.8331914990177434,1.8887943326784955,2.936444505608207,5.788088870110663,0.07387947391856477
46,168.0,1152.0,3.011114121734513,2.0074094144896755,2.896926987719183,6.071218291471314,0.07728731997886439
46,174.0,1146.0,2.7114010841986715,1.8076007227991144,2.9118791318441852,6.631613742913979,0.07981975384337668
46,180.0,1140.0,2.793894146303225,1.8625960975354834,2.740822312171134,6.26763056660751,0.08255752185639222
46,186.0,1134.0,2.8123783598028993,1.8749189065352663,2.802479412151464,6.77480448892056,0.08559591390908533
46,192.0,1128.0,2.8070484835369256,1.8713656556912837,3.039445102558861,6.095810560471626,0.08968615144655442
46,198.0,1122.0,2.6670367771170445,1.7780245180780296,3.0380704367316844,6.648404177466956,0.09187571232106556
46,204.0,1116.0,2.669859602361571,1.7799064015743806,3.3174450830161777,6.664698844895137,0.09351341826449254
46,210.0,1110.0,2.7317312043651327,1.8211541362434218,2.9387818121370968,6.287364707813801,0.09536530017472161
46,216.0,1104.0,2.9017287942841143,1.9344858628560762,2.889714471733192,6.821050559264413,0.09804303657099064
46,222.0,1098.0,3.058539377660771,2.0390262517738473,2.987603976992249,7.0071955257093315,0.10064817741559184
46,228.0,1092.0,2.8584076502954,1.9056051001969332,3.191581062879565,6.561253811528293,0.10225515215229834
46,234.0,1086.0,2.8571361788130023,1.9047574525420015,2.9927372016916176,6.104320720479567,0.10539368793516306
46,240.0,1080.0,2.7505759898600304,1.8337173265733535,2.997471800408512,5.934386247796029,0.10775906002497089
46,246.0,1074.0,2.870088278117077,1.9133921854113847,2.604133020917604,7.270809581487933,0.11034543975213043
46,252.0,1068.0,2.8802874199313195,1.9201916132875463,3.4574970910451976,7.40893212026934,0.113520078322962
46,258.0,1062.0,2.7869308150633643,1.8579538767089094,3.039546845548907,7.135889487958651,0.11548618798656501
46,264.0,1056.0,2.838275506498741,1.8921836709991606,3.185907169475907,7.241060939816693,0.11870486238826168
46,270.0,1050.0,2.824203201119946,1.8828021340799639,3.1006681662215647,6.645867157914796,0.12099290103758129
46,276.0,1044.0,2.942365755535473,1.961577170356982,3.2040056936235852,6.100995629958151,0.12465924453664413
46,282.0,1038.0,2.8337237857392954,1.8891491904928637,3.287689159911551,7.147456599083573,0.12782267357487162
46,288.0,1032.0,2.790556858760346,1.860371239173564,2.895908485232651,7.136960221806416,0.13126042017959783
46,294.0,1026.0,2.929371749060288,1.9529144993735255,2.9053664656831413,8.077072114242611,0.13418074067801974
46,300.0,1020.0,2.9856674136016466,1.9904449424010977,3.2108218400502624,8.108925391944867,0.1374494322475466
46,306.0,1014.0,2.6943777727942053,1.7962518485294703,3.074732909637247,7.20162402905292,0.1391015650515593
46,312.0,1008.0,2.96821642918268,1.9788109527884534,3.139812652145866,7.857339583510355,0.14231077807976214
46,318.0,1002.0,2.99845706308583,1.9989713753905534,3.3998542319243654,7.978505328980477,0.14585516499985612
46,324.0,996.0,2.960210088948183,1.973473392632122,2.9199074654673525,7.833903550356781,0.14981374313764334
46,330.0,990.0,2.97587025934076,1.9839135062271733,3.128314712245261,7.060510118975567,0.15239140679557697
46,336.0,984.0,3.026784830021918,2.0178565533479453,3.2498024079497223,8.01325516040866,0.15604448592926373
46,342.0,978.0,2.9911982657977174,1.9941321771984784,2.991958720224791,7.671616830760045,0.15930518914613848
46,348.0,972.0,3.041807985672213,2.027871990448142,3.246083075362145,8.283508796648096,0.1616843483619328
46,354.0,966.0,2.8601138054110984,1.9067425369407323,3.0967891587316574,7.124181438145585,0.16384904023720553
46,360.0,960.0,2.9600292960294965,1.9733528640196643,3.1042262156874156,6.602934341386453,0.1663068583970804
46,366.0,954.0,2.8256717916162883,1.883781194410859,3.078254120044631,7.184975271123336,0.1690690361765577
46,372.0,948.0,2.884240666994543,1.9228271113296953,3.2727344704432793,7.291773081319901,0.1721606414614736
46,378.0,942.0,2.9649464523499867,1.9766309682333245,3.5435745211113567,8.215239820661065,0.17451638587618215
46,384.0,936.0,2.8943628271964217,1.9295752181309478,3.3121130983903107,6.714959859870808,0.1775598086425528
46,390.0,930.0,3.0915019959775374,2.0610013306516914,3.159079016558032,7.938861065193704,0.1782170668446616
46,396.0,924.0,3.0025352848057723,2.001690189870515,3.358516540474008,6.899276060799302,0.18109152765759862
46,402.0,918.0,2.9324683520015227,1.9549789013343484,3.597211722328715,7.172817907574782,0.18405518828384423
46,408.0,912.0,2.9435519722483128,1.9623679814988753,3.7011040035135605,7.828650064297748,0.18724941054621166
46,414.0,906.0,3.0895099151521324,2.059673276768088,3.241795348176734,7.171856300618682,0.19042363222209277
46,420.0,900.0,2.9615055211875663,1.9743370141250443,3.154874295419332,7.638906348463467,0.1914123368302508
46,426.0,894.0,2.950552202029804,1.9670348013532026,3.2594004616085357,6.788027264677465,0.19456511090741802
46,432.0,888.0,2.998111925717627,1.9987412838117515,3.334478713769182,6.733617798870245,0.19819210870987308
46,438.0,882.0,2.901021168423483,1.9340141122823218,3.0529979712795576,7.4413381230149325,0.20059253649481562
46,444.0,876.0,2.951901918779908,1.9679346125199386,3.2260154010012303,7.397632481272152,0.2030199415221528
46,450.0,870.0,2.920864309527672,1.947242873018448,3.105470064314987,7.810587150752574,0.20597524828152095
46,456.0,864.0,3.087693331276063,2.0584622208507084,3.038990577326486,7.980713322600655,0.2076363227868122
46,462.0,858.0,2.898713951010657,1.9324759673404381,3.7348067278650467,7.411967830454327,0.21034117839775035
46,468.0,852.0,3.1677371463840553,2.111824764256037,3.3285897634516837,7.70712083819393,0.21335326576595234
46,474.0,846.0,2.78878636226899,1.8591909081793265,3.7699375284885384,7.618298469395127,0.21593713593147593
46,480.0,840.0,2.9649773940523336,1.9766515960348892,3.3976759355459314,8.013666834716828,0.21867280088515592
46,486.0,834.0,2.994992275200656,1.9966615168004374,3.468938916454551,7.126009116170981,0.22035396195899085
46,492.0,828.0,3.0757058968338202,2.0504705978892135,3.1056247589076595,7.504283148863618,0.22290351391296898
46,498.0,822.0,3.0190530999308596,2.012702066620573,3.541188260299183,7.33503484999952,0.22662897216176087
46,504.0,816.0,3.116838856425613,2.0778925709504086,3.376527663370678,7.109608408299499,0.2292266418896726
46,510.0,810.0,3.090346792788472,2.0602311951923147,3.402892339489323,7.904856658537383,0.23148936144698098
46,516.0,804.0,3.0109569034337196,2.0073046022891465,3.2036937612851273,7.4446531608164035,0.23381985039843906
46,522.0,798.0,3.046865994246935,2.031243996164623,3.4308117864777152,7.575756207868384,0.23729422393836894
46,528.0,792.0,3.107341410953272,2.0715609406355147,3.8492967435052092,6.987906747651233,0.24181611308203227
46,534.0,786.0,2.894904027932876,1.9299360186219172,3.1827101257985997,7.434664323033859,0.24489168487190272
46,540.0,780.0,2.798920955009139,1.865947303339426,3.0169924226631806,7.07298959661605,0.24771869364476426
46,546.0,774.0,2.9587565110331684,1.972504340688779,3.150909039747088,6.6461778005024135,0.2511271070500592
46,552.0,768.0,3.362700005564989,2.2418000037099928,2.852720823776719,7.196096098886089,0.25443380226604523
46,558.0,762.0,3.11173015089971,2.0744867672664733,3.6667170099477713,7.875479982933875,0.2587173221427944
46,564.0,756.0,3.201819591026773,2.1345463940178484,3.5239069558803564,7.098846059157025,0.2626862978511941
46,570.0,750.0,3.235086272914412,2.1567241819429412,3.1502761745926033,7.670176163937168,0.26586904717994475
46,576.0,744.0,3.025683106005969,2.017122070670646,3.115700603378476,7.0826021514355935,0.26971530716993464
46,582.0,738.0,3.1107438539539376,2.0738292359692916,3.1596803498748924,7.3575478348555805,0.2734645069861792
46,588.0,732.0,3.053562905077727,2.0357086033851512,3.387280624915975,6.722064894698458,0.2774006876745847
46,594.0,726.0,3.0963629977114895,2.0642419984743263,3.038492179447646,6.703721767144356,0.28167080783842857
46,600.0,720.0,3.1875405486814814,2.125027032454321,3.051046092065361,7.249588112924403,0.2854801647746699
46,606.0,714.0,3.069034939000235,2.0460232926668236,2.872422012013245,7.286741590224725,0.2889741285534795
46,612.0,708.0,3.178627823307586,2.119085215538391,2.980193270125543,6.7969833597345,0.29066489421992986
46,618.0,702.0,2.8544585787295516,1.902972385819701,3.350893845111977,7.4309533592065,0.29289534219742475
46,624.0,696.0,3.23265763392506,2.1551050892833734,2.765474016789113,6.791308481051863,0.296391151997192
46,630.0,690.0,3.065945794457291,2.0439638629715273,3.1370794575701613,7.253339573221302,0.3005861889587251
46,636.0,684.0,3.0639233726416597,2.0426155817611065,2.9381758653402756,6.961958814018613,0.30436951045435984
46,642.0,678.0,3.3176942673006504,2.2117961782004336,3.0950574894747427,6.389037034541047,0.3085513989690214
46,648.0,672.0,3.082681505822879,2.0551210038819194,3.350365820840974,7.357800035960369,0.31129929774379933
46,654.0,666.0,3.178548088667877,2.1190320591119183,3.4179771709282405,7.790897419715028,0.3145877708013575
46,660.0,660.0,3.0591180126240327,2.0394120084160217,3.4933453843112523,6.904626760041854,0.3156250111022756
46,666.0,654.0,3.2940803399196597,2.19605355994644,2.762010495135489,6.415665665198298,0.3208031198511216
46,672.0,648.0,3.1365693029303023,2.0910462019535347,3.2243353399593655,6.834376158775819,0.32380039736690197
46,678.0,642.0,3.218133818665904,2.145422545777269,3.6193573358702604,6.0809230486434345,0.3261549982514477
46,684.0,636.0,3.335125897772596,2.2234172651817308,2.8702306901827357,5.851711105166958,0.32950464699429277
46,690.0,630.0,3.1003495545134707,2.0668997030089806,2.5852121957977476,7.271573019936123,0.3329919355761882
46,696.0,624.0,3.2987595429484937,2.199173028632329,3.096193143377115,6.287669038261781,0.3364582394909754
46,702.0,618.0,3.177893938153977,2.1185959587693177,2.9763946444267737,6.604404462129678,0.3406397010639125
46,708.0,612.0,3.368937956732395,2.2459586378215968,2.999202199741244,6.780006001942921,0.3445018944590617
46,714.0,606.0,3.435198793965965,2.2901325293106436,3.2809180973314525,6.498341593071416,0.347968737006736
46,720.0,600.0,3.113547386751485,2.0756982578343233,3.137941458666655,6.332929232547933,0.350721622039202
46,726.0,594.0,3.3653173943356087,2.2435449295570726,3.132601123025456,6.771541456056283,0.3539738173962028
46,732.0,588.0,3.5412174675110974,2.360811645007398,2.8551309571837473,6.646832957358754,0.3578802494819974
46,738.0,582.0,3.276152702051513,2.1841018013676754,3.008166277879261,6.457234925977465,0.36212793815062716
46,744.0,576.0,3.434710675591965,2.28980711706131,2.7107421582364735,5.636290587238392,0.36610678106991423
46,750.0,570.0,3.302655193819495,2.2017701292129965,2.7528569234270064,6.659702962175872,0.3707279521424371
46,756.0,564.0,3.3652753503237265,2.2435169002158175,2.589807903074717,6.006834893271705,0.3735140017382845
46,762.0,558.0,3.3508341271574387,2.233889418104959,3.172027429354953,5.716344137578131,0.3760733907216565
46,768.0,552.0,3.054871666639163,2.0365811110927754,3.123705824357501,6.555509391786526,0.3781582871871946
46,774.0,546.0,3.2354374603488987,2.156958306899266,3.1262623624812718,6.6266828335698795,0.3817602847652369
46,780.0,540.0,3.373314776329149,2.248876517552766,2.8560753349929016,6.556642906203789,0.3846196540642723
46,786.0,534.0,3.2933460703391257,2.1955640468927506,2.8341881146629575,6.128074054041806,0.38894843423066716
46,792.0,528.0,3.5815993261328964,2.3877328840885976,3.0351459254154167,6.339253075920098,0.39324783753416415
46,798.0,522.0,3.4789613072723604,2.3193075381815738,2.842990589325035,5.835286040813267,0.3974194623266595
46,804.0,516.0,3.4371109854469806,2.2914073236313204,2.7050084023517265,6.484080356378224,0.4023104786666936
46,810.0,510.0,3.423006828910783,2.2820045526071886,2.809375339312403,6.968220832311613,0.40554961883702995
46,816.0,504.0,3.3347679036077404,2.2231786024051603,3.0421543259299235,6.243070485838816,0.4088764240567565
46,822.0,498.0,3.3755081245730496,2.2503387497153664,2.87275601368824,6.050745980545631,0.41125554191506464
46,828.0,492.0,3.2291618460437035,2.152774564029136,3.3805831813035194,5.5988729948481755,0.4157970662888102
46,834.0,486.0,3.3715717701418217,2.2477145134278813,2.46998497257334,5.866821881728223,0.4208757087083504
46,840.0,480.0,3.297363378086453,2.1982422520576352,2.748601876170414,5.3050626330194675,0.42371364631986674
46,846.0,474.0,3.474025512955661,2.3160170086371075,2.8286830054108107,5.71783927577561,0.4281863543025606
46,852.0,468.0,3.362318191282159,2.241545460854773,2.4475266304524768,5.98410767850147,0.4323557621096363
46,858.0,462.0,3.5336533268425714,2.3557688845617144,2.920929832800078,6.175464527894364,0.4355442748127355
46,864.0,456.0,3.5263897713569947,2.3509265142379965,2.6691388352580674,6.099307054550926,0.4392130938083768
46,870.0,450.0,3.450959528554932,2.300639685703288,2.5593709859721314,5.776581865514238,0.44259098325009616
46,876.0,444.0,3.193002427398116,2.1286682849320773,2.755774681141085,4.689363402006022,0.4461180071447373
46,882.0,438.0,3.3572005793810464,2.2381337195873643,2.551501658116992,6.0144906698863885,0.4508288219393431
46,888.0,432.0,3.4430181219305855,2.29534541462039,2.6909508980975017,4.675165820406628,0.4529623444827812
46,894.0,426.0,3.3800033694541236,2.2533355796360826,2.6481847368527878,5.668340934487712,0.4567705147099671
46,900.0,420.0,3.5257065451241707,2.3504710300827805,3.0842060365681996,5.8425419607538425,0.4600246994141278
46,906.0,414.0,3.3575411745270887,2.238360783018059,2.403314755256581,4.628067874285563,0.46370764354439037
46,912.0,408.0,3.6861879305990715,2.457458620399381,2.686074562485344,5.896944766622773,0.46875159447307096
46,918.0,402.0,3.374330585357372,2.2495537235715815,2.9771598726009993,5.959549186612399,0.4737294968140809
46,924.0,396.0,3.5369716689534343,2.3579811126356227,2.5662929189173065,4.545678421492868,0.47782588418788985
46,930.0,390.0,3.3456138512102225,2.2304092341401485,2.339271168816736,6.128274064752847,0.4814957572528442
46,936.0,384.0,3.4278757133947324,2.2852504755964884,2.666994664804162,5.701472399387663,0.4842728230703462
46,942.0,378.0,3.587460397050402,2.391640264700268,2.3681475913861587,4.830443406413652,0.48971235784117745
46,948.0,372.0,3.5515321079414774,2.367688071960985,2.5071038045043563,4.487973702804459,0.4933808325468507
46,954.0,366.0,3.486567707481667,2.3243784716544447,2.6351841903821325,5.510422380892797,0.4969320029980988
46,960.0,360.0,3.461385705409778,2.3075904702731855,2.3685503200327425,5.38288677429081,0.5005162711256896
46,966.0,354.0,3.4512545135751305,2.30083634238342,2.490774921411695,5.850308353554695,0.5068224728467026
46,972.0,348.0,3.6991134878395786,2.466075658559719,2.4371968231026395,4.802698541320606,0.5112442219095317
46,978.0,342.0,3.4991966582618086,2.332797772174539,2.5291276011062074,5.455192597479255,0.5161286258405349
46,984.0,336.0,3.513626306795462,2.3424175378636414,2.631028707873603,6.114839347344423,0.5200184617915171
46,990.0,330.0,3.4672457601078066,2.3114971734052046,2.655771328758407,5.048793143935919,0.5231121906197205
46,996.0,324.0,3.617543290393056,2.411695526928704,2.427875331598915,5.517882089456161,0.5270611971125595
46,1002.0,318.0,3.6883644891891363,2.458909659459424,2.642937083951695,4.28987083220388,0.5317781652734148
46,1008.0,312.0,3.603323777045668,2.4022158513637786,1.8559740631432966,5.0857769087531155,0.5346429164943554
46,1014.0,306.0,3.659381514866224,2.439587676577483,2.4170084068298587,5.324647164232346,0.5394709834672653
46,1020.0,300.0,3.5971785986132367,2.398119065742158,1.9683964596569918,5.180405347877457,0.5424780501901469
46,1026.0,294.0,3.7454586194589927,2.496972412972662,2.5733981570675444,4.590766986129374,0.5463710519657694
46,1032.0,288.0,3.6455374894206085,2.430358326280406,2.102646198414959,4.732477226158337,0.5500245962423577
46,1038.0,282.0,3.605682261515599,2.4037881743437324,2.3962349027751597,5.0229716004766995,0.5554220831061794
46,1044.0,276.0,3.581265822076779,2.387510548051186,2.039565416534832,4.648010410685903,0.5595645216537792
46,1050.0,270.0,3.6844323050912156,2.4562882033941436,2.288228174118959,4.265350010391072,0.5638573005943419
46,1056.0,264.0,3.741060414826475,2.4940402765509835,2.395672441770758,5.102425057463285,0.570301179561057
46,1062.0,258.0,3.746970733830217,2.497980489220145,2.4502550743840215,4.604775527015794,0.5730891570217577
46,1068.0,252.0,3.834935986147313,2.556623990764875,2.4383892745488573,4.950057625428443,0.5772122762814796
46,1074.0,246.0,3.876401977988017,2.5842679853253445,2.0703178546506025,5.179418910381363,0.5825048482319037
46,1080.0,240.0,3.7854896282771717,2.523659752184781,2.4160365235343257,5.160329279683851,0.5869770594450242
46,1086.0,234.0,3.5929991156366734,2.3953327437577823,1.7728860974874694,5.116563399494451,0.5898379033901163
46,1092.0,228.0,3.7007061723347485,2.467137448223166,2.303054275865779,4.097632376432799,0.5954028387302779
46,1098.0,222.0,3.7349165694609816,2.4899443796406544,2.0909694897823092,3.846861795915623,0.6016439467867535
46,1104.0,216.0,3.8492683332610858,2.566178888840724,2.5210174250976936,4.842042553099108,0.6085582165608601
46,1110.0,210.0,3.7918666868872832,2.527911124591522,2.273869527171851,4.41744338959055,0.6146871179737788
46,1116.0,204.0,3.9534904227964844,2.635660281864323,2.344778306250322,4.8752962277156415,0.6204023341020586
46,1122.0,198.0,3.743818867184377,2.4958792447895846,1.9323619661074178,5.4844480701915455,0.6254601555964433
46,1128.0,192.0,3.8417640016797727,2.5611760011198483,2.318780826611995,4.454291869071594,0.6310461664269993
46,1134.0,186.0,3.9161003408068344,2.6107335605378896,2.020166128500039,5.0683469869891695,0.6366510133496179
46,1140.0,180.0,3.954106711048942,2.6360711406992947,2.2185343812975997,4.41713691757027,0.641258292155452
46,1146.0,174.0,3.840058151385297,2.560038767590198,2.067083117619643,4.526590729142853,0.6467548815390105
46,1152.0,168.0,3.7588799369968626,2.5059199579979086,2.100469477408579,4.743398050576177,0.6520186552054086
46,1158.0,162.0,3.7798998349575794,2.519933223305053,2.008038880822979,4.8582725133476545,0.6558066553772542
46,1164.0,156.0,4.035382782769252,2.6902551885128347,2.1807899294821147,4.664891401008513,0.6613950432965694
46,1170.0,150.0,3.8259371778449327,2.5506247852299553,2.117833918300417,4.816452775268032,0.6667708358592418
46,1176.0,144.0,3.9201782228468365,2.6134521485645577,1.9695790003086067,4.74607732440041,0.67131395533839
46,1182.0,138.0,3.9924471908136594,2.6616314605424396,1.946949084570077,4.655639200099794,0.6778949130120875
46,1188.0,132.0,3.851304866611756,2.5675365777411705,2.3548276121794376,4.224465969089146,0.6830905791715007
46,1194.0,126.0,3.9775873086950693,2.6517248724633795,2.098594640789012,4.6097529335710234,0.687871000695811
46,1200.0,120.0,4.248913863522596,2.832609242348397,1.9546408837094278,4.37086506455636,0.6952163401263929
46,1206.0,114.0,4.112088987520318,2.7413926583468786,1.9665911420801527,3.6690804750001087,0.7006547113840358
46,1212.0,108.0,4.003709314013079,2.6691395426753863,2.091515828587163,3.5269100390960686,0.7039850554952394
46,1218.0,102.0,4.300227578375107,2.866818385583405,1.6690154994830315,4.485205908286715,0.7113553105601308
46,1224.0,96.0,4.015295039804005,2.6768633598693365,2.334762254724134,4.17120318905633,0.7178176728661753
46,1230.0,90.0,4.027545937593011,2.6850306250620073,2.0904807058225416,4.278681034474069,0.7236550743505977
46,1236.0,84.0,4.034191161491775,2.6894607743278502,2.505677762768519,3.586236604146016,0.7295764834070083
46,1242.0,78.0,4.123923013520402,2.7492820090136014,1.7275494849325879,3.9987571658095042,0.7338298567152521
46,1248.0,72.0,4.1293430467903685,2.7528953645269123,1.884850639072043,3.674739563326855,0.7410030570471636
46,1254.0,66.0,4.0782676078186055,2.71884507187907,1.8706153734691453,4.545038602786553,0.7465984100921915
46,1260.0,60.0,4.063246222513981,2.7088308150093208,1.9524364376878194,4.439083176672434,0.7530788409719196
46,1266.0,54.0,4.083637015930967,2.7224246772873113,2.267123315905099,4.185459581730089,0.7605572126232587
46,1272.0,48.0,4.042695275594281,2.6951301837295207,1.8021856355183419,4.31048876679684,0.7648994872481407
46,1278.0,42.0,4.172307874481432,2.7815385829876216,1.8548915689862697,3.6263454743472363,0.7698492256727024
46,1284.0,36.0,4.305041799909996,2.870027866606664,1.722900677641285,3.1249956390640494,0.7740104193158983
46,1290.0,30.0,4.101663122307044,2.7344420815380293,2.044505268556866,4.004812444945401,0.7780540539129162
46,1296.0,24.0,4.141775832540297,2.7611838883601982,1.6068333832965793,3.7380348667202044,0.7827974559280753
46,1302.0,18.0,4.194372206856971,2.7962481379046475,1.7924785239312306,3.5013786052405442,0.7893102971903259
46,1308.0,12.0,4.424081195003141,2.949387463335427,1.8409186041669343,3.4724063493250727,0.7941606772722498
46,1314.0,6.0,4.0971070477673965,2.731404698511598,2.2288512682615016,4.049265883931132,0.7981436969441358
46,1320.0,0.0,4.163076116785577,2.7753840778570513,1.7252443277136698,4.416657463916217,0.8032147944920752
47,0.0,1176.0,2.888172647500246,1.9254484316668306,1.779302172069331,3.534141874811845,0.002458388278798245
47,6.0,1170.0,2.6990726551536777,1.7993817701024517,1.3372549772806328,3.439590496001685,0.004433599699509717
47,12.0,1164.0,2.85471654715323,1.90314436476882,2.0111851674935757,3.5027005313608606,0.008310178648327574
47,18.0,1158.0,2.574152789227186,1.7161018594847908,1.5163694830649599,4.025115363494409,0.011196438727793181
47,24.0,1152.0,2.7039931069093415,1.8026620712728942,1.7698321657244136,3.6699392941430595,0.014254946309892687
47,30.0,1146.0,3.04094278280916,2.02729518853944,1.9660040967786911,3.253038135671583,0.016255170885630083
47,36.0,1140.0,2.835723336689731,1.8904822244598207,1.8791297013512,4.136647269394466,0.019026311016374125
47,42.0,1134.0,2.852356784680539,1.901571189787026,1.946173245921564,3.5549872290634155,0.02196518630111865
47,48.0,1128.0,2.8562271847558125,1.904151456503875,2.0255254391511857,3.9608561475546664,0.02512359563595059
47,54.0,1122.0,2.8263082712256753,1.8842055141504501,2.1754184263413285,4.563671301441329,0.02730853925838065
47,60.0,1116.0,2.815176440913659,1.8767842939424393,2.3008554209127197,4.8343112359066245,0.02970767668418742
47,66.0,1110.0,2.6545247811777735,1.769683187451849,2.1571654916642915,6.037605437302684,0.031807901882848176
47,72.0,1104.0,2.741299639501992,1.827533093001328,2.5128261086788943,5.042627745153993,0.03524844888063569
47,78.0,1098.0,2.759523732278206,1.8396824881854705,2.2661422239585396,6.0040189274256335,0.03783854622380953
47,84.0,1092.0,2.7819739412728706,1.8546492941819137,2.224961425965794,5.083404167828914,0.040912797423025456
47,90.0,1086.0,2.5542607831591186,1.7028405221060792,2.564448333288261,5.42234026269777,0.04406573005141582
47,96.0,1080.0,2.8401381072245258,1.8934254048163506,2.4618742471286663,5.334533267849413,0.04722922353256795
47,102.0,1074.0,2.6214351241260343,1.747623416084023,2.6420169318999136,4.77218063528554,0.04890376058390629
47,108.0,1068.0,2.7676412430609143,1.8450941620406096,2.426935532124081,5.249007117285403,0.05012809537552511
47,114.0,1062.0,2.8818904000338676,1.921260266689245,2.6405615043906954,4.724035502899055,0.053553911117634564
47,120.0,1056.0,2.6562153657694223,1.7708102438462816,2.58575934609494,5.905247482531468,0.055678722985478865
47,126.0,1050.0,2.780329366435099,1.8535529109567328,2.096048621567649,5.59004583716469,0.059412549709786454
47,132.0,1044.0,2.7836274693400025,1.8557516462266683,3.0945628599194883,5.490394908726683,0.06163823182568956
47,138.0,1038.0,2.8668529777989287,1.9112353185326192,2.8616607503223532,5.967647753979752,0.0646974869833243
47,144.0,1032.0,2.7564266604245846,1.8376177736163897,2.7114354113045,5.453608048767401,0.06725104202957694
47,150.0,1026.0,2.85999040972199,1.9066602731479934,2.7709851474480183,6.319527692882168,0.06935403282217115
47,156.0,1020.0,2.7479881295436908,1.8319920863624606,2.6810001388490625,5.582172426834362,0.07303330313245052
47,162.0,1014.0,2.7973045243783234,1.8648696829188822,2.7953765253414264,6.18689967252963,0.07654366399849175
47,168.0,1008.0,2.7253216297251037,1.8168810864834024,2.956962218796905,5.7991914991345,0.07901526915159261
47,174.0,1002.0,2.8083961671651183,1.8722641114434122,2.796184465060899,5.332276654652499,0.08272838224430266
47,180.0,996.0,2.7827407877873838,1.8551605251915892,2.8191613352180993,6.317045492471187,0.08540430884569082
47,186.0,990.0,2.6534483516821843,1.7689655677881229,3.03815033188257,7.018052920277576,0.08938936030491114
47,192.0,984.0,2.7861719938182437,1.857447995878829,2.6889181774335413,5.992003737323719,0.0924074603975175
47,198.0,978.0,2.761118560319016,1.8407457068793438,3.1052970058319005,6.862187538804625,0.09568004788946842
47,204.0,972.0,2.670100064359506,1.7800667095730038,3.1122895296559134,6.775513754308531,0.09797175272009598
47,210.0,966.0,2.941527770516391,1.961018513677594,3.1349910654112594,7.036325797316045,0.10267041099213317
47,216.0,960.0,2.8181592834367284,1.8787728556244856,3.070339615821599,6.30802088038238,0.1061521985992386
47,222.0,954.0,2.909943376123294,1.9399622507488627,2.761088357316084,6.623281438860054,0.10947625927325826
47,228.0,948.0,2.783144261159813,1.8554295074398752,3.132926895121236,6.766091628567309,0.11136405381177482
47,234.0,942.0,2.7428595556868354,1.828573037124557,3.3571015322731745,6.597472795107436,0.11516211590239023
47,240.0,936.0,2.8958712743607498,1.9305808495738332,3.4815261862268687,6.498276119042588,0.117884437135173
47,246.0,930.0,2.817461657259317,1.8783077715062113,3.1245960750608255,7.864269040769043,0.12151754780854669
47,252.0,924.0,2.8632289809026443,1.908819320601763,3.219232589682502,6.687176858466783,0.12229656466746164
47,258.0,918.0,2.900501096454715,1.9336673976364767,3.300610737080133,6.60368040261983,0.12500192723869127
47,264.0,912.0,2.971011294247665,1.9806741961651102,3.3532790983172394,6.955901627861446,0.12978001991311605
47,270.0,906.0,2.5342657369948935,1.689510491329929,3.17164023196492,7.191282074608293,0.13135338206752115
47,276.0,900.0,3.156055532316186,2.104037021544124,3.2462776853108704,7.632305400248754,0.13356697404493192
47,282.0,894.0,2.791624940636879,1.8610832937579194,2.948988007021668,7.179105343680973,0.13716351786259223
47,288.0,888.0,2.8217279442050502,1.8811519628033668,3.2054192007901787,7.980329135448924,0.14079494718450927
47,294.0,882.0,3.0036077397960526,2.002405159864035,3.302525555089273,7.048843217856894,0.1435692867627777
47,300.0,876.0,2.775688158276715,1.8504587721844767,3.3888471709207124,6.742504644639681,0.14664951621434366
47,306.0,870.0,2.6998133772990216,1.7998755848660144,3.632597698687145,7.097376336939578,0.14935594236003175
47,312.0,864.0,2.9021090308339437,1.9347393538892959,3.556131760883379,6.904236190557925,0.15231269814874215
47,318.0,858.0,2.968789169375535,1.97919277958369,3.1373532300086255,7.408394579083688,0.1546879643651207
47,324.0,852.0,3.195012695295711,2.130008463530474,3.3938608863727504,8.047589995495308,0.1577661140682508
47,330.0,846.0,2.9645349514476087,1.9763566342984058,3.2086105449013,6.106710606438622,0.15956082848134107
47,336.0,840.0,2.8838206320942925,1.9225470880628617,3.0628098694954895,6.2968415141225895,0.16204477200279246
47,342.0,834.0,3.0902759013909455,2.0601839342606305,3.7086510443918064,6.71319797318866,0.165194211423842
47,348.0,828.0,2.817421879763653,1.8782812531757687,3.387739879206024,7.730891754484021,0.1697489438666835
47,354.0,822.0,3.0770093287489275,2.051339552499285,3.3018598641638794,7.488790063759766,0.17203479754224552
47,360.0,816.0,2.974665544676548,1.9831103631176987,3.1139065757633126,7.226775136364651,0.1746438024622827
47,366.0,810.0,2.9429994674715076,1.961999644981005,3.1302250609602917,7.079955297937236,0.17687365096112453
47,372.0,804.0,2.925429774759424,1.9502865165062826,3.5798335584389283,7.835214275948281,0.18094485096812407
47,378.0,798.0,2.868526762530714,1.9123511750204758,3.182694556121949,6.9727125996014605,0.18343318619343213
47,384.0,792.0,3.151857844538622,2.1012385630257477,3.446692093382483,8.173016078325409,0.18831723079291326
47,390.0,786.0,2.8351032087620167,1.8900688058413444,3.600243053824327,7.856840407458527,0.1895486093479994
47,396.0,780.0,2.901417070744852,1.9342780471632348,3.344405454702482,8.014858627849808,0.19217510793335918
47,402.0,774.0,3.015504072252977,2.0103360481686514,3.4085820090628336,7.552685176469612,0.19450001358479183
47,408.0,768.0,3.1696519541613735,2.113101302774249,3.089058314938889,7.4063579888359286,0.19852081574722888
47,414.0,762.0,2.96047328970607,1.9736488598040467,3.3035661591467522,7.73060314581499,0.20062604853884505
47,420.0,756.0,2.9602163746879433,1.9734775831252955,2.939650091623509,7.364837196782795,0.2031546373938274
47,426.0,750.0,2.990630660022493,1.9937537733483286,3.2812730760662494,7.134213725998861,0.20772700113638656
47,432.0,744.0,3.3481513938060403,2.232100929204027,3.2691525489163196,7.538048997594083,0.21107153751248076
47,438.0,738.0,3.0932608231678955,2.06217388211193,3.584006191960782,8.00171925634046,0.2149311005780857
47,444.0,732.0,2.916881770010821,1.9445878466738806,3.7289595303886554,7.838192965639341,0.2180496648901479
47,450.0,726.0,2.814948459715133,1.8766323064767552,3.2575897590712732,7.025945821883605,0.2217237859293471
47,456.0,720.0,2.956763423639152,1.9711756157594345,3.260885507145686,6.9420914562753975,0.22374313586669284
47,462.0,714.0,2.6798457134328646,1.7865638089552431,3.359444920344256,8.265625119601228,0.22599026430650712
47,468.0,708.0,3.247708568977881,2.165139045985254,3.0340151785758698,7.337281403311668,0.23163864418623328
47,474.0,702.0,3.0471629656007018,2.0314419770671344,3.162460516092593,6.934780479428129,0.2345584779173208
47,480.0,696.0,2.8167856693993865,1.8778571129329242,3.4743839500156324,7.757014604105154,0.2377873801238509
47,486.0,690.0,2.945288786085392,1.9635258573902614,3.251465813783725,7.72753046689866,0.24199850688924265
47,492.0,684.0,3.1178538897789285,2.078569259852619,3.0237943749741327,6.891482017459125,0.2462808423117809
47,498.0,678.0,2.9990886950357067,1.9993924633571378,3.013881105449508,7.314554242127357,0.25010444366517626
47,504.0,672.0,2.985058393064461,1.9900389287096407,3.3661909352002595,7.2320992489247695,0.2526694202997232
47,510.0,666.0,2.9308139486182503,1.9538759657455003,3.454877561355466,7.067786456879177,0.2559780824694418
47,516.0,660.0,2.960250368925563,1.9735002459503752,3.325672764729922,7.079873567366326,0.25973627951723977
47,522.0,654.0,3.212367989190754,2.1415786594605026,3.122030949427063,7.591744455063939,0.26322966888627686
47,528.0,648.0,3.000363896829895,2.0002425978865968,3.0260821889806895,7.654025238304108,0.26713336348467503
47,534.0,642.0,3.2480928251130394,2.1653952167420263,3.501697335804762,7.277215054161907,0.27087808017134535
47,540.0,636.0,3.3612176758333594,2.240811783888906,3.0301364768899837,6.584294962389968,0.27595437126604194
47,546.0,630.0,2.965096112429248,1.9767307416194988,2.7813448475308022,6.962968034152675,0.280762245219765
47,552.0,624.0,3.2261886047378745,2.150792403158583,3.6646574791380746,7.560844405379369,0.28434767418923845
47,558.0,618.0,3.2281695249087115,2.152113016605808,2.7232471227875745,7.058903424788145,0.289771460900842
47,564.0,612.0,3.038179649964842,2.0254530999765614,2.7941324032654133,7.0725938008683125,0.2934161017509927
47,570.0,606.0,3.1793128270517905,2.1195418847011935,3.053075329369707,6.9443923752953935,0.2977413212790934
47,576.0,600.0,3.1138509602916518,2.0759006401944347,2.9720391193499767,7.092362351462518,0.3019660993806188
47,582.0,594.0,3.377359523495943,2.2515730156639617,2.7827354066166015,7.005985718342137,0.3068481330351344
47,588.0,588.0,3.1285416345646917,2.085694423043128,3.06413585515949,7.531188898693391,0.3094941503709966
47,594.0,582.0,3.1457627561563655,2.0971751707709103,3.237059570068261,6.3376892351584715,0.31100549293697277
47,600.0,576.0,3.227312483777095,2.1515416558513967,2.7770713359294907,7.826181810259171,0.3159148648812423
47,606.0,570.0,2.9936868637708733,1.9957912425139155,3.2096782206737258,6.99673638076207,0.31889333484957183
47,612.0,564.0,3.021964013363895,2.01464267557593,2.780262760248145,7.2216352948822085,0.32227559877800843
47,618.0,558.0,3.0563725217732904,2.0375816811821936,3.076973675286316,7.306514328755974,0.3251531348449497
47,624.0,552.0,3.189853554972645,2.12656903664843,3.160559870231553,6.561431188124816,0.3275634004773946
47,630.0,546.0,3.0420832051929945,2.028055470128663,2.7006065353607536,6.234729754248024,0.3310141790803635
47,636.0,540.0,3.2454045952442723,2.1636030634961814,2.845338754041246,6.873400512596447,0.33337004952851357
47,642.0,534.0,3.179334660511758,2.119556440341172,2.7717627623812566,6.543857937632332,0.33731333317031903
47,648.0,528.0,3.0684285636349675,2.045619042423312,3.191241833739615,7.415651411885027,0.34072690186935944
47,654.0,522.0,3.4002140700823817,2.266809380054921,3.3970394296816924,6.510784530125958,0.34633943004815854
47,660.0,516.0,3.2566260317961673,2.1710840211974447,3.011596230880258,6.5182093864431305,0.34948900021110707
47,666.0,510.0,3.085948997622714,2.057299331748476,2.93769059624538,6.2620534972031185,0.3543922235334015
47,672.0,504.0,3.325592306137591,2.2170615374250606,2.7100356999989756,6.8008811334447055,0.3584531538456181
47,678.0,498.0,3.1584515694383715,2.105634379625581,2.8001890638822724,6.964934739672467,0.36110789838423163
47,684.0,492.0,3.1357704771175583,2.0905136514117055,2.744619899479949,6.209923589784557,0.36467662095685893
47,690.0,486.0,3.404400216114311,2.2696001440762075,3.0987299558077694,7.3361540431675545,0.3695756463948643
47,696.0,480.0,3.340216412433483,2.2268109416223223,3.078695731405788,6.4137460907908075,0.37312974471034954
47,702.0,474.0,3.3665184749539625,2.244345649969308,2.6660372068972444,6.40304599046469,0.3787539497350394
47,708.0,468.0,3.2787857029533867,2.185857135302258,2.817289931674231,6.964045672457279,0.3828213775135699
47,714.0,462.0,3.254091311716874,2.169394207811249,3.120232602933527,5.723748253015994,0.38609754215669506
47,720.0,456.0,3.0199824893820284,2.013321659588019,2.937117300091385,6.471495811220153,0.3901342869159139
47,726.0,450.0,3.2379984503027623,2.158665633535175,2.688844350414203,7.31162044333204,0.39328727356287274
47,732.0,444.0,3.3103839209631043,2.206922613975403,3.054518087217473,6.589316012253607,0.39829647304749416
47,738.0,438.0,3.523171291161903,2.348780860774602,2.607677300064325,6.411494093094249,0.40301211982927165
47,744.0,432.0,3.4588428268459053,2.30589521789727,3.0071670944370696,6.72613505603685,0.4077201472204677
47,750.0,426.0,3.4424170102607294,2.294944673507153,2.7423515392226214,5.687617572088964,0.41359713935419534
47,756.0,420.0,3.3756817952173264,2.2504545301448844,2.7741395818562937,5.6680355312239685,0.4186155972665294
47,762.0,414.0,3.4582877835785455,2.305525189052364,2.9403708672671516,6.491159607027194,0.4220645872493076
47,768.0,408.0,3.3956018616110666,2.2637345744073776,3.2048713239230913,6.026196791295267,0.42598193989280947
47,774.0,402.0,3.329607675698055,2.21973845046537,3.021172478262746,6.391297043986091,0.429627312327183
47,780.0,396.0,3.3054725722498257,2.203648381499884,2.653234575676117,5.76257196084573,0.43392968114426517
47,786.0,390.0,3.411932217326865,2.27462147821791,2.67197754093964,5.855289593093964,0.43815336227557833
47,792.0,384.0,3.3457216818381794,2.230481121225453,2.4973879005870554,6.138960664400068,0.4429041146375657
47,798.0,378.0,3.384342604687061,2.2562284031247075,2.5583228360675094,5.302942177053154,0.447120617805338
47,804.0,372.0,3.5083182915559474,2.338878861037298,2.7184382775121003,5.278143679417032,0.4533276219219984
47,810.0,366.0,3.2383333336830735,2.158888889122049,2.539464201381632,5.042944002431397,0.45638754973779255
47,816.0,360.0,3.5819543019707556,2.3879695346471705,2.528496622725628,6.0951800423217835,0.462385453913948
47,822.0,354.0,3.7880738260666638,2.525382550711109,2.558995619949293,6.1474675867053294,0.469246616054816
47,828.0,348.0,3.202092631625603,2.1347284210837354,2.589174593638421,5.715911213137001,0.47349767324459135
47,834.0,342.0,3.7028464176998774,2.468564278466585,2.5380650633323363,6.2785502888232445,0.47928521579610167
47,840.0,336.0,3.6370126310329995,2.424675087355333,3.122321517365129,5.8225246440494605,0.4849391066514802
47,846.0,330.0,3.338574807541339,2.2257165383608926,2.5169597304798,5.21033658295506,0.4884634723448679
47,852.0,324.0,3.50240131005312,2.33493420670208,2.5866087789061147,5.1672175443296195,0.49460125528061655
47,858.0,318.0,3.781275484842743,2.5208503232284953,2.583203212160922,5.231750699187513,0.5010748016831219
47,864.0,312.0,3.515744869458408,2.343829912972272,2.5318360808757823,4.710590457822571,0.5059766155911656
47,870.0,306.0,3.7610724291528013,2.507381619435201,2.5038640650084467,5.235787304419159,0.5107306905801277
47,876.0,300.0,3.4399741719272323,2.293316114618155,2.316705161795952,5.51746829879256,0.5142047563860247
47,882.0,294.0,3.6775498221454765,2.4516998814303177,2.5166429460787088,5.286809779623864,0.5184306384045
47,888.0,288.0,3.39360479904046,2.2624031993603064,2.623464479310372,4.616699513568314,0.5226424802518307
47,894.0,282.0,3.7794903305039185,2.5196602203359455,2.6411272331944415,5.436328063962656,0.5269731671166763
47,900.0,276.0,3.4531656995895847,2.3021104663930565,2.1724764351579595,4.721927847428756,0.5302838363844643
47,906.0,270.0,3.4615147039612317,2.307676469307488,2.209306203973523,5.705694174312938,0.5358689258453453
47,912.0,264.0,3.6543340522902112,2.4362227015268076,2.5373546367645448,5.112689763891054,0.542436914902118
47,918.0,258.0,3.7516010774031807,2.5010673849354537,2.617437444803566,5.697812050009171,0.5485258736318293
47,924.0,252.0,3.754492546723406,2.5029950311489375,2.497767763551055,4.455391328517132,0.5539107470353426
47,930.0,246.0,3.760295548877171,2.5068636992514475,2.6114463486346358,5.066877397174784,0.5589771216171846
47,936.0,240.0,3.581526923575846,2.3876846157172307,2.401310632044511,4.922417165996977,0.563615749988627
47,942.0,234.0,3.8516766905879596,2.567784460391973,1.983459372672561,4.931684369731418,0.5697676505996814
47,948.0,228.0,3.7854807965253925,2.5236538643502615,2.0571747843162256,4.898793951994388,0.572653042237141
47,954.0,222.0,3.9357590768504216,2.623839384566948,2.0117835304588,4.852261206064029,0.5789820388467636
47,960.0,216.0,3.709578104147441,2.473052069431627,2.47988956884851,4.407496922779573,0.5819246750524528
47,966.0,210.0,3.813551487413978,2.5423676582759853,2.4538580774747674,4.794277893083705,0.5891592063481553
47,972.0,204.0,3.8396268507814333,2.5597512338542887,2.479530516146676,3.7184420000064233,0.5938412591257726
47,978.0,198.0,3.7720154783636057,2.514676985575737,1.9159433454210024,4.207538901079903,0.6003690351508172
47,984.0,192.0,3.746995964543734,2.4979973096958226,2.1613367515820645,4.6001230692064405,0.6045555158138015
47,990.0,186.0,3.918412892577474,2.6122752617183163,2.471052297429922,5.661594749042966,0.608479176929262
47,996.0,180.0,3.9957676604164845,2.663845106944323,2.688143791050041,4.334599736376153,0.6134282860262513
47,1002.0,174.0,3.9487613901197083,2.632507593413139,1.925426114496813,4.349645675038348,0.6183687584871816
47,1008.0,168.0,4.088331580829867,2.7255543872199115,2.4505962641611445,4.471492094202412,0.6216523947344125
47,1014.0,162.0,3.9236804251882687,2.6157869501255124,2.0819994678827705,4.30834780582219,0.6289219824584718
47,1020.0,156.0,4.008506075319611,2.6723373835464073,1.8851686042117064,4.296715207041579,0.63723921482434
47,1026.0,150.0,3.84161865686416,2.5610791045761068,2.4122933888979743,5.181085911441909,0.6411118291085325
47,1032.0,144.0,3.9046183934144243,2.6030789289429497,1.704656722664785,4.42134686082237,0.6465198519572394
47,1038.0,138.0,3.8929542976711238,2.5953028651140824,2.2662930614052406,3.916353081962397,0.6504270386736387
47,1044.0,132.0,3.7942944220097075,2.5295296146731383,2.268775970757841,3.9896998244960784,0.6558008355230005
47,1050.0,126.0,3.9989655383430898,2.66597702556206,2.004476874175831,4.655941940122195,0.6644208704218794
47,1056.0,120.0,4.0981476261863135,2.7320984174575424,2.047932658313772,4.531171125840482,0.6701866781795628
47,1062.0,114.0,3.7421379951780716,2.4947586634520476,2.1136411350077005,4.373528991230336,0.6773887362293416
47,1068.0,108.0,3.9248176702575317,2.6165451135050213,2.023221771719517,4.979942032220646,0.6835255731422166
47,1074.0,102.0,3.9595165627801103,2.6396777085200736,1.9600426636915242,3.803834997759393,0.689525009583049
47,1080.0,96.0,3.9963936166693146,2.6642624111128765,2.170410195272728,4.506447649030732,0.6960242031980676
47,1086.0,90.0,3.946900006416812,2.6312666709445414,1.8792432814000612,4.882856247109799,0.7035768797715988
47,1092.0,84.0,3.981452351429963,2.6543015676199753,2.0799445139406174,5.329734802726444,0.7085228006496539
47,1098.0,78.0,4.079983981701674,2.7199893211344492,1.9373425091302832,4.120991878487184,0.7176812740958555
47,1104.0,72.0,3.9270713471274536,2.618047564751636,1.8919507728407372,4.3849541309897795,0.7225178527668037
47,1110.0,66.0,4.132540811385436,2.7550272075902904,1.9629437858949008,3.9767638280164053,0.7287022991143854
47,1116.0,60.0,4.141358819789917,2.7609058798599446,1.8439592212846105,3.9695721260267685,0.7354437587959431
47,1122.0,54.0,4.079616947718675,2.71974463181245,1.605302422480628,3.771237360737006,0.7429956320306602
47,1128.0,48.0,4.102046021646148,2.7346973477640986,1.9522470278249997,3.79752072840812,0.7498960477501564
47,1134.0,42.0,4.23512587685115,2.8234172512341,2.0028107645310023,3.8449482804798505,0.7561227135375146
47,1140.0,36.0,4.1723434020577175,2.781562268038478,1.7098980306062326,4.084912531530793,0.7631491394730097
47,1146.0,30.0,4.387403066062472,2.924935377374981,2.060048595610072,4.332419996782725,0.7703223524942593
47,1152.0,24.0,4.119516300119848,2.7463442000798985,1.720977240497335,3.906691748332638,0.7758479064036952
47,1158.0,18.0,4.289949530567956,2.8599663537119704,1.9081194305242,3.369840829487437,0.7832591305434768
47,1164.0,12.0,4.191276399185636,2.7941842661237573,1.9523987427104061,3.785984395536791,0.7891434120209856
47,1170.0,6.0,4.35345861173591,2.902305741157273,1.8641800750594595,3.325661163531763,0.7963929210493447
47,1176.0,0.0,4.192724407398346,2.795149604932231,1.782347070126478,4.365842618376789,0.8013549128010446
48,0.0,792.0,2.823932347378966,1.8826215649193108,1.681364781539797,3.3027321823069515,0.004443878114589191
48,6.0,786.0,2.93644532971255,1.9576302198083668,1.9156696864128442,3.023638928998332,0.008833372015600093
48,12.0,780.0,2.97514536044561,1.9834302402970734,1.9593982943017791,3.8830275858973176,0.012493739476196145
48,18.0,774.0,2.7510630457386602,1.83404203049244,1.7755963149905192,4.250525849793216,0.017759777858452768
48,24.0,768.0,2.8079449784959722,1.8719633189973148,1.9811696892861501,4.441186800802703,0.021809750915647276
48,30.0,762.0,2.767696671895593,1.845131114597062,1.777052074338115,3.7258889773937387,0.0253842582976231
48,36.0,756.0,2.707287269322903,1.804858179548602,1.7937698750298439,4.425618331260928,0.028909984669538532
48,42.0,750.0,2.8215828291612826,1.881055219440855,2.114979598796804,4.94650556521456,0.03118046974403454
48,48.0,744.0,2.7774002900924315,1.8516001933949544,2.1439798857322545,4.822329138708347,0.03608214445972028
48,54.0,738.0,3.165712221718407,2.110474814478938,2.7349438721320065,5.17673805481237,0.0425594250965823
48,60.0,732.0,2.740810044766896,1.827206696511264,2.50873637720721,5.14132116411017,0.046084126269431126
48,66.0,726.0,2.8450301335836885,1.896686755722459,2.4491670239807326,5.670460038097551,0.050043867130682
48,72.0,720.0,2.732884076230856,1.8219227174872374,1.9904691110508772,5.57769681444494,0.05443688825390014
48,78.0,714.0,2.726013217416465,1.81734214494431,2.662125153405138,6.393362569103225,0.0587857528459817
48,84.0,708.0,2.95768369778561,1.9717891318570733,2.6165103430175995,5.202664504094408,0.06248507976594994
48,90.0,702.0,2.820722602930719,1.8804817352871461,2.9262488993536584,5.538286846733484,0.06606662984736911
48,96.0,696.0,2.8271530622855336,1.8847687081903557,2.7848444424061722,6.3390944167970025,0.06992826569879099
48,102.0,690.0,2.895014267095991,1.9300095113973272,3.021282932871123,5.879569108489641,0.07448517317338291
48,108.0,684.0,2.848265396795598,1.8988435978637321,3.1545738729842774,5.83801112785151,0.07859498145396543
48,114.0,678.0,2.9337031415103376,1.955802094340225,2.796901443672335,6.908615384072855,0.0844233832415074
48,120.0,672.0,2.9432853798600744,1.9621902532400497,2.618086045282495,6.5050727749141934,0.08895955580951677
48,126.0,666.0,2.693745103252885,1.7958300688352569,2.9683054508353974,7.123915159225125,0.09202534833414834
48,132.0,660.0,2.8024534580077884,1.8683023053385257,3.144787561769189,6.70779443099896,0.09749014964094091
48,138.0,654.0,2.748268168772692,1.8321787791817947,2.7201249027090992,5.848766198019654,0.10159089429717774
48,144.0,648.0,2.7968552873087487,1.8645701915391657,2.749769799119371,6.608743342654949,0.10620087418876167
48,150.0,642.0,2.8759065341461314,1.9172710227640877,3.242680702978845,6.57836238942683,0.11077140471645013
48,156.0,636.0,2.8498083998080004,1.899872266538667,3.0319917677910424,7.292832403475179,0.11493329893070735
48,162.0,630.0,3.0893741004693753,2.05958273364625,3.1704970490032336,7.106948925273415,0.12201787186861575
48,168.0,624.0,2.9775037985539448,1.9850025323692966,3.2358917261184783,6.9839764551104775,0.1274063651511373
48,174.0,618.0,2.942047050979586,1.9613647006530572,3.0030291022559923,7.85027999560928,0.1338901133152008
48,180.0,612.0,2.921738086059784,1.9478253907065228,3.16055431862499,6.957165649170269,0.1381262503973526
48,186.0,606.0,2.811561627339194,1.8743744182261295,3.242238376970839,6.340041836438459,0.142803693364517
48,192.0,600.0,2.8370461890612746,1.8913641260408498,3.1383439612217745,7.4040011222416595,0.14641327638737336
48,198.0,594.0,3.080336464833341,2.0535576432222276,3.5164416755201273,7.156448877317774,0.1509660836763777
48,204.0,588.0,2.9620677566156206,1.9747118377437471,2.8959890103465877,7.533915074128023,0.15708867657782902
48,210.0,582.0,2.9731451605002546,1.9820967736668365,3.6423980684965276,8.1449122467493,0.16249689818701668
48,216.0,576.0,3.0388030708301876,2.025868713886792,3.3493613960744035,8.093864410080824,0.1669776886733622
48,222.0,570.0,3.0073829262826393,2.004921950855093,3.0410752032977233,7.221924296700822,0.1731705822153602
48,228.0,564.0,2.851740242592068,1.9011601617280454,3.123884109895771,6.122155482362372,0.17872348891150405
48,234.0,558.0,3.169420233319715,2.1129468222131433,3.0643827100582413,7.903680606076917,0.1851034504635438
48,240.0,552.0,2.669466572152111,1.7796443814347407,3.5166064429886412,7.3184497016348935,0.18928173261256867
48,246.0,546.0,2.880747374187496,1.9204982494583307,3.499939940014338,7.587079249796986,0.1947953726810283
48,252.0,540.0,2.895472776697291,1.9303151844648607,3.3493295086232,6.648210630188319,0.2018735926953686
48,258.0,534.0,2.7753905204998146,1.8502603469998764,3.538615191781032,7.288851802399093,0.20671816613501778
48,264.0,528.0,2.9789136945874035,1.985942463058269,3.514294815072468,7.289190261887772,0.21167266947111868
48,270.0,522.0,2.8159506640657517,1.8773004427105011,3.4624166171215647,7.322830981009139,0.21587296881014995
48,276.0,516.0,2.9759321429075065,1.9839547619383378,3.2160419759407626,7.041006484446379,0.22082705263518776
48,282.0,510.0,3.184479616877684,2.1229864112517896,3.099925909028334,8.093588591110734,0.22442002728773655
48,288.0,504.0,2.966854329928787,1.9779028866191914,3.0454364844809363,6.853747557046234,0.23054489718760485
48,294.0,498.0,2.970641443305438,1.9804276288702918,3.1838906714439297,7.119528705884356,0.23670228588058076
48,300.0,492.0,3.0549734424278365,2.0366489616185577,3.4371335877317595,8.504854853717285,0.23906006285116274
48,306.0,486.0,3.0794119625842606,2.052941308389507,3.143775487096846,7.177717382104876,0.24640218393585447
48,312.0,480.0,3.2296845871882875,2.153123058125525,3.505639047929321,7.544723515229644,0.2531416628317366
48,318.0,474.0,3.022686147812238,2.015124098541492,3.320147909265318,7.645243327484543,0.25756283941362335
48,324.0,468.0,3.1317773363558343,2.087851557570556,3.1540746714310544,7.629684221004179,0.2622268823375404
48,330.0,462.0,2.9249831617334587,1.9499887744889726,3.3504999364309453,7.07429474900443,0.2672029412323965
48,336.0,456.0,3.14513731909915,2.0967582127327664,3.6161492028098854,7.887531128440202,0.2724082716546297
48,342.0,450.0,3.3166171915249842,2.2110781276833227,3.447798879457951,6.099572850498875,0.2752509401893026
48,348.0,444.0,3.2391926811324083,2.1594617874216055,3.1019659635759895,7.387770998556855,0.2820212755523566
48,354.0,438.0,3.320716472565666,2.213810981710444,3.0552708214125883,6.246346929011661,0.2886023220992924
48,360.0,432.0,3.2298307290977264,2.153220486065151,3.1167017131616817,7.481382229879774,0.29412477412279103
48,366.0,426.0,3.192579578841589,2.1283863858943928,3.6406431496927194,7.791759211998942,0.2989804071789882
48,372.0,420.0,3.050636540666577,2.033757693777718,3.0568269855587946,6.784943298260834,0.3048628580293766
48,378.0,414.0,3.180962388877678,2.1206415925851188,3.232712457177244,6.569167050652424,0.310160425904951
48,384.0,408.0,3.1806041454297747,2.12040276361985,3.0567423832747864,6.389452609941675,0.31791507077143905
48,390.0,402.0,3.165071693140498,2.1100477954269987,2.922998023022001,6.67615365228693,0.3226627881378214
48,396.0,396.0,3.2306288501822755,2.153752566788184,3.089694543908421,7.263654159548608,0.3303458422678292
48,402.0,390.0,3.3301510127352087,2.220100675156806,3.0876203595930214,6.275495764706978,0.3379315209149599
48,408.0,384.0,3.173112666989713,2.1154084446598085,2.902210137826124,7.3717549606277855,0.34152470926191736
48,414.0,378.0,3.2197498860090463,2.1464999240060307,3.5154664594592364,6.903070742579436,0.34718888700256517
48,420.0,372.0,3.2552177516978955,2.170145167798597,2.727193312383917,7.179829310415453,0.35563597736476776
48,426.0,366.0,3.2214527423002326,2.1476351615334885,3.237367476926593,6.275670750903862,0.36472601334911153
48,432.0,360.0,3.1076982851223693,2.0717988567482464,3.352077965649354,6.46256467869221,0.37344832560355895
48,438.0,354.0,3.2621169537150565,2.1747446358100375,2.839971236977412,6.1503727565405395,0.3789748945132247
48,444.0,348.0,3.29657844121245,2.1977189608083,2.9513895954372766,5.88526607961639,0.3844358457986889
48,450.0,342.0,3.4075065100517183,2.2716710067011454,2.9756623951525616,6.30127476159294,0.3889480406683553
48,456.0,336.0,3.304137702558712,2.202758468372475,3.3397224323047254,6.49411329956198,0.3947222751939409
48,462.0,330.0,3.2627510583105246,2.1751673722070164,3.01035137684501,6.776169877672745,0.3993862294966649
48,468.0,324.0,3.480579270659373,2.320386180439582,2.9307507433990145,6.621621216160824,0.405875127002557
48,474.0,318.0,3.519183549146235,2.34612236609749,2.513848494419811,6.32316676129218,0.41082847827718244
48,480.0,312.0,3.340623538610041,2.2270823590733606,2.9140861840238337,6.22433546578482,0.4176318769071284
48,486.0,306.0,3.316804149914685,2.21120276660979,3.246202553392426,7.362810305408212,0.42179740302722
48,492.0,300.0,3.402918192314962,2.2686121282099747,2.553386987347294,5.576746423275448,0.426130806448148
48,498.0,294.0,3.3205544086976038,2.213702939131736,2.640948745705837,6.707177249676095,0.4315360680761004
48,504.0,288.0,3.3069836386057974,2.2046557590705316,2.65282092884486,5.446464648943991,0.4365995101096501
48,510.0,282.0,3.423262588625417,2.2821750590836114,2.5590440928665505,6.0948360928458305,0.4420487154382397
48,516.0,276.0,3.437233933052001,2.291489288701334,2.643202776826851,6.258363174312783,0.4468033089188857
48,522.0,270.0,3.489269532761019,2.326179688507346,2.8086787791829804,6.5813222280708965,0.4544939010496311
48,528.0,264.0,3.5207668440021225,2.347177896001415,2.2853686315886295,6.2513479883500995,0.46015522871691
48,534.0,258.0,3.5471503809603733,2.364766920640249,2.335184851927484,5.760550651861309,0.46847498777077207
48,540.0,252.0,3.613499998359461,2.408999998906307,2.462877267612921,6.668286579026797,0.4758661952657956
48,546.0,246.0,3.4621520763709004,2.308101384247267,2.58337351869739,5.667065744481658,0.483990784253608
48,552.0,240.0,3.386077652077636,2.2573851013850907,2.6214001467417787,6.163931632017983,0.488650695981382
48,558.0,234.0,3.450702145234723,2.3004680968231486,2.388556589684615,5.96072399765544,0.4928546314877513
48,564.0,228.0,3.4794387272602245,2.319625818173483,2.34142877347316,5.659926806104815,0.4988094851833729
48,570.0,222.0,3.4902308063174843,2.3268205375449895,2.339762461056985,5.452331710150991,0.506466761618328
48,576.0,216.0,3.8510814929897417,2.5673876619931613,2.4354824606455923,5.54618511630076,0.5168661827305154
48,582.0,210.0,3.5367551926739638,2.357836795115976,2.826220535602391,5.286668228078122,0.5200645260457583
48,588.0,204.0,3.719296217040118,2.4795308113600787,2.7147258941190215,5.263915164354227,0.5286387492726264
48,594.0,198.0,3.5801526324949626,2.3867684216633083,2.504954294273135,5.443799541500504,0.5339903423390763
48,600.0,192.0,3.553519322838642,2.369012881892428,2.179786841995156,4.947716714379784,0.541089057710582
48,606.0,186.0,3.773019920182293,2.515346613454862,2.2416850098263796,5.892439512166861,0.5459296666366696
48,612.0,180.0,3.6324461793107616,2.4216307862071744,2.530855958282757,5.270974666130248,0.5572231157088021
48,618.0,174.0,3.700522221008481,2.4670148140056543,2.43052538138628,4.7308833469434655,0.5661986107040364
48,624.0,168.0,3.7264568002154923,2.484304533476995,2.3457435235301203,4.548069957272182,0.5724836226520942
48,630.0,162.0,3.6076616250978466,2.405107750065231,2.051408326421918,5.06550060281084,0.5792072865823024
48,636.0,156.0,3.7053268249165763,2.4702178832777175,2.460292707259624,5.679384119407411,0.5906368383754786
48,642.0,150.0,3.7373441151902553,2.4915627434601704,2.193851452717496,4.918575518109494,0.5956330748577472
48,648.0,144.0,3.838628517794486,2.5590856785296574,2.546247236767325,4.111190872362624,0.6027483364774284
48,654.0,138.0,3.915000362013889,2.610000241342593,2.2543428787674187,4.6679949231194735,0.6101164597143605
48,660.0,132.0,3.8133554424211917,2.542236961614128,2.140601046432079,4.080424661572396,0.6154661563739567
48,666.0,126.0,3.7829811495821932,2.5219874330547953,2.458718240729267,3.9004047686471863,0.6248636539267799
48,672.0,120.0,4.0171758475122425,2.6781172316748285,2.3920344020877486,3.732255301005601,0.6357456929083668
48,678.0,114.0,3.865196656486867,2.5767977709912446,2.063699832210089,4.495884101769587,0.6434552808878116
48,684.0,108.0,3.9384082990503217,2.6256055327002144,2.275012063426729,4.167995158169193,0.6480043073221168
48,690.0,102.0,3.839209714424507,2.5594731429496713,1.8758062440099381,3.583670566745051,0.6564065602488106
48,696.0,96.0,3.8410821617481616,2.560721441165441,2.361639694901231,3.6005040044296006,0.6610312925763907
48,702.0,90.0,3.9314753959957462,2.6209835973304973,2.1366171489936607,4.506498767115605,0.6676944452421544
48,708.0,84.0,4.073719685587971,2.715813123725314,1.878718552419932,4.602315999327345,0.6784934030837484
48,714.0,78.0,3.956267311048495,2.6375115406989966,2.326129491167857,3.965568344155311,0.6865399452313861
48,720.0,72.0,3.9837730862441725,2.6558487241627815,1.9622516368418537,4.219130557216541,0.6962178456572193
48,726.0,66.0,3.856849515474192,2.5712330103161283,1.8861247175651694,4.247775014224182,0.7059606921723623
48,732.0,60.0,4.017350067530822,2.6782333783538816,1.902071419267654,3.9329264237668884,0.713297587553505
48,738.0,54.0,4.103879168437016,2.7359194456246776,1.9194775553629513,4.923481939016102,0.7186256140171677
48,744.0,48.0,4.022654581237773,2.681769720825182,1.918079957243647,3.4784290196018453,0.7273492336037664
48,750.0,42.0,4.0313709280283145,2.687580618685543,2.078385983184272,4.283038683138308,0.7381243327505472
48,756.0,36.0,4.160339030032551,2.7735593533550342,1.7644180458408263,3.684850880876069,0.7479070079341238
48,762.0,30.0,4.298737748730984,2.865825165820656,2.009977062391095,4.4103246871120625,0.7566931968230327
48,768.0,24.0,4.267803943636875,2.84520262909125,2.0233415010982685,4.504849682464853,0.7675394916587214
48,774.0,18.0,4.221244371360206,2.8141629142401374,1.7864082305004676,3.593654317651823,0.778173709992059
48,780.0,12.0,4.19767740081609,2.7984516005440603,1.8358706652599044,3.0,0.7845946102674219
48,786.0,6.0,4.24409529940804,2.829396866272027,1.8280351906498122,3.647533021365441,0.7951924816831137
48,792.0,0.0,4.138497825594461,2.7589985503963077,1.7965166157410197,3.0,0.8071924659118235
49,0.0,1044.0,2.792035272305696,1.8613568482037974,1.4437336732627026,3.7442298960894744,0.003042093259465688
49,6.0,1038.0,2.8220834164240585,1.8813889442827056,2.1240572583516393,3.0,0.006474078406321899
49,12.0,1032.0,2.7941349158654463,1.8627566105769642,2.023196269296961,3.780391602421212,0.012001769753713643
49,18.0,1026.0,2.8074485821496604,1.8716323880997736,1.954362056453181,3.690230779360229,0.015386521204363296
49,24.0,1020.0,2.839139635402371,1.892759756934914,2.171884512524576,3.3707439939753776,0.018306674081942493
49,30.0,1014.0,2.6440367109921223,1.762691140661415,1.869228307022105,4.393367626185607,0.02213830025786085
49,36.0,1008.0,2.7655053561681076,1.843670237445405,1.8416207567197669,4.65513229549706,0.02570735685196072
49,42.0,1002.0,2.853750232291079,1.9025001548607194,2.0298657178302197,4.769923583791975,0.02794676164220796
49,48.0,996.0,2.94902826801254,1.9660188453416934,2.3524320857194954,4.102671407972233,0.02990996086083339
49,54.0,990.0,3.008877186409341,2.005918124272894,2.100065604916802,5.0392810368787275,0.032475872152100155
49,60.0,984.0,2.789874986302902,1.8599166575352681,2.1561816511914724,5.492108003507131,0.035523400953691116
49,66.0,978.0,2.551548478000785,1.70103231866719,2.275073211106848,4.977134046110445,0.03660391797512992
49,72.0,972.0,2.9786114035468074,1.9857409356978717,2.192854235268203,5.233107166081852,0.0398326791662949
49,78.0,966.0,2.851661384239715,1.9011075894931435,2.2331624663208234,6.040959171436404,0.04248275214796171
49,84.0,960.0,2.8173864347032773,1.8782576231355181,2.3386221016070206,4.81867337833609,0.04516545749043606
49,90.0,954.0,2.9629522039625025,1.975301469308335,2.5638595504579964,5.770178593735175,0.050269074785658285
49,96.0,948.0,2.885351841732049,1.9235678944880326,2.3602148924223587,5.578454670541504,0.05337907667739299
49,102.0,942.0,2.73212629332592,1.8214175288839467,2.2612904183241906,5.034974497188191,0.055457308573989256
49,108.0,936.0,2.7211820677930465,1.8141213785286976,2.9478899190554633,5.553339793368041,0.05903934180466431
49,114.0,930.0,2.8754481990564082,1.9169654660376054,2.244709568429899,5.952564803756542,0.06342500959590783
49,120.0,924.0,3.0252815925499568,2.0168543950333047,2.651719185160813,5.9747146064070185,0.06591834286386675
49,126.0,918.0,2.8626320565156433,1.908421371010429,2.2019572760196167,5.58132770007218,0.07097033556782646
49,132.0,912.0,2.7779108279982907,1.8519405519988605,2.762526586560587,5.689589992472955,0.07571032441868865
49,138.0,906.0,2.7120624948775562,1.8080416632517042,3.010789884695301,6.106769565256576,0.07867921963485194
49,144.0,900.0,2.776142727633081,1.850761818422054,2.751640427096439,6.468707684621899,0.08170496784750773
49,150.0,894.0,2.828892056031596,1.8859280373543974,3.3124531821952172,5.901109910905444,0.08689836135855483
49,156.0,888.0,2.6396933261370297,1.7597955507580199,2.7428107969231057,5.825343489380028,0.0892225945564015
49,162.0,882.0,2.865030762699598,1.9100205084663988,2.9315340346501313,7.0053017280452945,0.09094397307187796
49,168.0,876.0,2.9213418470214263,1.9475612313476176,2.9860867873179746,5.910599990806985,0.09471702784289955
49,174.0,870.0,3.0038081263016267,2.002538750867751,2.9077568294796894,7.132979350573293,0.09881382891483338
49,180.0,864.0,2.818089949388688,1.8787266329257921,2.959261447834499,7.627479399907124,0.1028573370050098
49,186.0,858.0,2.8529076001670144,1.9019384001113429,3.104792798292594,6.479112170298075,0.1067372826785709
49,192.0,852.0,2.75529108434818,1.8368607228987868,2.9339203983760878,6.662694125137797,0.1110014090439753
49,198.0,846.0,2.9781743941028727,1.9854495960685818,3.049473107504079,7.196952741502098,0.11504539387273022
49,204.0,840.0,2.8948723445208513,1.9299148963472341,3.026394869830345,7.907069434413735,0.11694394175341663
49,210.0,834.0,2.744303854467643,1.8295359029784286,2.8618412903889365,6.94472221410753,0.120664026818904
49,216.0,828.0,2.8763811067475804,1.917587404498387,3.2035386715390946,6.9460305929182935,0.126125632068117
49,222.0,822.0,2.8603858277126353,1.906923885141757,2.773503443512249,7.137130938707018,0.12855449922696122
49,228.0,816.0,2.766216597863001,1.8441443985753339,3.2323705734306234,7.42422487158041,0.13013203983803892
49,234.0,810.0,2.823275553052031,1.8821837020346874,3.2514573114752974,7.38909656495186,0.1337390711670627
49,240.0,804.0,2.9094364575934586,1.9396243050623057,3.4233506998691263,6.800860688974368,0.13690282001275791
49,246.0,798.0,2.7716939643078855,1.847795976205257,3.1985534413115513,7.175790717449181,0.13972035583802297
49,252.0,792.0,2.6969342264660927,1.7979561509773951,3.4763114153955517,8.340900683622836,0.14356439329506823
49,258.0,786.0,2.8313865652621746,1.8875910435081165,3.0391253348683476,7.269812495908399,0.14811534874887233
49,264.0,780.0,3.0480646455507925,2.0320430970338617,3.1192578665448627,6.980448980771308,0.15147942719359933
49,270.0,774.0,2.914276843975594,1.9428512293170626,3.2753540998614525,7.26301909203904,0.15500479946309204
49,276.0,768.0,2.725415092186756,1.8169433947911706,3.0883705000916755,7.024411335736537,0.1577320971590493
49,282.0,762.0,2.7639243416474826,1.8426162277649885,3.1097934890307406,8.175903354553434,0.1614314668522171
49,288.0,756.0,2.9063532633978193,1.9375688422652129,3.2909348304412944,7.052309739598581,0.16514534240186265
49,294.0,750.0,2.9340937744794493,1.9560625163196328,3.2063979591670555,7.295649305418735,0.16844746448937858
49,300.0,744.0,2.8747551461130496,1.916503430742033,3.529376981851949,7.128670830974545,0.1715845854830309
49,306.0,738.0,3.159581644074629,2.106387762716419,3.1138486679345236,7.226029344791916,0.1753350657038558
49,312.0,732.0,2.836836833903135,1.8912245559354233,3.2201022364445664,6.891760615515105,0.17769077865337793
49,318.0,726.0,3.1425408648964375,2.095027243264292,3.2888383740678573,8.101051646962604,0.1799516552322063
49,324.0,720.0,2.8847157479658727,1.9231438319772485,3.3351406782226123,7.42075680823492,0.1823385773481899
49,330.0,714.0,2.8328825849937793,1.8885883899958529,3.3710050288710307,8.050392402593069,0.18591667745719637
49,336.0,708.0,2.8320214221357967,1.8880142814238645,3.3946218044021643,7.797738981682284,0.18918665778869798
49,342.0,702.0,2.8151234011764363,1.8767489341176242,3.449018181928353,7.11552623894879,0.19301903727848135
49,348.0,696.0,3.078598003817658,2.052398669211772,3.3777244625524157,7.835530142101941,0.19809894617686197
49,354.0,690.0,3.0429560050669613,2.0286373367113075,3.4623112257647928,7.373452558344718,0.2032336680172268
49,360.0,684.0,2.807236093788741,1.8714907291924938,3.1650813243178235,7.296507295102137,0.20451715239815718
49,366.0,678.0,3.0162511429592533,2.0108340953061687,2.9611637215342794,7.3823234003045295,0.2094607463392535
49,372.0,672.0,2.905759359323319,1.9371729062155458,3.5535784439882487,7.719949944673652,0.21378764916114035
49,378.0,666.0,2.888428833607842,1.925619222405228,3.309290147271381,8.095880865263178,0.21834297262126162
49,384.0,660.0,2.9414567818073496,1.9609711878715663,3.4572204359538796,7.3594587065388595,0.2221096320976348
49,390.0,654.0,3.0380675534482444,2.0253783689654963,3.2820423669364622,7.64231302369289,0.22631701556854095
49,396.0,648.0,2.910408017267738,1.9402720115118253,3.9399644604474737,7.922326986611617,0.22882048734571392
49,402.0,642.0,3.170941082066827,2.1139607213778846,3.3655639519976788,7.465373720412374,0.23176895601945394
49,408.0,636.0,2.9921852590483655,1.9947901726989103,3.2886740597875153,7.484728510750209,0.2358142698650999
49,414.0,630.0,3.125361576355482,2.083574384236988,3.3320506848044715,7.47976451010552,0.24091511822483128
49,420.0,624.0,2.876907494219003,1.9179383294793355,3.224429574368724,7.698307013339424,0.24400465351383965
49,426.0,618.0,3.0982025697436195,2.06546837982908,3.1760670281421755,7.594210436295771,0.2471771967658128
49,432.0,612.0,2.791188246023169,1.860792164015446,3.336062684426375,7.256254693368658,0.24885338645403346
49,438.0,606.0,3.105501693568976,2.0703344623793174,3.7518395606108053,7.792249068867226,0.2527769576900166
49,444.0,600.0,3.0318868927916527,2.0212579285277683,3.17872049551132,7.548806347421569,0.25759977858703625
49,450.0,594.0,3.0825653974470413,2.0550435982980275,3.0342540165944465,7.341561914655798,0.26172382150404294
49,456.0,588.0,3.026872376929805,2.0179149179532034,3.4151795078688543,7.485845969871554,0.26384567311403795
49,462.0,582.0,3.140441486693628,2.093627657795752,2.9913993912843266,7.338971033328398,0.267837705756174
49,468.0,576.0,3.387371278298033,2.2582475188653555,3.1790650849583293,7.4269703430312175,0.2744285769790918
49,474.0,570.0,3.157773865543787,2.105182577029191,2.9400455706805477,7.337090578468607,0.2785552664295217
49,480.0,564.0,2.992069910021917,1.9947132733479445,3.2652299750876,6.6224606633760565,0.2818893236099115
49,486.0,558.0,3.1288236691207536,2.0858824460805026,3.0512712278619696,7.527179374865232,0.28464451519348305
49,492.0,552.0,2.98483339669222,1.9898889311281467,3.0518894711152353,6.59783050668909,0.2868243650574468
49,498.0,546.0,3.15054815385203,2.1003654359013533,3.00752463021245,7.127982689639289,0.291372859467514
49,504.0,540.0,3.2653078285341017,2.176871885689401,3.149766801485893,6.006767583929114,0.2960606663301003
49,510.0,534.0,3.095568677157967,2.063712451438645,3.246195351664784,6.826693682335017,0.29890578854711936
49,516.0,528.0,3.0454714438447823,2.0303142958965217,2.918960668793809,6.426889036409062,0.30273493445650984
49,522.0,522.0,2.979826137547038,1.986550758364692,3.4328008191024955,7.2809228261002525,0.3061267643753714
49,528.0,516.0,3.0622241668413746,2.0414827778942497,3.346342698065513,6.253105832746197,0.30972267205321113
49,534.0,510.0,3.18991522063148,2.126610147087653,2.9717402446849244,7.932020099788615,0.31251330340072575
49,540.0,504.0,3.1073386367865825,2.071559091191055,3.122368302960306,6.839872517406873,0.3156520791179547
49,546.0,498.0,3.1416677034484377,2.094445135632292,3.0039737164499147,6.3602459485986,0.3204217943192805
49,552.0,492.0,2.990129343447865,1.9934195622985766,2.8693876125588775,6.32187158223614,0.3231498132928267
49,558.0,486.0,3.2396054725213346,2.1597369816808896,3.3607937071570912,6.295294811519353,0.3268025392239885
49,564.0,480.0,3.2323294087151324,2.154886272476755,2.979748592611115,7.422746661167577,0.33242007791054157
49,570.0,474.0,3.0255266417421742,2.0170177611614495,2.823908381657931,6.439175877483987,0.33754679495773054
49,576.0,468.0,2.9311283026434447,1.9540855350956299,2.9707827712432757,6.056246625397827,0.34177430108086676
49,582.0,462.0,2.986472447471223,1.9909816316474822,3.034107764407228,6.509249279598461,0.3468790965792162
49,588.0,456.0,3.2319377711102724,2.1546251807401817,3.1433790686990557,6.6869312146393565,0.35194441081325883
49,594.0,450.0,3.2472456670218275,2.1648304446812183,3.3256149652832816,7.0400496988936885,0.35691479911429785
49,600.0,444.0,3.2576820008794676,2.1717880005863117,2.731598962943244,6.566790971584181,0.36096093840193355
49,606.0,438.0,3.220923815093242,2.147282543395495,3.2436551466508217,6.6221527474559965,0.3646132743457738
49,612.0,432.0,3.229727633355917,2.1531517555706112,3.1511603415085996,6.097552534435906,0.36944684019972884
49,618.0,426.0,3.07824547400249,2.0521636493349935,2.8945226028151767,6.445562672069408,0.3722828067201421
49,624.0,420.0,3.208888083222973,2.1392587221486488,3.1934196277732787,7.5152429792037285,0.37679631378780454
49,630.0,414.0,3.357983135199571,2.2386554234663807,2.9876644450182153,6.1549731034676185,0.38319549298616384
49,636.0,408.0,3.3288393426470004,2.2192262284313338,3.059560525626577,6.632463383684463,0.38929381416857256
49,642.0,402.0,3.238776945985917,2.1591846306572777,2.6489196276175884,6.57984648396668,0.3942789930586065
49,648.0,396.0,3.32614028824776,2.21742685883184,2.9001481303648005,6.077032343947123,0.39946604815927794
49,654.0,390.0,3.176401685976162,2.117601123984108,2.6162760822336852,6.6481367283847055,0.40405777759083805
49,660.0,384.0,3.290222511423966,2.1934816742826437,2.8582471885160614,6.744010958933039,0.4071583288338331
49,666.0,378.0,3.491991464271531,2.327994309514354,3.167806731657021,5.303107702846795,0.41282404160610603
49,672.0,372.0,3.3449172067761195,2.229944804517413,2.9281312610223833,6.3929207806002175,0.41762917145564565
49,678.0,366.0,3.3612175275656333,2.2408116850437554,2.8937374980741994,6.002740410051115,0.42473320850011487
49,684.0,360.0,3.417748576751065,2.2784990511673766,2.7012364688057686,7.339078728327772,0.429532846591353
49,690.0,354.0,3.261412619710581,2.174275079807054,2.773508968944779,5.645329880099649,0.43480766084088135
49,696.0,348.0,3.1729002209993955,2.115266813999597,2.820585834865405,6.689739121265623,0.4393142247947639
49,702.0,342.0,3.3323861206882857,2.2215907471255236,2.7410567382467126,5.588038251799183,0.44306534627703137
49,708.0,336.0,3.3570057801463604,2.238003853430907,2.7628497798062304,6.275825952456923,0.45105326190245815
49,714.0,330.0,3.4514258532433693,2.3009505688289127,2.614976808460502,5.826346750511076,0.4569637270228653
49,720.0,324.0,3.6539021114306385,2.435934740953759,2.6282980873778636,5.3611172385345585,0.46268946907253106
49,726.0,318.0,3.493472518018332,2.328981678678888,3.018780608029138,5.921173494655883,0.467362597243845
49,732.0,312.0,3.303449547333247,2.2022996982221645,2.558878444242609,6.130267696263723,0.4731662779109884
49,738.0,306.0,3.4147933600081735,2.2765289066721155,2.481069989538988,6.068709585657534,0.478280267475723
49,744.0,300.0,3.3776510251659557,2.251767350110637,2.4884645404809014,5.47739490236975,0.48473407691313597
49,750.0,294.0,3.3691228064065757,2.2460818709377173,2.9499204285536287,5.597823298144363,0.4877198409447915
49,756.0,288.0,3.6641989924768628,2.4427993283179084,2.5066458372947342,5.841589246851684,0.49294687852528657
49,762.0,282.0,3.499601487740357,2.3330676584935715,2.5025032702381678,5.2495659075620456,0.4971133817585451
49,768.0,276.0,3.732369151022968,2.488246100681979,2.787774959212979,5.063169888769708,0.5043128431408183
49,774.0,270.0,3.4928938202067465,2.328595880137831,1.9947175481619956,4.329317378842806,0.5117633372677584
49,780.0,264.0,3.622615755037381,2.415077170024921,2.42688609140373,6.099011770236997,0.516620468274034
49,786.0,258.0,3.5185257011461872,2.345683800764125,2.5916049329263595,5.902884868898149,0.5230562922869056
49,792.0,252.0,3.4242496796614925,2.2828331197743283,2.1996391737773378,5.426766236329716,0.5297231623808044
49,798.0,246.0,3.951862806162737,2.6345752041084913,2.3269437350549596,5.664874914170926,0.5360264530474523
49,804.0,240.0,3.69714590680263,2.4647639378684203,2.6287940740704863,3.640617130778976,0.5420903325507873
49,810.0,234.0,3.6287881022530932,2.4191920681687287,2.617413005979944,4.967116652317074,0.5471404033037625
49,816.0,228.0,3.5186345586274603,2.345756372418307,2.6518583817237955,5.32345213229185,0.5505228454501601
49,822.0,222.0,3.588040910994537,2.392027273996358,2.4119790150930758,4.140089955785436,0.5570046907442755
49,828.0,216.0,3.5899025966396843,2.3932683977597895,2.325069020147619,4.109599442360206,0.5631928884400361
49,834.0,210.0,3.6797496033893284,2.4531664022595523,2.500442770158924,5.50887306412214,0.5678741182269983
49,840.0,204.0,3.6150320479953177,2.410021365330212,2.490358199415969,6.093372270977519,0.5732577308076292
49,846.0,198.0,3.6112416823575604,2.40749445490504,2.0060582820075847,5.631858492391414,0.5768935350780813
49,852.0,192.0,3.7523432977161915,2.501562198477461,2.632468680605532,3.9745297883478616,0.5819827782028535
49,858.0,186.0,3.7587538644457323,2.505835909630488,2.1610587285624625,5.022071053798849,0.590836865290252
49,864.0,180.0,3.866393196603051,2.5775954644020342,2.075691680104832,3.8254992619738495,0.5950722622197502
49,870.0,174.0,4.002030440825252,2.6680202938835014,2.6625506445687446,4.658330235208427,0.6036736295545084
49,876.0,168.0,3.831656004207788,2.5544373361385255,1.9922236842369463,5.203147470495807,0.6078789572830536
49,882.0,162.0,4.0038910562806205,2.66926070418708,2.3253309151400696,4.531192872422713,0.6143412348624138
49,888.0,156.0,3.7113677356515766,2.474245157101051,2.1868278773042364,5.172432589893189,0.6217125834687504
49,894.0,150.0,3.9119078985422155,2.607938599028144,2.164257319496185,4.331962145791227,0.628901211488255
49,900.0,144.0,3.9102672563523857,2.606844837568257,1.8292319734732465,4.6602935477617065,0.6357085027368357
49,906.0,138.0,3.928396942122153,2.618931294748102,2.1244701471106384,5.340159933895938,0.6424172525751098
49,912.0,132.0,4.011062506045716,2.6740416706971444,2.5263768699999605,5.359988599710631,0.650274905906499
49,918.0,126.0,4.05298600405377,2.7019906693691804,2.2320416172533815,4.638727883675778,0.6588732160043769
49,924.0,120.0,3.868465443455376,2.578976962303584,2.182127768640028,4.833666337760236,0.6644788817609842
49,930.0,114.0,3.8857367637827362,2.5904911758551576,2.0749151447832914,4.677373796690046,0.6708120131704051
49,936.0,108.0,4.06993435695667,2.713289571304447,1.6107890296231306,4.941845222844359,0.6790717716164633
49,942.0,102.0,4.015135646134093,2.6767570974227284,2.09512365597236,3.6544576531388593,0.6858221795512032
49,948.0,96.0,4.118357065840007,2.745571377226671,2.1715418579215227,4.25105927707075,0.6914696642421319
49,954.0,90.0,3.986642017287065,2.6577613448580433,1.7691528874822406,3.81875937096413,0.696523082652566
49,960.0,84.0,4.206407387471134,2.8042715916474226,1.883511401321825,4.651469104262649,0.7033459457863124
49,966.0,78.0,4.016465232382173,2.677643488254782,2.35930153721075,4.874067909745584,0.7094856936478557
49,972.0,72.0,4.129888224919182,2.7532588166127883,1.9855487213755973,4.4774003744949065,0.7168473638261618
49,978.0,66.0,4.067080055462664,2.7113867036417756,2.206704896651594,3.431775744786498,0.720925495687305
49,984.0,60.0,4.159642588219519,2.7730950588130128,2.167777043510118,4.971985921812109,0.7289327426548798
49,990.0,54.0,4.034742593253926,2.689828395502617,1.641952331527827,4.103388964110446,0.7357177920926504
49,996.0,48.0,4.141164285921501,2.7607761906143344,2.0746022804177944,4.07029704838433,0.7409894941200839
49,1002.0,42.0,4.335701929115915,2.8904679527439434,1.9000056676466162,3.6321618689099977,0.7483467424189726
49,1008.0,36.0,4.065434700995422,2.710289800663615,1.680225593618784,4.7783915078527155,0.756088418103725
49,1014.0,30.0,4.176261101075923,2.784174067383949,1.8493683480133531,3.8682646774061147,0.7611311837858596
49,1020.0,24.0,4.196483616980857,2.797655744653905,1.8773656842040904,3.733266941287262,0.7664457788293851
49,1026.0,18.0,4.337130736325414,2.8914204908836094,1.967101397486753,4.7188528794829985,0.7770999843680529
49,1032.0,12.0,4.254666055393256,2.836444036928837,1.3651689154308353,4.38869449098434,0.7854741985405042
49,1038.0,6.0,4.221474105577571,2.8143160703850474,2.007649006841711,4.006376171426608,0.7939316881570497
49,1044.0,0.0,4.124889788767133,2.749926525844755,1.9578012835609535,3.681614958999579,0.8017442197840358
